architecture_type,deployment_type,communication_type,num_databases,num_services,request_per_second,avg_payload,memory_utilization_percent,cpu_utilization_percent,network_latency_ms,avg_latency_ms
microservices,on_prem,sync,4,44,26.772,10.725,99.432,97.257,14.83,1224.574
microservices,on_prem,sync,4,45,97.273,22.252,98.765,82.251,19.061,613.393
microservices,on_prem,sync,4,43,80.525,23.166,83.249,96.205,24.919,724.16
hybrid,on_prem,sync,1,53,118.324,12.056,82.522,97.209,2.074,114.623
microservices,on_prem,sync,1,57,31.564,12.182,83.658,94.793,12.956,660.858
hybrid,on_prem,sync,4,41,124.47,20.117,87.931,81.22,5.008,47.155
microservices,on_prem,sync,4,44,86.312,13.367,83.685,83.682,1.785,1063.005
microservices,on_prem,sync,1,41,20.993,6.377,85.533,81.611,17.209,1311.556
microservices,on_prem,sync,1,45,19.093,15.903,86.935,99.014,20.745,1156.745
microservices,on_prem,sync,4,46,68.292,19.97,87.119,87.312,3.179,63.534
hybrid,on_prem,sync,1,40,14.348,24.858,90.37,82.137,20.49,1306.011
microservices,on_prem,sync,4,57,52.831,18.849,85.375,89.984,15.736,1368.81
microservices,on_prem,sync,1,48,42.129,10.704,88.993,81.835,20.845,348.078
hybrid,on_prem,sync,4,42,79.53,15.676,90.405,93.825,22.295,1073.319
microservices,on_prem,sync,1,42,82.866,8.091,86.7,95.086,19.397,596.818
microservices,on_prem,sync,4,45,43.716,21.941,93.831,84.498,4.585,209.624
hybrid,on_prem,sync,1,40,26.686,2.875,82.157,91.598,12.776,153.293
microservices,on_prem,sync,1,58,120.349,16.864,85.1,92.342,14.749,658.666
microservices,on_prem,sync,4,48,78.516,10.239,97.675,95.124,24.37,287.905
microservices,on_prem,sync,4,47,92.058,9.321,98.564,85.518,23.612,156.662
microservices,on_prem,sync,4,53,68.396,13.482,93.948,95.966,12.191,294.024
hybrid,on_prem,sync,1,43,9.054,14.359,96.614,80.257,20.15,858.621
microservices,on_prem,sync,1,54,93.759,13.988,84.291,99.719,8.325,1308.646
hybrid,on_prem,sync,4,50,111.637,10.236,82.834,84.709,13.544,545.808
hybrid,on_prem,sync,1,57,85.122,17.678,82.17,87.381,22.017,99.224
microservices,on_prem,sync,1,52,38.615,2.738,81.512,97.376,22.397,276.191
microservices,on_prem,sync,4,50,96.001,20.266,97.499,94.838,8.87,1398.157
hybrid,on_prem,sync,1,56,22.207,14.964,88.848,92.695,17.8,1163.324
hybrid,on_prem,sync,4,54,13.72,4.729,88.261,82.946,14.635,228.822
microservices,on_prem,sync,1,42,109.802,4.857,88.055,88.544,9.013,1075.585
microservices,on_prem,sync,4,58,85.678,15.595,87.426,81.971,12.367,617.351
hybrid,on_prem,sync,4,53,73.187,17.942,87.067,87.917,18.171,1434.631
microservices,on_prem,sync,1,50,39.212,22.802,82.244,97.523,14.135,756.335
microservices,on_prem,sync,1,56,59.344,22.05,94.512,92.759,7.649,505.816
microservices,on_prem,sync,1,54,14.13,13.165,98.602,87.119,7.615,163.526
microservices,on_prem,sync,1,42,102.642,8.676,86.789,86.015,21.025,1314.54
microservices,on_prem,sync,4,49,109.529,9.109,89.271,97.419,20.795,1054.798
hybrid,on_prem,sync,1,48,19.464,17.928,94.597,80.69,22.2,691.385
hybrid,on_prem,sync,4,53,54.23,23.352,85.7,95.252,9.086,1312.502
hybrid,on_prem,sync,4,46,17.509,12.321,83.026,81.11,24.189,301.705
hybrid,on_prem,sync,4,54,124.078,23.165,86.116,83.959,11.411,58.963
hybrid,on_prem,sync,1,44,116.85,11.098,94.558,96.382,1.948,1126.773
hybrid,on_prem,sync,4,46,56.428,14.153,82.659,86.313,2.341,269.779
microservices,on_prem,sync,1,49,62.046,11.684,85.054,88.508,1.553,955.682
microservices,on_prem,sync,4,43,26.625,20.892,81.619,93.711,5.413,1158.277
hybrid,on_prem,sync,4,57,112.246,10.282,92.108,82.96,20.886,572.705
microservices,on_prem,sync,1,55,49.363,11.582,98.396,96.099,20.76,869.077
microservices,on_prem,sync,4,56,30.46,12.729,98.873,83.619,22.756,855.649
serverless,on_prem,sync,3,36,1936.09,79.9997,25.0836,50.8388,331.069,41895.0
microservices,on_prem,sync,1,54,123.892,16.72,96.528,94.224,13.778,98.16
hybrid,on_prem,sync,1,51,117.629,10.306,98.161,85.689,8.62,120.029
microservices,on_prem,sync,1,55,34.062,21.86,92.732,99.558,15.363,1502.47
microservices,on_prem,sync,1,44,32.689,11.86,99.12,83.451,14.698,458.97
hybrid,on_prem,sync,1,59,73.054,8.56,87.591,96.095,15.1,374.819
microservices,on_prem,sync,1,40,33.047,21.362,80.067,80.402,17.09,536.212
microservices,on_prem,sync,4,43,109.294,13.087,94.375,86.459,2.796,759.277
microservices,on_prem,sync,1,56,39.845,20.529,95.91,81.011,1.05,671.056
hybrid,on_prem,sync,1,48,60.918,16.532,95.084,83.948,7.779,675.024
hybrid,on_prem,sync,4,47,85.29,8.383,90.501,91.873,17.243,675.697
hybrid,on_prem,sync,4,48,56.147,6.334,82.904,96.877,16.437,77.642
hybrid,on_prem,sync,4,45,81.486,23.485,81.451,82.72,24.839,984.041
hybrid,on_prem,sync,4,57,29.102,20.918,97.368,80.771,15.107,819.446
microservices,on_prem,sync,1,58,26.574,14.426,83.757,93.112,15.266,1445.212
hybrid,on_prem,sync,4,41,90.192,10.463,88.367,82.916,21.909,194.966
microservices,on_prem,sync,4,57,18.801,12.633,81.002,81.208,7.555,998.502
microservices,on_prem,sync,4,46,71.804,2.504,90.38,98.204,22.66,1148.161
hybrid,on_prem,sync,4,46,120.409,24.922,85.4,93.68,14.524,241.937
hybrid,on_prem,sync,4,47,111.031,8.746,92.775,93.517,22.375,1306.841
hybrid,on_prem,sync,1,50,124.795,13.403,87.699,96.51,2.796,230.763
hybrid,on_prem,sync,1,56,73.811,13.125,94.27,97.669,4.935,714.046
hybrid,on_prem,sync,4,53,20.939,13.628,87.569,98.854,3.978,790.457
hybrid,on_prem,sync,4,45,112.343,24.573,84.798,83.826,6.82,103.282
microservices,on_prem,sync,1,41,115.481,8.126,90.484,84.359,18.552,829.63
microservices,on_prem,sync,1,42,14.024,24.262,85.511,96.757,17.147,1366.678
microservices,on_prem,sync,1,41,18.209,19.464,93.73,83.878,3.44,1284.804
microservices,on_prem,sync,4,43,113.157,9.29,86.786,97.212,4.386,897.614
microservices,on_prem,sync,4,47,40.269,14.793,82.998,94.734,17.788,873.332
hybrid,on_prem,sync,4,59,102.208,3.643,95.172,90.836,21.499,540.272
hybrid,on_prem,sync,4,48,54.498,15.539,97.404,86.495,24.787,1247.157
hybrid,on_prem,sync,1,54,76.931,24.295,97.581,82.669,11.992,397.739
microservices,on_prem,sync,4,51,6.796,24.005,94.006,91.944,1.663,1521.533
hybrid,on_prem,sync,1,44,10.672,14.538,83.836,91.92,21.592,297.025
microservices,on_prem,sync,4,47,16.204,19.823,87.999,80.425,13.502,1010.732
hybrid,on_prem,sync,1,40,23.349,6.097,83.721,99.525,15.953,1475.223
hybrid,on_prem,sync,4,45,89.812,21.174,93.256,81.691,15.598,1423.266
hybrid,on_prem,sync,4,59,101.046,13.668,82.594,81.978,22.04,1181.146
hybrid,on_prem,sync,4,50,14.769,5.486,81.867,87.999,13.737,292.717
hybrid,on_prem,sync,4,44,67.396,16.502,96.896,97.803,7.756,624.414
hybrid,on_prem,sync,1,57,25.781,22.803,81.383,92.963,23.72,888.735
microservices,on_prem,sync,1,54,94.105,13.698,95.477,84.343,14.864,1203.924
microservices,on_prem,sync,4,50,67.11,7.77,92.156,89.037,9.05,616.943
microservices,on_prem,sync,1,46,123.63,20.415,91.301,84.35,3.543,1169.243
microservices,on_prem,sync,1,47,121.514,5.432,86.313,95.0,6.759,916.229
microservices,on_prem,sync,1,51,29.503,11.701,96.861,82.489,3.708,420.194
hybrid,on_prem,sync,1,49,112.747,5.251,89.759,91.805,13.803,445.974
hybrid,on_prem,sync,1,56,37.052,22.749,81.458,81.054,9.081,587.688
microservices,on_prem,sync,4,50,116.628,8.276,94.025,85.097,0.844,629.126
microservices,on_prem,sync,4,42,118.185,10.497,92.484,82.975,21.319,1073.962
microservices,on_prem,sync,4,59,113.049,24.37,88.866,99.898,16.059,1342.489
hybrid,on_prem,sync,1,58,27.961,16.793,95.78,99.214,5.532,1160.613
microservices,on_prem,sync,4,46,15.26,13.295,84.285,88.868,17.129,454.184
microservices,on_prem,sync,1,40,54.088,4.983,97.665,94.666,1.533,146.203
hybrid,on_prem,sync,4,46,43.111,4.276,87.677,99.356,10.891,164.563
microservices,on_prem,sync,1,46,60.63,13.985,83.959,90.503,19.316,1421.801
microservices,on_prem,sync,4,57,119.704,15.403,95.436,95.795,8.625,862.518
hybrid,on_prem,sync,1,50,21.634,24.774,81.69,84.7,20.337,1297.834
hybrid,on_prem,sync,1,44,50.025,24.121,97.943,84.46,24.831,1523.322
hybrid,on_prem,sync,4,42,16.862,18.187,93.427,98.476,3.867,651.648
hybrid,on_prem,sync,4,59,74.278,14.08,87.279,82.707,11.312,254.403
hybrid,on_prem,sync,4,42,106.527,2.967,83.547,86.127,21.968,1011.392
hybrid,on_prem,sync,1,50,88.46,20.525,80.854,88.55,23.146,1258.361
microservices,on_prem,sync,4,54,41.07,7.938,86.577,81.478,3.656,815.475
hybrid,on_prem,sync,1,51,76.787,21.155,92.576,94.027,9.272,1012.968
hybrid,on_prem,sync,1,43,72.915,2.122,83.694,82.445,24.364,399.183
microservices,on_prem,sync,4,40,99.689,23.013,91.645,80.931,10.337,639.464
hybrid,on_prem,sync,4,45,71.336,2.979,90.322,90.004,20.4,355.897
microservices,on_prem,sync,1,50,99.848,20.303,90.241,86.792,21.4,1125.018
hybrid,on_prem,sync,4,47,82.532,5.427,94.452,90.049,11.188,1305.453
hybrid,on_prem,sync,4,47,17.373,13.819,82.718,87.59,9.95,53.816
hybrid,on_prem,sync,1,51,84.713,2.849,83.812,96.756,5.213,1455.443
hybrid,on_prem,sync,4,49,26.334,24.456,95.141,94.665,24.653,848.236
hybrid,on_prem,sync,4,40,98.133,15.579,97.671,95.931,14.484,523.18
hybrid,on_prem,sync,1,44,36.35,7.901,88.974,85.315,15.625,1162.559
microservices,on_prem,sync,4,50,83.983,8.831,84.217,85.602,22.9,1497.927
microservices,on_prem,sync,4,57,53.921,2.167,84.666,98.771,9.526,1273.762
microservices,on_prem,sync,1,47,43.174,13.094,85.742,97.006,5.682,148.15
hybrid,on_prem,sync,1,41,122.82,5.19,96.059,98.739,22.414,193.973
microservices,on_prem,sync,4,48,9.936,2.215,98.819,91.183,10.234,286.052
hybrid,on_prem,sync,1,56,25.193,22.698,99.951,98.092,14.055,1390.988
hybrid,on_prem,sync,1,41,62.974,15.278,84.423,88.758,14.072,707.694
microservices,on_prem,sync,4,45,25.135,13.35,81.06,99.778,19.1,894.166
hybrid,on_prem,sync,1,45,68.692,15.586,88.709,84.281,4.362,815.942
microservices,on_prem,sync,4,49,74.764,6.366,81.758,88.495,21.764,949.423
hybrid,on_prem,sync,4,49,71.482,9.201,93.629,99.795,8.839,1070.524
hybrid,on_prem,sync,1,43,90.05,7.797,84.68,98.656,1.021,569.156
hybrid,on_prem,sync,1,55,15.024,23.746,93.036,85.388,20.62,1371.851
microservices,on_prem,sync,1,53,14.74,2.239,88.548,98.094,13.387,1514.703
hybrid,on_prem,sync,1,59,106.358,19.654,85.161,95.763,5.676,742.495
hybrid,on_prem,sync,1,49,20.102,9.194,82.853,91.802,20.736,1379.352
hybrid,on_prem,sync,4,58,108.815,5.439,95.986,92.256,16.375,1020.55
microservices,on_prem,sync,1,53,16.949,6.696,96.104,95.956,16.321,73.381
hybrid,on_prem,sync,1,44,73.193,11.656,92.038,85.109,2.099,275.285
microservices,on_prem,sync,4,40,82.764,14.984,99.367,80.423,12.754,439.639
hybrid,on_prem,sync,4,59,87.027,11.386,83.47,90.796,2.694,1531.1
hybrid,on_prem,sync,1,47,80.594,14.182,90.744,92.327,0.844,725.773
hybrid,on_prem,sync,4,57,105.942,23.182,86.609,94.084,0.683,615.397
hybrid,on_prem,sync,4,57,14.039,18.393,85.985,94.456,7.806,173.97
microservices,on_prem,sync,4,57,67.267,2.919,96.507,81.195,24.819,609.896
microservices,on_prem,sync,1,41,93.253,12.442,99.088,84.661,19.431,1254.498
hybrid,on_prem,sync,1,42,84.413,9.534,85.581,98.334,13.287,746.558
microservices,on_prem,sync,4,54,47.208,22.28,87.86,84.873,5.25,1311.896
hybrid,on_prem,sync,1,51,82.994,10.059,91.465,99.441,0.614,1356.988
hybrid,on_prem,sync,4,47,100.218,8.459,80.713,91.976,12.666,785.386
hybrid,on_prem,sync,1,43,70.784,22.63,86.877,91.138,17.794,769.091
microservices,on_prem,sync,1,57,121.426,2.378,86.473,92.541,2.793,381.497
microservices,on_prem,sync,1,45,116.27,14.994,90.299,96.898,13.918,912.451
hybrid,on_prem,sync,1,57,29.412,4.032,81.517,87.261,0.289,959.304
hybrid,on_prem,sync,4,42,93.427,5.341,93.077,95.08,24.476,1504.423
microservices,on_prem,sync,1,44,51.851,4.736,99.532,87.235,12.44,1346.622
hybrid,on_prem,sync,4,47,6.815,11.423,94.736,90.74,12.613,888.296
hybrid,on_prem,sync,4,48,123.903,15.954,90.152,94.071,24.731,352.977
hybrid,on_prem,sync,4,47,17.434,7.195,86.865,87.539,23.881,931.276
microservices,on_prem,sync,1,59,107.095,3.538,89.799,93.708,5.13,425.843
microservices,on_prem,sync,1,49,16.884,24.609,82.909,80.637,20.918,371.781
microservices,on_prem,sync,4,41,55.368,7.115,86.712,82.883,15.917,1275.381
hybrid,on_prem,sync,1,43,20.187,24.173,91.101,98.545,5.538,178.776
microservices,on_prem,sync,1,45,97.025,23.311,88.477,91.937,17.8,646.724
microservices,on_prem,sync,1,58,62.836,18.536,98.455,96.877,23.05,1128.23
hybrid,on_prem,sync,1,52,98.354,21.39,99.301,92.626,9.651,1318.926
hybrid,on_prem,sync,4,45,96.16,2.027,92.594,96.454,21.833,760.195
hybrid,on_prem,sync,4,43,117.674,8.486,97.204,90.265,3.938,790.965
microservices,on_prem,sync,1,45,40.703,24.694,90.277,95.429,10.528,1321.839
hybrid,on_prem,sync,1,55,41.472,18.328,92.559,95.242,17.606,1044.566
hybrid,on_prem,sync,4,45,50.68,21.244,92.354,97.098,22.179,1239.178
hybrid,on_prem,sync,4,50,51.001,16.781,81.147,98.737,14.392,932.344
microservices,on_prem,sync,1,48,110.901,8.15,99.137,94.09,17.501,804.205
hybrid,on_prem,sync,4,57,41.404,23.181,82.704,89.457,12.858,1154.386
microservices,on_prem,sync,4,51,118.775,4.452,81.111,98.991,2.132,1237.753
microservices,on_prem,sync,1,57,34.535,12.032,90.172,82.681,7.584,1164.64
hybrid,on_prem,sync,4,45,21.039,8.511,82.668,87.913,13.176,808.799
microservices,on_prem,sync,1,48,21.362,8.827,96.921,86.675,9.652,1291.391
hybrid,on_prem,sync,4,53,93.279,12.646,83.263,93.176,11.829,1010.925
hybrid,on_prem,sync,4,41,79.332,4.381,96.241,83.999,4.975,1360.48
microservices,on_prem,sync,1,53,41.704,15.882,91.135,90.618,15.988,193.605
microservices,on_prem,sync,4,42,25.295,2.602,83.279,88.476,1.351,86.957
hybrid,on_prem,sync,1,40,87.039,13.596,85.849,91.967,16.711,756.679
microservices,on_prem,sync,1,55,66.423,24.134,98.673,86.454,13.331,807.033
hybrid,on_prem,sync,4,52,65.049,24.341,94.835,98.61,24.532,591.703
hybrid,on_prem,sync,4,59,22.172,18.716,93.422,89.473,6.235,186.031
hybrid,on_prem,sync,1,49,49.243,14.231,97.953,89.732,15.47,675.238
hybrid,on_prem,sync,1,43,82.866,10.483,99.463,80.152,23.289,634.002
hybrid,on_prem,sync,1,53,95.137,3.971,86.405,96.819,6.258,65.314
hybrid,on_prem,sync,1,50,18.993,12.428,89.253,92.714,15.864,1104.05
hybrid,on_prem,sync,1,52,96.065,12.837,86.938,93.875,7.843,1205.024
microservices,on_prem,sync,4,41,7.113,2.509,91.319,94.055,24.12,594.19
hybrid,on_prem,sync,1,53,15.336,2.689,86.908,80.921,22.107,146.456
microservices,on_prem,sync,4,53,95.358,15.117,86.169,87.869,21.172,633.27
microservices,on_prem,sync,4,52,114.736,9.534,88.2,92.218,10.71,619.793
microservices,on_prem,sync,4,52,21.434,7.713,83.983,91.35,4.107,455.099
microservices,on_prem,sync,4,58,93.786,15.405,94.693,90.303,20.311,1212.439
microservices,on_prem,sync,4,44,27.367,14.405,88.934,84.414,16.997,640.348
microservices,on_prem,sync,1,42,102.55,17.485,97.616,89.961,24.701,1280.657
hybrid,on_prem,sync,4,55,112.643,21.1,83.251,80.96,16.51,1206.456
hybrid,on_prem,sync,1,57,110.265,18.528,89.362,92.07,11.23,1217.785
hybrid,on_prem,sync,1,43,59.2,14.079,98.869,94.693,23.753,790.835
microservices,on_prem,sync,1,44,64.333,19.866,96.589,83.804,16.434,1071.466
microservices,on_prem,sync,4,49,76.326,4.899,90.85,95.27,20.94,1097.487
hybrid,on_prem,sync,1,50,121.728,4.281,82.089,91.167,13.301,573.898
hybrid,on_prem,sync,4,49,81.221,5.04,91.514,82.111,17.066,687.723
hybrid,on_prem,sync,1,42,39.902,13.201,84.423,82.722,22.436,332.936
hybrid,on_prem,sync,1,50,115.361,13.43,86.09,96.116,17.185,130.049
microservices,on_prem,sync,1,45,87.048,13.036,91.725,94.568,1.746,1200.429
microservices,on_prem,sync,4,55,89.457,12.97,81.796,83.823,17.714,1164.134
microservices,on_prem,sync,4,48,10.682,10.32,98.483,88.84,13.279,1299.544
hybrid,on_prem,sync,4,40,16.376,10.675,97.781,82.832,15.189,994.959
serverless,on_cloud,async,3,8,692.383,96.8413,13.4442,63.2461,201.57,13802.0
microservices,on_prem,sync,1,41,92.095,24.306,90.567,89.605,9.843,1124.966
microservices,on_prem,sync,1,49,71.26,7.559,89.61,81.119,18.956,1051.033
microservices,on_prem,sync,4,41,77.741,18.622,83.923,90.412,24.829,1001.853
hybrid,on_prem,sync,4,53,107.296,17.278,94.132,91.079,24.224,784.335
microservices,on_prem,sync,1,59,50.355,7.441,98.842,83.843,6.886,615.36
microservices,on_prem,sync,1,55,100.205,21.754,99.158,89.302,7.336,1174.365
microservices,on_prem,sync,4,55,114.899,4.746,86.157,80.717,0.764,994.407
hybrid,on_prem,sync,4,44,48.515,5.61,92.526,89.966,12.241,1174.798
hybrid,on_prem,sync,1,55,89.331,20.174,93.785,96.149,17.551,1513.306
microservices,on_prem,sync,4,55,18.132,18.546,88.085,95.631,12.817,433.481
hybrid,on_prem,sync,4,45,109.083,18.118,99.82,89.717,2.288,821.824
microservices,on_prem,sync,1,41,47.946,6.848,89.124,87.951,23.606,1461.863
hybrid,on_prem,sync,4,40,44.054,11.146,84.32,82.433,19.433,725.892
microservices,on_prem,sync,1,52,78.669,21.192,80.887,94.284,17.772,342.474
microservices,on_prem,sync,4,59,84.864,7.264,80.723,86.204,20.614,1277.393
hybrid,on_prem,sync,4,41,59.703,12.94,91.489,88.216,13.281,469.293
microservices,on_prem,sync,1,42,80.994,24.305,94.072,80.28,17.444,679.343
microservices,on_prem,sync,4,43,26.196,7.246,88.591,90.898,2.394,332.473
microservices,on_prem,sync,4,41,27.447,14.349,96.305,94.125,24.38,1028.333
microservices,on_prem,sync,1,42,33.375,22.796,87.254,81.499,20.018,637.154
microservices,on_prem,sync,1,46,40.757,2.513,92.336,85.235,11.492,1235.016
microservices,on_prem,sync,1,43,105.257,3.462,80.837,93.863,16.671,589.026
hybrid,on_prem,sync,4,41,15.213,16.02,86.077,94.924,20.442,1128.317
microservices,on_prem,sync,4,51,116.465,7.348,96.71,90.78,6.848,1123.08
hybrid,on_prem,sync,4,57,32.012,17.889,81.121,91.216,12.304,1164.648
microservices,on_prem,sync,1,56,59.901,6.214,86.851,95.051,8.456,695.294
hybrid,on_prem,sync,4,46,50.221,16.436,86.003,92.666,0.945,994.681
microservices,on_prem,sync,4,41,81.561,22.352,92.232,88.978,22.776,521.189
hybrid,on_prem,sync,4,56,100.757,11.509,92.076,90.15,3.204,444.138
hybrid,on_prem,sync,1,57,14.983,7.546,97.303,84.517,24.899,668.535
hybrid,on_prem,sync,4,40,63.265,6.298,87.322,80.903,14.469,88.273
microservices,on_prem,sync,1,42,63.89,20.409,81.598,90.688,24.279,181.589
hybrid,on_prem,sync,1,47,16.559,17.83,89.974,86.669,11.664,75.118
hybrid,on_prem,sync,4,55,68.166,21.978,94.723,98.35,13.539,963.168
microservices,on_prem,sync,4,42,91.635,10.571,86.337,85.783,0.707,1311.405
hybrid,on_prem,sync,1,43,72.969,14.319,98.71,85.971,10.99,540.853
microservices,on_prem,sync,4,54,11.769,20.502,82.304,84.81,19.04,371.37
hybrid,on_prem,sync,4,49,80.085,10.264,83.843,81.261,8.552,1132.171
microservices,on_prem,sync,1,48,69.67,23.831,84.333,80.728,18.028,254.688
microservices,on_prem,sync,1,55,114.713,17.548,98.541,95.423,4.15,92.38
microservices,on_prem,sync,1,41,119.246,15.855,81.841,93.782,15.664,171.322
hybrid,on_prem,sync,1,58,27.795,14.907,91.248,94.215,11.149,1485.004
serverless,on_cloud,sync,2,20,1582.37,45.3239,17.5042,16.29,278.94,89538.0
microservices,on_prem,sync,4,45,106.629,4.246,99.243,87.962,22.485,201.415
microservices,on_prem,sync,1,48,65.194,24.689,89.981,81.413,20.441,1084.421
hybrid,on_prem,sync,1,56,84.536,11.688,97.74,84.343,9.97,121.924
microservices,on_prem,sync,1,43,70.768,20.068,91.097,92.579,20.817,627.383
microservices,on_prem,sync,4,58,20.305,12.763,96.704,94.818,6.272,876.112
hybrid,on_prem,sync,4,53,61.725,11.218,84.167,93.003,12.631,1371.393
hybrid,on_prem,sync,1,57,96.225,14.305,87.742,99.589,10.867,1289.902
microservices,on_prem,sync,4,40,24.056,5.72,85.469,80.454,5.134,1523.732
hybrid,on_prem,sync,1,55,82.126,9.393,88.803,99.154,10.496,254.292
hybrid,on_prem,sync,1,54,93.851,21.003,89.973,88.611,14.771,1423.124
hybrid,on_prem,sync,1,47,41.541,6.802,85.819,81.926,6.679,1056.127
hybrid,on_prem,sync,4,52,107.67,13.75,83.131,88.027,9.363,172.899
microservices,on_prem,sync,1,40,118.141,6.027,95.038,92.119,12.067,117.798
hybrid,on_prem,sync,1,47,98.356,20.758,86.653,92.814,18.569,1152.206
microservices,on_prem,sync,4,54,39.08,13.202,85.203,80.809,11.059,95.354
microservices,on_prem,sync,1,58,70.942,17.602,92.824,80.101,3.072,352.498
hybrid,on_prem,sync,4,56,58.335,15.383,82.717,89.956,21.985,765.801
hybrid,on_prem,sync,4,56,39.286,5.869,98.942,80.83,1.274,710.096
microservices,on_prem,sync,4,58,76.037,9.103,91.638,84.994,11.633,89.712
microservices,on_prem,sync,1,58,55.694,24.806,99.256,80.097,16.633,761.637
hybrid,on_prem,sync,1,54,25.857,5.374,91.66,80.124,8.813,1033.282
hybrid,on_prem,sync,4,44,61.887,21.388,94.484,81.179,15.954,566.594
hybrid,on_prem,sync,4,53,33.558,9.496,95.544,95.598,1.89,344.3
hybrid,on_prem,sync,4,49,83.674,5.472,84.476,81.528,19.091,1504.558
hybrid,on_prem,sync,1,57,79.368,8.626,84.517,95.709,17.843,1401.21
hybrid,on_prem,sync,1,48,76.402,9.865,88.039,86.443,13.549,501.185
microservices,on_prem,sync,4,56,100.311,17.958,82.845,87.847,11.023,167.68
hybrid,on_prem,sync,4,50,47.198,10.366,81.694,83.77,16.052,137.168
microservices,on_prem,sync,1,50,107.549,13.806,87.516,86.11,17.451,604.107
microservices,on_prem,sync,1,55,46.939,19.925,94.005,98.098,20.434,937.36
microservices,on_prem,sync,4,57,67.596,19.442,89.632,90.705,10.405,528.01
hybrid,on_prem,sync,1,42,62.703,13.386,85.739,94.165,8.021,97.307
hybrid,on_prem,sync,4,50,93.62,4.523,94.199,97.516,7.501,1526.918
hybrid,on_prem,sync,4,45,68.314,22.017,84.136,90.983,17.91,160.266
microservices,on_prem,sync,1,52,12.716,12.876,85.685,90.707,20.627,116.574
hybrid,on_prem,sync,1,53,50.036,15.694,88.37,88.357,19.884,103.074
microservices,on_prem,sync,4,44,96.352,12.407,94.569,93.159,17.426,491.753
hybrid,on_prem,sync,1,40,87.48,16.406,82.519,95.505,11.47,717.76
serverless,on_cloud,async,2,37,1929.39,19.2065,73.3711,36.4648,8.20184,30022.0
hybrid,on_prem,sync,1,48,33.252,14.848,92.162,97.204,20.417,408.245
microservices,on_prem,sync,4,56,121.136,11.988,92.624,86.819,2.468,1484.007
microservices,on_prem,sync,4,51,113.112,16.634,80.047,81.353,8.811,1420.744
microservices,on_prem,sync,4,43,35.757,11.864,90.022,99.135,14.081,452.211
microservices,on_prem,sync,4,41,95.933,5.358,85.37,84.321,16.108,725.738
hybrid,on_prem,sync,1,52,107.631,17.315,87.72,99.287,12.329,697.621
hybrid,on_prem,sync,1,49,99.504,23.206,82.516,95.448,18.592,1437.372
microservices,on_prem,sync,4,42,90.118,22.907,86.451,83.155,21.773,510.44
hybrid,on_prem,sync,1,56,26.927,9.971,81.373,82.704,6.256,1097.764
microservices,on_prem,sync,4,44,115.298,15.977,86.569,98.993,0.197,378.473
hybrid,on_prem,sync,1,42,39.077,11.783,99.027,94.998,10.642,1497.143
microservices,on_prem,sync,4,49,64.592,7.963,91.51,88.874,22.454,1243.558
hybrid,on_prem,sync,4,55,86.944,6.503,89.987,99.348,11.263,432.983
hybrid,on_prem,sync,4,40,31.822,6.229,94.497,89.204,20.198,476.885
microservices,on_prem,sync,4,53,106.166,16.039,96.129,93.972,0.144,575.833
hybrid,on_prem,sync,4,43,36.3,11.977,88.681,94.918,15.419,399.233
microservices,on_prem,sync,1,44,112.872,23.816,98.709,84.52,17.73,1193.603
hybrid,on_prem,sync,4,47,55.904,6.8,97.745,98.743,21.069,1332.314
hybrid,on_prem,sync,1,48,14.344,16.825,80.844,89.061,24.947,534.404
hybrid,on_prem,sync,1,49,42.797,6.449,93.567,89.615,18.847,1232.184
hybrid,on_prem,sync,1,59,112.218,11.613,97.158,82.838,19.804,1372.562
hybrid,on_prem,sync,4,50,92.968,20.138,88.555,87.06,24.319,1033.958
microservices,on_prem,sync,4,54,119.713,13.943,92.873,87.332,23.525,1276.378
microservices,on_prem,sync,4,40,78.976,18.02,98.809,98.81,15.113,125.475
microservices,on_prem,sync,4,41,79.808,10.66,81.98,82.634,5.868,389.29
hybrid,on_prem,sync,1,56,101.807,5.964,99.496,98.333,0.405,1482.886
hybrid,on_prem,sync,1,52,115.782,23.588,92.952,89.123,3.886,1299.349
microservices,on_prem,sync,4,58,38.494,17.378,88.88,85.419,18.871,972.009
hybrid,on_prem,sync,4,56,88.204,17.65,89.917,80.401,2.43,547.701
microservices,on_prem,sync,1,45,75.817,20.436,94.814,81.889,12.263,917.706
microservices,on_prem,sync,4,58,90.307,14.775,86.56,96.179,15.306,285.874
hybrid,on_prem,sync,1,59,67.611,21.873,98.484,98.403,4.934,1131.419
microservices,on_prem,sync,4,44,82.588,15.463,82.079,92.787,8.443,433.539
hybrid,on_prem,sync,4,54,12.824,7.73,83.939,86.896,5.25,336.787
hybrid,on_prem,sync,4,50,97.355,12.417,84.957,87.761,9.787,138.064
hybrid,on_prem,sync,1,50,78.452,21.66,93.859,88.567,23.376,1250.26
microservices,on_prem,sync,1,40,14.33,10.86,83.147,83.235,4.2,1018.61
hybrid,on_prem,sync,1,51,109.192,7.412,90.33,96.865,4.498,1425.084
microservices,on_prem,sync,1,40,99.255,11.026,88.807,85.871,12.307,492.005
hybrid,on_prem,sync,1,55,7.43,19.346,99.237,93.089,4.943,58.563
hybrid,on_prem,sync,1,41,92.807,7.235,86.658,94.618,24.909,1423.019
microservices,on_prem,sync,1,40,31.719,21.267,95.76,87.83,24.435,268.133
hybrid,on_prem,sync,1,42,74.124,7.053,92.654,81.681,10.594,838.592
hybrid,on_prem,sync,1,59,107.542,19.796,87.573,82.107,1.084,901.125
hybrid,on_prem,sync,1,58,12.277,6.312,99.211,90.596,0.102,288.826
microservices,on_prem,sync,1,44,9.076,9.786,80.848,96.647,19.071,1132.761
hybrid,on_prem,sync,4,45,18.336,24.613,98.714,91.717,4.556,1098.88
microservices,on_prem,sync,1,57,114.413,9.145,93.165,83.763,15.486,477.17
microservices,on_prem,sync,1,50,124.743,17.641,82.818,82.321,24.971,196.1
microservices,on_prem,sync,1,56,85.441,4.281,97.21,98.393,17.175,385.133
hybrid,on_prem,sync,1,48,76.194,4.519,87.473,83.29,7.298,1279.41
microservices,on_prem,sync,4,47,21.752,11.8,92.947,87.95,9.936,1027.677
microservices,on_prem,sync,1,56,47.245,19.342,91.207,91.858,16.423,250.829
microservices,on_prem,sync,1,46,48.408,10.989,85.401,94.401,2.197,918.01
hybrid,on_prem,sync,1,53,92.002,16.004,85.594,93.993,11.974,744.574
hybrid,on_prem,sync,4,40,32.344,24.518,97.915,91.234,10.55,576.233
microservices,on_prem,sync,1,59,16.063,7.558,97.976,94.153,15.108,1027.479
microservices,on_prem,sync,1,43,7.972,4.478,98.604,94.713,16.978,548.966
microservices,on_prem,sync,4,43,56.105,17.283,99.617,95.017,3.29,327.746
hybrid,on_prem,sync,1,47,83.48,13.658,88.748,93.655,7.303,435.524
hybrid,on_prem,sync,4,55,9.056,4.383,94.454,87.637,15.268,331.787
hybrid,on_prem,sync,1,53,53.169,23.665,96.401,85.181,10.394,1452.053
microservices,on_prem,sync,1,59,33.35,22.73,85.498,91.47,23.924,743.364
microservices,on_prem,sync,1,43,64.917,23.762,98.463,98.363,21.637,640.834
hybrid,on_prem,sync,1,47,44.266,6.193,91.635,84.125,7.126,812.092
hybrid,on_prem,sync,1,56,56.356,7.22,81.646,82.365,0.529,1467.247
microservices,on_prem,sync,1,49,103.869,23.265,99.689,80.227,20.85,85.978
microservices,on_prem,sync,4,58,70.254,2.18,85.138,95.755,21.505,1528.218
microservices,on_prem,sync,1,45,117.769,24.909,87.512,92.728,6.124,807.091
microservices,on_prem,sync,4,55,22.216,22.855,91.619,83.087,13.872,1392.854
microservices,on_prem,sync,1,46,75.349,11.505,90.521,82.286,3.97,999.569
microservices,on_prem,sync,4,51,124.745,14.981,88.589,94.289,1.925,1186.087
microservices,on_prem,sync,4,49,81.669,11.561,89.137,94.04,0.479,923.852
hybrid,on_prem,sync,1,51,31.873,13.199,93.28,90.304,3.061,1358.652
microservices,on_prem,sync,4,47,28.749,16.463,92.712,86.549,22.845,415.277
hybrid,on_prem,sync,1,44,43.043,4.49,97.906,83.298,9.266,628.082
hybrid,on_prem,sync,1,45,74.122,23.105,87.221,97.905,11.129,653.903
microservices,on_prem,sync,1,59,13.64,10.415,92.425,88.908,8.561,147.436
hybrid,on_prem,sync,1,59,116.957,7.895,82.949,96.076,18.415,388.583
hybrid,on_prem,sync,1,48,28.154,13.757,82.088,88.787,4.789,212.742
hybrid,on_prem,sync,1,53,43.337,13.555,85.437,91.96,4.229,416.818
microservices,on_prem,sync,1,40,116.281,11.982,84.452,93.266,11.979,1145.716
hybrid,on_prem,sync,1,55,87.878,6.225,90.082,85.739,0.145,1040.788
hybrid,on_prem,sync,4,44,109.644,22.584,95.098,81.526,3.305,970.16
microservices,on_prem,sync,1,48,84.42,6.707,92.534,95.687,24.686,771.246
hybrid,on_prem,sync,1,59,79.432,5.109,89.901,94.776,13.447,573.194
microservices,on_prem,sync,4,50,14.12,24.054,82.218,98.62,13.859,979.611
microservices,on_prem,sync,1,56,91.372,23.037,80.993,97.787,17.536,55.57
hybrid,on_prem,sync,4,41,74.059,24.286,88.083,95.407,17.137,70.103
hybrid,on_prem,sync,1,50,30.851,5.528,98.442,87.137,4.344,540.171
hybrid,on_prem,sync,1,41,27.013,20.768,92.412,91.551,1.246,1035.115
microservices,on_prem,sync,4,48,106.057,2.946,85.36,87.796,8.131,716.671
microservices,on_prem,sync,4,56,63.372,4.014,89.926,94.178,18.283,1004.085
hybrid,on_prem,sync,1,55,90.965,8.403,90.76,90.938,21.122,719.974
microservices,on_prem,sync,4,56,81.943,8.858,93.463,92.666,17.133,789.555
hybrid,on_prem,sync,1,52,8.805,3.93,85.382,85.635,16.919,490.276
hybrid,on_prem,sync,4,54,82.68,20.608,99.826,87.386,17.931,508.523
hybrid,on_prem,sync,1,44,109.013,20.838,82.583,89.086,24.053,716.754
hybrid,on_prem,sync,1,55,89.447,19.017,98.235,83.307,15.187,437.52
hybrid,on_prem,sync,1,40,15.327,7.023,97.327,97.003,22.189,1304.029
microservices,on_prem,sync,1,57,54.843,14.805,98.569,80.876,10.217,629.715
hybrid,on_prem,sync,1,44,115.323,9.286,81.33,86.083,12.998,529.51
hybrid,on_prem,sync,4,55,82.281,22.661,86.375,91.37,23.736,320.774
microservices,on_prem,sync,4,59,110.463,9.089,98.553,98.65,12.197,968.888
hybrid,on_prem,sync,1,45,29.184,8.912,93.302,86.925,24.142,420.992
hybrid,on_prem,sync,1,40,65.909,10.994,99.297,99.943,3.003,313.498
hybrid,on_prem,sync,1,52,107.169,8.657,88.052,97.001,8.442,1119.46
hybrid,on_prem,sync,4,55,115.989,2.324,96.121,88.476,20.124,847.006
hybrid,on_prem,sync,1,42,33.248,8.935,90.009,94.532,20.755,212.792
microservices,on_prem,sync,1,55,59.121,17.087,81.483,86.756,3.617,357.997
microservices,on_prem,sync,1,44,71.72,13.131,82.117,85.162,22.286,692.215
microservices,on_prem,sync,1,43,112.631,12.511,91.762,87.755,1.201,1280.629
hybrid,on_prem,sync,4,59,54.199,8.56,85.282,80.876,23.791,1189.43
hybrid,on_prem,sync,1,42,71.766,13.969,82.469,85.207,2.892,1369.78
microservices,on_prem,sync,4,41,30.883,19.218,83.559,84.224,9.876,99.567
hybrid,on_prem,sync,1,48,24.413,4.44,84.985,96.899,2.241,716.286
hybrid,on_prem,sync,4,45,93.122,4.237,83.149,94.527,1.09,109.551
microservices,on_prem,sync,1,44,122.671,4.997,90.013,88.486,12.81,803.187
hybrid,on_prem,sync,1,54,101.28,22.221,83.696,96.607,19.287,1255.101
hybrid,on_prem,sync,4,58,68.869,20.609,92.513,96.486,6.195,973.83
hybrid,on_prem,sync,1,58,76.967,15.054,94.966,87.659,13.785,1186.09
microservices,on_prem,sync,1,47,45.57,22.149,90.122,82.25,13.372,376.906
microservices,on_prem,sync,1,44,92.532,20.047,99.319,99.107,9.256,638.765
hybrid,on_prem,sync,1,46,77.295,4.603,98.497,86.674,6.356,289.186
microservices,on_prem,sync,4,41,94.378,4.759,88.59,99.018,0.827,248.344
hybrid,on_prem,sync,4,53,99.62,23.518,80.219,83.013,20.884,1438.117
microservices,on_prem,sync,1,41,96.156,3.723,97.595,97.142,20.017,140.534
microservices,on_prem,sync,1,50,115.038,21.373,94.811,93.542,21.264,889.659
microservices,on_prem,sync,1,46,113.488,11.868,89.374,84.349,8.371,1168.219
serverless,on_prem,sync,3,38,579.996,2.48466,3.47767,22.7226,162.669,3883.0
microservices,on_prem,sync,4,59,60.129,4.733,93.875,95.973,24.041,1037.057
hybrid,on_prem,sync,1,49,33.154,10.494,97.501,85.896,12.046,215.141
microservices,on_prem,sync,4,49,77.012,6.434,81.885,86.955,7.816,166.604
hybrid,on_prem,sync,1,52,58.966,23.136,94.166,97.719,19.406,1080.76
hybrid,on_prem,sync,1,45,91.587,8.489,83.845,94.515,8.278,42.782
hybrid,on_prem,sync,4,48,14.707,2.282,80.397,97.251,4.477,1337.119
microservices,on_prem,sync,1,44,92.817,3.59,81.651,97.486,16.268,1094.371
microservices,on_prem,sync,4,53,68.395,22.661,84.977,88.807,1.366,588.652
hybrid,on_prem,sync,1,47,20.019,12.658,83.188,99.622,11.983,1262.385
microservices,on_prem,sync,1,52,92.92,11.759,86.476,84.754,16.787,1100.584
hybrid,on_prem,sync,4,44,45.416,20.021,94.599,91.421,20.605,934.02
microservices,on_prem,sync,1,53,93.053,17.522,91.186,80.602,14.581,721.1
hybrid,on_prem,sync,4,53,72.128,20.78,83.246,83.633,0.497,1325.805
microservices,on_prem,sync,1,50,112.288,7.688,97.783,98.58,7.024,1157.789
hybrid,on_prem,sync,4,52,38.216,5.681,94.808,85.003,19.729,1454.261
microservices,on_prem,sync,1,54,86.398,23.833,97.651,93.903,19.372,901.549
hybrid,on_prem,sync,4,56,64.321,5.934,99.411,93.761,15.938,1491.558
hybrid,on_prem,sync,1,41,39.627,20.831,88.188,84.826,5.284,1181.442
microservices,on_prem,sync,4,41,15.533,14.196,91.988,81.097,1.214,1274.921
microservices,on_prem,sync,1,44,62.413,7.171,90.205,94.629,4.989,1081.744
hybrid,on_prem,sync,4,48,78.208,24.604,93.18,91.022,7.093,1131.055
hybrid,on_prem,sync,1,52,46.705,2.381,84.878,96.678,11.276,498.764
microservices,on_prem,sync,1,55,122.416,5.661,95.278,88.937,20.302,465.222
microservices,on_prem,sync,1,56,88.633,3.221,86.232,80.296,21.06,299.803
hybrid,on_prem,sync,1,55,17.69,16.811,93.098,82.543,14.595,1017.222
hybrid,on_prem,sync,4,50,33.885,20.942,87.194,98.733,18.977,272.497
microservices,on_prem,sync,4,49,79.222,17.449,81.304,92.543,19.556,918.811
hybrid,on_prem,sync,1,52,12.763,11.398,87.149,89.058,13.509,1247.887
microservices,on_prem,sync,4,40,123.929,23.158,88.346,84.874,0.835,836.339
microservices,on_prem,sync,4,55,114.103,19.158,81.997,92.142,10.302,448.575
hybrid,on_prem,sync,1,48,107.803,10.583,92.768,89.761,10.279,522.763
hybrid,on_prem,sync,4,56,93.121,5.051,93.014,94.408,24.651,515.324
hybrid,on_prem,sync,4,43,82.538,16.646,95.477,95.958,14.56,511.408
microservices,on_prem,sync,4,40,48.585,9.874,91.559,95.914,2.853,1089.498
hybrid,on_prem,sync,1,53,18.377,10.97,83.812,99.603,15.406,584.106
hybrid,on_prem,sync,4,54,30.696,13.817,99.893,81.727,0.79,725.481
microservices,on_prem,sync,1,54,63.092,21.939,88.226,93.259,7.518,1221.941
hybrid,on_prem,sync,4,44,24.583,21.799,94.972,93.493,12.868,158.766
hybrid,on_prem,sync,1,44,12.647,13.412,88.26,81.435,4.564,778.193
hybrid,on_prem,sync,4,50,22.392,14.748,91.267,82.345,5.554,1036.627
microservices,on_prem,sync,1,57,13.176,13.095,97.033,88.03,24.179,120.247
microservices,on_prem,sync,4,47,57.797,20.273,85.467,93.526,16.192,329.663
hybrid,on_prem,sync,1,53,32.986,24.007,91.521,82.069,14.511,1177.928
microservices,on_prem,sync,1,42,50.72,20.562,88.4,96.344,4.655,332.696
hybrid,on_prem,sync,4,47,41.66,15.439,84.316,92.176,5.667,1319.512
microservices,on_prem,sync,1,57,34.676,2.856,97.188,89.766,24.523,823.153
hybrid,on_prem,sync,1,52,43.389,15.094,88.408,87.028,1.207,76.149
hybrid,on_prem,sync,4,58,79.39,7.688,84.154,81.372,10.354,951.341
microservices,on_prem,sync,1,48,55.983,15.59,84.557,90.618,10.051,263.17
hybrid,on_prem,sync,1,40,103.177,10.21,93.218,83.538,20.584,304.028
hybrid,on_prem,sync,4,54,49.726,12.302,81.852,89.172,5.152,325.933
microservices,on_prem,sync,1,49,19.744,12.885,82.729,94.015,19.19,570.653
hybrid,on_prem,sync,4,45,111.126,13.888,93.352,91.58,8.998,1533.391
microservices,on_prem,sync,4,41,77.482,23.262,97.599,83.161,10.18,923.969
microservices,on_prem,sync,1,55,62.356,2.921,86.287,82.845,16.646,64.667
hybrid,on_prem,sync,4,54,70.185,13.793,88.505,96.023,9.818,628.876
microservices,on_prem,sync,4,44,124.061,22.155,99.048,89.878,20.249,973.794
microservices,on_prem,sync,4,40,40.302,17.764,94.378,87.845,12.025,1459.048
microservices,on_prem,sync,4,54,87.716,4.726,97.804,99.902,12.843,364.079
hybrid,on_prem,sync,4,49,121.995,13.863,89.135,87.439,0.685,966.794
hybrid,on_prem,sync,1,48,46.89,14.289,82.05,84.532,1.441,810.454
microservices,on_prem,sync,1,44,119.365,11.42,90.111,81.509,12.934,310.986
microservices,on_prem,sync,4,45,122.555,8.365,88.835,90.616,22.044,833.279
microservices,on_prem,sync,4,41,29.748,16.855,95.664,95.668,10.478,111.336
microservices,on_prem,sync,4,58,13.803,8.483,93.828,95.608,18.839,1331.063
microservices,on_prem,sync,1,54,116.206,4.207,84.688,80.133,15.232,74.317
hybrid,on_prem,sync,4,40,86.389,10.943,96.842,89.614,24.209,945.166
microservices,on_prem,sync,4,58,45.243,4.351,97.65,91.24,18.174,926.77
hybrid,on_prem,sync,4,58,68.565,4.145,99.74,82.446,17.306,876.151
hybrid,on_prem,sync,4,41,59.481,23.474,90.504,98.813,3.818,1016.513
hybrid,on_prem,sync,4,54,124.909,17.148,95.797,80.581,21.706,1114.187
microservices,on_prem,sync,1,58,94.554,17.06,96.616,94.48,21.79,85.135
hybrid,on_prem,sync,4,50,80.658,7.779,89.277,86.887,15.058,670.06
microservices,on_prem,sync,4,43,96.033,13.654,92.829,94.386,1.095,972.101
microservices,on_prem,sync,1,44,28.08,16.786,93.382,81.755,5.459,114.493
microservices,on_prem,sync,4,53,113.235,20.726,89.368,95.863,24.082,1088.112
hybrid,on_prem,sync,1,44,12.294,24.927,92.885,92.901,3.497,857.264
hybrid,on_prem,sync,1,56,42.271,10.242,82.035,81.712,7.746,1060.396
hybrid,on_prem,sync,1,44,124.568,18.785,81.62,95.669,15.228,863.237
hybrid,on_prem,sync,4,45,84.629,10.158,93.377,89.355,24.9,1136.039
microservices,on_prem,sync,1,55,33.713,24.085,88.511,85.088,0.459,1049.893
hybrid,on_prem,sync,4,57,49.612,7.669,91.385,98.627,22.978,507.925
microservices,on_prem,sync,1,51,10.006,8.89,95.031,94.479,7.82,233.153
microservices,on_prem,sync,1,42,58.719,22.316,86.367,98.202,7.39,1282.485
hybrid,on_prem,sync,1,52,75.338,9.737,82.147,98.092,18.463,1407.167
microservices,on_prem,sync,4,55,74.897,6.033,95.566,99.211,10.354,55.582
hybrid,on_prem,sync,1,44,80.716,7.484,87.228,99.504,18.554,509.919
microservices,on_prem,sync,4,46,66.616,6.168,90.305,94.371,14.886,442.636
microservices,on_prem,sync,4,53,19.373,2.493,92.596,81.491,24.914,718.315
hybrid,on_prem,sync,1,48,37.893,24.1,99.583,87.318,14.61,1067.679
microservices,on_prem,sync,4,55,110.264,3.737,88.496,90.898,17.457,1325.485
microservices,on_prem,sync,4,58,31.28,22.209,91.841,87.618,7.033,577.796
hybrid,on_prem,sync,1,52,95.489,12.947,93.055,90.033,18.95,143.792
microservices,on_prem,sync,4,54,10.289,12.477,89.889,92.587,22.668,1453.253
microservices,on_prem,sync,4,54,84.267,3.691,89.13,88.375,14.966,41.683
hybrid,on_prem,sync,1,48,117.591,12.648,85.218,87.032,16.138,833.318
microservices,on_prem,sync,1,52,61.852,10.441,85.13,86.566,15.047,938.671
microservices,on_prem,sync,4,52,118.788,13.476,85.065,87.945,11.217,847.816
microservices,on_prem,sync,1,44,19.912,8.52,85.654,83.571,17.508,1460.098
hybrid,on_prem,sync,1,51,75.041,23.98,95.54,98.372,9.198,559.88
microservices,on_prem,sync,1,49,24.06,17.164,84.532,87.82,15.528,130.436
microservices,on_prem,sync,4,55,70.137,17.132,96.313,98.666,2.295,572.035
microservices,on_prem,sync,1,51,35.306,24.34,93.539,81.35,9.926,380.704
hybrid,on_prem,sync,4,55,119.547,19.701,84.016,90.036,17.156,400.204
microservices,on_prem,sync,1,45,57.059,22.168,83.88,82.005,9.679,783.349
microservices,on_prem,sync,4,50,103.412,9.663,85.965,87.253,15.614,573.646
microservices,on_prem,sync,1,42,108.675,7.932,85.952,99.732,0.498,757.203
hybrid,on_prem,sync,4,50,21.375,10.777,99.494,94.792,10.62,868.432
serverless,hybrid,sync,2,21,1157.59,69.316,48.8048,61.5605,47.4077,68944.0
hybrid,on_prem,sync,1,56,101.751,15.644,82.058,82.649,5.601,1137.562
microservices,on_prem,sync,1,42,89.794,2.779,88.825,95.21,10.507,358.539
hybrid,on_prem,sync,1,43,117.419,21.612,81.192,99.486,16.933,786.02
monolith,hybrid,mixed,2,22,828.244,29.7467,78.0556,61.2813,304.094,32027.0
microservices,on_prem,sync,1,53,79.057,11.832,80.864,88.911,9.355,1313.87
microservices,on_prem,sync,4,48,92.871,2.519,94.266,84.527,15.994,679.771
hybrid,on_prem,sync,1,53,21.864,9.917,88.723,92.616,12.095,880.005
microservices,on_prem,sync,4,58,102.068,5.848,87.971,83.759,18.268,508.025
hybrid,on_prem,sync,4,48,25.243,4.476,94.583,96.347,1.235,1184.655
microservices,on_prem,sync,4,50,28.542,15.372,81.806,86.56,12.088,1504.667
microservices,on_prem,sync,4,53,114.82,16.928,90.47,92.485,18.895,768.807
hybrid,on_prem,sync,1,59,9.118,4.786,86.242,90.168,1.637,968.668
hybrid,on_prem,sync,4,57,37.825,13.437,83.894,87.149,10.194,904.518
hybrid,on_prem,sync,4,43,41.58,16.571,98.828,85.602,8.028,944.74
hybrid,on_prem,sync,1,41,57.914,2.971,90.666,86.352,15.023,800.029
hybrid,on_prem,sync,1,59,12.931,16.972,94.67,89.106,14.104,298.405
hybrid,on_prem,sync,1,53,97.194,3.787,98.915,85.762,2.647,1318.066
hybrid,on_prem,sync,4,50,94.208,9.972,96.874,81.359,20.419,570.382
hybrid,on_prem,sync,1,50,124.441,19.325,81.97,83.718,20.025,1504.811
microservices,on_prem,sync,4,54,24.013,15.502,85.751,99.762,12.215,607.164
microservices,on_prem,sync,4,56,16.092,4.589,94.177,86.157,5.646,400.01
monolith,on_prem,async,3,8,1508.32,17.3736,52.4106,57.1415,130.108,91253.0
microservices,on_prem,sync,1,53,85.842,24.104,84.355,94.722,13.479,1255.23
hybrid,on_prem,sync,1,56,109.648,16.957,98.265,91.173,9.828,950.156
hybrid,on_prem,sync,4,45,110.818,12.818,98.393,92.695,13.882,1411.519
event_driven,on_cloud,mixed,3,11,1582.25,61.6794,63.1524,0.264768,209.311,70542.0
hybrid,on_prem,sync,1,51,113.681,22.608,93.623,82.79,16.8,352.504
hybrid,on_prem,sync,1,44,83.571,13.016,89.093,81.274,21.898,219.147
hybrid,on_prem,sync,4,45,103.347,16.53,94.062,96.06,3.188,334.731
microservices,on_prem,sync,1,41,109.551,17.322,92.697,98.709,22.17,1539.564
microservices,on_prem,sync,4,50,17.635,12.493,89.547,94.295,2.736,1256.141
microservices,on_prem,sync,4,55,93.976,4.409,94.471,92.748,9.148,1193.63
hybrid,on_prem,sync,4,42,52.338,8.099,85.78,91.555,13.852,521.224
microservices,on_prem,sync,4,59,37.831,13.515,85.415,83.092,18.842,168.225
hybrid,on_prem,sync,1,55,42.432,16.413,81.413,85.762,10.876,382.261
hybrid,on_prem,sync,1,55,90.553,2.925,90.922,92.064,11.122,634.914
hybrid,on_prem,sync,4,40,100.342,8.347,81.792,85.812,10.311,1377.172
microservices,on_prem,sync,4,54,111.526,7.275,87.831,99.955,6.324,1380.778
hybrid,on_prem,sync,4,52,93.026,19.379,86.621,93.497,19.809,1139.724
hybrid,on_prem,sync,4,51,75.946,18.969,88.452,89.501,24.909,846.781
hybrid,on_prem,sync,1,46,83.539,19.706,88.931,96.782,13.205,1295.714
microservices,on_prem,sync,4,43,63.306,24.138,99.767,93.87,3.383,880.279
hybrid,on_prem,sync,4,56,105.608,13.926,96.54,81.446,10.707,904.95
microservices,on_prem,sync,4,52,12.056,22.554,87.926,84.751,8.409,1252.606
hybrid,on_prem,sync,4,52,68.163,8.813,95.238,81.193,13.447,1088.741
microservices,on_prem,sync,1,55,36.13,21.671,95.309,81.179,0.8,198.979
hybrid,on_prem,sync,1,57,106.251,12.589,86.303,96.141,17.975,536.887
microservices,on_prem,sync,1,56,75.127,7.438,83.564,94.058,2.477,624.407
microservices,on_prem,sync,1,56,19.816,3.22,88.79,81.126,9.998,940.955
hybrid,on_prem,sync,4,48,86.389,4.748,89.074,93.728,6.835,43.344
hybrid,on_prem,sync,1,41,120.03,20.397,95.019,81.57,2.527,1316.011
hybrid,on_prem,sync,4,54,105.005,13.421,81.998,87.115,0.924,98.657
microservices,on_prem,sync,1,41,72.571,5.99,86.715,94.147,1.123,526.8
microservices,on_prem,sync,1,50,95.612,11.162,95.667,92.936,19.67,348.182
microservices,on_prem,sync,4,41,119.0,4.362,93.185,92.836,8.749,345.932
microservices,on_prem,sync,4,47,67.594,9.231,82.884,94.399,7.381,1004.531
hybrid,on_prem,sync,4,46,18.54,17.021,85.003,80.411,1.188,178.415
microservices,on_prem,sync,4,57,86.873,16.032,91.375,88.001,2.725,799.697
hybrid,on_prem,sync,4,44,122.334,22.99,84.704,97.882,13.199,1120.895
hybrid,on_prem,sync,4,59,37.876,19.64,85.783,86.555,2.425,490.013
microservices,on_prem,sync,4,46,36.686,10.175,85.0,91.344,16.781,1272.754
microservices,on_prem,sync,1,52,52.318,21.502,84.608,86.776,9.566,672.492
microservices,on_prem,sync,4,52,87.66,20.513,92.021,99.768,18.556,1380.482
hybrid,on_prem,sync,1,47,41.232,7.323,99.966,80.576,4.379,1050.224
hybrid,on_prem,sync,4,40,16.955,4.266,82.914,98.644,13.967,1240.123
hybrid,on_prem,sync,1,59,95.214,3.928,97.696,88.749,4.147,960.197
microservices,on_prem,sync,4,57,29.683,8.55,81.19,85.003,6.531,1272.608
microservices,on_prem,sync,1,56,50.714,10.492,94.19,98.133,24.038,1144.744
hybrid,on_prem,sync,4,56,16.714,14.136,80.736,86.104,1.756,918.584
microservices,on_prem,sync,4,42,93.085,13.472,88.097,88.082,21.178,1428.285
hybrid,on_prem,sync,1,56,21.015,6.811,82.673,92.665,9.991,940.892
microservices,on_prem,sync,4,56,43.701,13.532,91.111,80.313,23.731,496.09
hybrid,on_prem,sync,1,43,16.5,10.777,90.148,95.961,9.402,483.898
hybrid,on_prem,sync,1,51,95.159,18.183,98.165,91.389,5.316,1255.334
hybrid,on_prem,sync,4,58,66.931,2.356,98.721,94.779,21.362,497.157
hybrid,on_prem,sync,4,48,86.384,8.821,96.028,96.232,23.99,1467.524
microservices,on_prem,sync,1,57,93.813,24.821,84.63,81.769,15.169,950.122
microservices,on_prem,sync,4,57,123.656,14.305,92.325,92.037,15.575,144.354
hybrid,on_prem,sync,4,46,102.802,9.068,95.982,88.067,20.003,880.039
microservices,on_prem,sync,4,58,48.422,9.211,90.108,86.695,13.661,448.404
hybrid,on_prem,sync,1,55,76.295,21.095,96.334,84.822,12.68,1452.435
hybrid,on_prem,sync,4,58,111.254,2.929,81.149,98.918,2.885,426.987
microservices,on_prem,sync,4,59,45.119,14.514,83.219,86.368,5.102,86.919
microservices,on_prem,sync,1,48,69.412,5.666,95.056,94.825,6.381,66.577
microservices,on_prem,sync,1,43,21.983,15.291,92.308,93.823,2.886,634.041
microservices,on_prem,sync,1,42,10.384,13.448,92.414,91.587,17.204,519.073
microservices,on_prem,sync,4,51,71.16,6.528,93.903,90.563,12.934,190.754
microservices,on_prem,sync,4,50,96.223,2.652,87.005,92.793,9.343,979.886
hybrid,on_prem,sync,1,52,124.694,8.429,92.16,96.705,18.362,324.187
hybrid,on_prem,sync,4,56,74.631,21.381,82.625,89.233,0.441,782.368
microservices,on_prem,sync,1,51,10.971,19.434,86.075,83.344,22.323,374.975
microservices,on_prem,sync,1,56,120.932,9.872,83.396,92.384,16.941,224.167
microservices,on_prem,sync,1,51,55.979,3.357,99.874,87.479,22.125,1266.241
hybrid,on_prem,sync,1,40,88.907,15.214,95.649,83.835,5.645,137.947
hybrid,on_prem,sync,4,44,118.695,10.443,80.392,88.52,11.953,1281.961
hybrid,on_prem,sync,4,48,67.431,13.973,82.123,85.446,1.511,250.742
hybrid,on_prem,sync,1,55,44.761,19.746,85.301,92.546,9.73,1115.039
hybrid,on_prem,sync,1,46,41.749,6.06,87.01,96.981,2.949,270.372
microservices,on_prem,sync,1,44,107.875,6.231,99.732,85.516,20.722,606.618
hybrid,on_prem,sync,1,46,78.222,16.528,82.881,90.991,19.083,780.06
hybrid,on_prem,sync,4,59,102.478,6.46,98.318,89.051,20.638,1337.978
hybrid,on_prem,sync,1,59,14.501,14.337,82.822,94.136,3.789,1323.907
microservices,on_prem,sync,4,58,88.693,16.014,81.704,86.177,8.571,1057.971
microservices,on_prem,sync,1,47,84.042,19.046,81.285,95.422,8.556,1377.058
microservices,on_prem,sync,4,50,7.629,17.501,88.139,96.464,8.598,843.247
microservices,on_prem,sync,1,46,88.376,19.437,99.909,87.22,23.871,613.806
microservices,on_prem,sync,1,47,105.005,21.683,94.993,94.245,18.951,478.711
hybrid,on_prem,sync,1,52,33.479,21.447,81.537,93.462,11.256,583.057
serverless,on_cloud,async,3,20,1274.35,68.4454,35.8016,45.5255,169.05,18966.0
microservices,on_prem,sync,1,43,85.82,10.508,80.729,81.589,24.04,468.169
hybrid,on_prem,sync,4,51,70.117,11.144,85.723,93.93,13.638,1452.595
hybrid,on_prem,sync,4,47,110.311,7.856,88.514,99.08,1.834,853.693
microservices,on_prem,sync,4,57,25.562,11.139,87.574,85.851,23.956,1340.813
microservices,on_prem,sync,4,57,9.636,7.97,98.977,98.762,10.083,1500.908
microservices,on_prem,sync,4,42,104.953,2.307,83.499,86.227,13.76,315.733
microservices,on_prem,sync,1,46,23.104,14.321,93.528,84.421,24.881,834.046
microservices,on_prem,sync,4,55,120.044,18.234,93.449,85.48,11.557,578.149
hybrid,on_prem,sync,1,56,44.76,18.614,89.285,99.217,4.04,481.242
microservices,on_prem,sync,4,44,13.683,7.198,86.75,93.095,3.252,1012.126
microservices,on_prem,sync,1,59,101.083,10.975,80.813,81.254,16.16,1396.677
hybrid,on_prem,sync,4,55,122.976,13.588,93.229,89.747,15.624,917.497
microservices,on_prem,sync,4,55,20.543,18.181,88.487,83.768,4.114,545.29
hybrid,on_prem,sync,4,47,81.994,15.553,84.436,95.795,19.404,1073.386
hybrid,on_prem,sync,4,52,29.919,3.023,90.884,86.081,14.464,916.791
hybrid,on_prem,sync,4,53,42.058,23.005,87.694,97.82,12.524,290.583
microservices,on_prem,sync,4,43,85.468,4.774,86.178,99.348,7.04,1518.049
hybrid,on_prem,sync,4,53,35.023,17.746,82.54,89.167,23.625,445.328
hybrid,on_prem,sync,4,58,86.499,8.473,86.743,90.704,8.142,84.517
hybrid,on_prem,sync,1,54,121.912,4.766,94.815,84.18,16.709,680.732
hybrid,on_prem,sync,4,50,109.338,5.846,89.114,99.829,14.496,874.009
microservices,on_prem,sync,4,57,72.644,2.995,82.956,99.272,0.881,277.93
hybrid,on_prem,sync,4,47,118.328,21.571,93.245,94.634,7.106,1020.689
hybrid,on_prem,sync,1,43,122.604,10.723,98.231,93.94,0.656,1223.129
microservices,on_prem,sync,4,50,107.531,5.781,81.973,85.632,5.01,62.252
microservices,on_prem,sync,4,53,41.59,6.983,87.555,98.964,12.335,1390.46
microservices,on_prem,sync,4,47,39.325,4.643,86.568,85.813,14.616,485.983
hybrid,on_prem,sync,4,46,50.808,18.915,89.26,98.666,6.651,1500.749
hybrid,on_prem,sync,4,44,61.368,10.775,98.392,86.677,5.509,703.365
microservices,on_prem,sync,1,56,116.963,13.096,93.894,99.547,24.509,1283.814
monolith,on_cloud,mixed,3,27,183.817,63.6192,70.1471,34.0909,385.373,35848.0
hybrid,on_prem,sync,1,57,42.146,10.914,88.299,80.651,5.973,1419.372
microservices,on_prem,sync,4,50,49.815,19.464,80.027,99.015,5.751,297.791
hybrid,on_prem,sync,4,42,13.804,14.427,84.406,88.706,22.664,596.088
microservices,on_prem,sync,1,43,120.576,22.91,86.111,88.86,16.144,1314.626
microservices,on_prem,sync,1,58,61.889,7.693,97.529,93.027,17.926,542.086
microservices,on_prem,sync,4,57,30.961,21.445,85.942,97.283,6.897,612.728
hybrid,on_prem,sync,1,43,78.49,22.259,89.283,89.301,22.256,316.09
microservices,on_prem,sync,4,43,42.195,5.469,80.115,92.518,6.029,75.011
hybrid,on_prem,sync,4,46,122.895,2.666,91.133,92.185,16.091,1205.658
hybrid,on_prem,sync,1,49,35.738,24.008,98.611,93.393,8.218,338.856
hybrid,on_prem,sync,1,58,46.401,18.264,85.076,98.137,10.303,417.04
hybrid,on_prem,sync,1,48,46.478,10.143,80.394,96.906,16.956,1363.267
microservices,on_prem,sync,1,47,112.586,2.403,90.328,83.259,24.969,831.621
microservices,on_prem,sync,1,44,54.552,9.892,89.729,90.932,6.988,1150.897
microservices,on_prem,sync,1,52,22.765,8.779,94.334,92.305,4.985,525.133
microservices,on_prem,sync,4,47,98.468,6.312,92.312,84.937,8.212,499.592
microservices,on_prem,sync,4,50,28.61,21.914,85.784,89.191,22.396,1062.534
hybrid,on_prem,sync,1,44,109.143,10.034,89.598,86.567,17.43,1115.002
hybrid,on_prem,sync,1,57,51.258,6.808,95.264,98.151,21.141,590.367
monolith,on_cloud,async,3,30,293.545,3.49861,0.787824,78.0733,241.458,75286.0
hybrid,on_prem,sync,1,55,77.222,22.725,90.939,92.947,10.514,1330.884
microservices,on_prem,sync,1,50,108.554,15.387,94.902,84.624,15.775,1387.683
hybrid,on_prem,sync,4,56,109.763,22.34,89.242,92.676,16.611,1413.079
microservices,on_prem,sync,1,55,109.685,8.091,98.434,88.777,17.208,519.582
hybrid,on_prem,sync,1,45,24.904,17.089,89.942,86.137,12.065,1267.616
microservices,on_prem,sync,1,46,100.457,14.362,94.9,80.947,9.177,798.972
microservices,on_prem,sync,4,40,105.548,12.475,94.123,83.249,10.092,915.816
microservices,on_prem,sync,1,50,64.162,11.374,91.505,81.487,14.165,235.813
hybrid,on_prem,sync,1,43,31.211,13.566,96.999,86.72,0.089,1119.26
hybrid,on_prem,sync,4,44,70.726,12.594,95.342,82.298,1.705,793.82
hybrid,on_prem,sync,1,54,115.328,17.521,94.864,84.198,16.172,369.388
microservices,on_prem,sync,4,41,118.445,23.366,82.487,90.399,8.98,1050.707
hybrid,on_prem,sync,1,52,69.601,15.048,99.162,95.728,2.295,1321.8
hybrid,on_prem,sync,4,45,120.988,6.868,99.345,89.605,9.137,1228.877
hybrid,on_prem,sync,1,48,34.252,2.7,96.083,81.206,7.346,448.526
hybrid,on_prem,sync,4,55,59.812,23.174,97.957,82.518,5.982,1348.362
hybrid,on_prem,sync,1,56,24.574,4.612,92.247,99.416,19.854,761.351
microservices,on_prem,sync,4,51,24.707,23.607,83.546,98.509,12.872,184.37
hybrid,on_prem,sync,1,47,44.638,19.103,82.946,89.248,8.732,1272.083
hybrid,on_prem,sync,4,42,12.609,14.237,90.564,86.867,7.383,978.465
hybrid,on_prem,sync,1,57,112.261,16.823,88.401,86.387,21.031,1333.14
microservices,on_prem,sync,4,50,53.479,14.433,97.456,80.374,19.605,641.356
microservices,on_prem,sync,4,50,27.747,20.326,92.27,82.731,12.388,1289.94
microservices,on_prem,sync,4,50,16.998,7.748,97.446,85.896,17.471,796.751
hybrid,on_prem,sync,1,54,40.076,6.271,84.149,90.171,19.754,1390.051
microservices,on_prem,sync,1,52,20.325,11.234,94.288,86.467,12.299,1030.481
microservices,on_prem,sync,4,48,117.049,2.191,82.816,93.478,8.12,607.995
microservices,on_prem,sync,4,43,51.465,21.436,88.61,83.803,6.392,1298.632
hybrid,on_prem,sync,1,43,41.159,6.303,99.196,97.394,8.181,412.408
microservices,on_prem,sync,1,56,98.932,8.812,90.24,99.016,8.419,470.835
microservices,on_prem,sync,4,49,37.667,7.332,80.343,82.919,24.621,1410.114
microservices,on_prem,sync,4,51,22.212,22.605,87.198,85.847,21.383,599.871
microservices,on_prem,sync,1,51,122.052,24.507,92.995,86.395,22.074,231.862
microservices,on_prem,sync,4,54,93.208,5.326,96.959,95.027,18.096,1180.847
microservices,on_prem,sync,4,52,103.705,7.545,91.761,86.143,18.508,767.06
microservices,on_prem,sync,1,40,73.116,18.762,98.224,92.209,11.962,962.912
microservices,on_prem,sync,1,40,51.103,14.412,87.337,87.61,18.734,606.067
microservices,on_prem,sync,4,43,99.376,8.984,90.85,82.856,6.622,1171.502
event_driven,on_cloud,mixed,2,6,1371.97,77.6136,2.77835,30.9609,106.956,53878.0
hybrid,on_prem,sync,1,45,83.628,2.264,84.197,80.374,19.79,1529.982
microservices,on_prem,sync,4,40,15.214,7.96,92.271,89.904,16.814,437.713
hybrid,on_prem,sync,1,44,20.49,23.033,90.365,96.738,16.179,653.687
microservices,on_prem,sync,1,52,24.659,22.632,98.184,93.699,9.211,417.51
microservices,on_prem,sync,4,45,34.847,10.184,87.676,92.534,19.714,186.825
hybrid,on_prem,sync,4,42,71.647,14.902,93.608,82.519,12.111,833.235
microservices,on_prem,sync,1,42,53.679,9.576,97.044,97.089,8.396,1537.646
hybrid,on_prem,sync,1,55,94.671,17.831,90.971,98.562,10.552,1036.591
hybrid,on_prem,sync,4,46,93.608,13.345,91.805,81.494,22.161,173.646
microservices,on_prem,sync,1,52,31.242,17.338,94.603,97.311,23.981,1399.86
microservices,on_prem,sync,4,53,79.701,7.071,86.399,87.61,23.214,785.562
microservices,on_prem,sync,4,50,21.774,21.975,88.372,96.766,10.886,1085.366
microservices,on_prem,sync,1,42,103.039,24.066,85.881,87.667,4.928,497.22
microservices,on_prem,sync,1,45,22.236,18.007,96.621,99.467,24.965,978.531
hybrid,on_prem,sync,4,47,42.954,3.766,88.674,83.94,18.199,610.066
hybrid,on_prem,sync,1,56,110.101,10.206,81.425,84.038,3.634,1293.163
microservices,on_prem,sync,1,52,7.493,17.918,92.74,99.897,3.682,740.518
hybrid,on_prem,sync,1,56,17.782,3.252,93.053,84.621,4.425,1216.22
hybrid,on_prem,sync,1,51,20.368,6.478,87.822,95.197,21.078,73.624
hybrid,on_prem,sync,1,40,110.569,21.235,85.616,95.825,18.554,192.505
microservices,on_prem,sync,1,44,56.201,14.468,97.066,97.296,19.757,364.468
hybrid,on_prem,sync,1,51,72.525,17.699,83.249,92.544,18.658,1061.073
microservices,on_prem,sync,1,46,86.445,19.88,94.412,83.168,16.928,1451.127
hybrid,on_prem,sync,1,49,92.452,17.738,80.78,87.824,13.707,1468.538
microservices,on_prem,sync,1,42,69.016,4.294,87.02,92.353,15.491,1445.549
hybrid,on_prem,sync,1,41,74.729,22.618,93.932,86.111,7.371,1047.307
hybrid,on_prem,sync,1,50,39.241,11.285,97.199,81.911,24.022,157.059
microservices,on_prem,sync,4,44,111.48,24.908,80.636,90.192,20.619,123.986
hybrid,on_prem,sync,4,58,120.597,11.344,91.261,91.867,18.773,233.496
hybrid,on_prem,sync,4,45,15.931,3.043,82.584,87.427,17.415,149.571
hybrid,on_prem,sync,4,40,8.497,22.426,88.148,88.422,7.829,1336.488
hybrid,on_prem,sync,1,59,62.527,6.868,89.905,80.961,22.067,772.203
hybrid,on_prem,sync,4,55,111.156,20.987,87.165,96.603,12.966,1233.679
hybrid,on_prem,sync,4,53,37.064,17.167,96.288,94.508,18.96,1435.426
hybrid,on_prem,sync,1,55,68.903,13.783,85.275,89.809,21.934,815.577
hybrid,on_prem,sync,1,49,47.148,19.177,90.356,81.811,6.123,398.187
hybrid,on_prem,sync,1,42,69.967,18.248,98.274,80.886,13.104,644.964
microservices,on_prem,sync,4,46,56.689,15.538,82.664,92.867,8.496,573.013
hybrid,on_prem,sync,1,52,75.067,24.913,88.35,81.985,20.3,241.606
microservices,on_prem,sync,1,54,115.437,10.027,91.712,84.405,0.103,1538.797
microservices,on_prem,sync,4,42,19.098,10.355,92.199,98.975,16.932,1151.015
microservices,on_prem,sync,4,45,33.308,15.691,82.013,83.265,4.721,625.663
hybrid,on_prem,sync,4,50,69.819,24.7,97.235,83.388,23.366,1404.602
microservices,on_prem,sync,4,56,11.917,24.861,94.107,84.133,4.282,432.79
hybrid,on_prem,sync,4,59,110.695,24.505,93.973,84.091,3.375,1346.395
microservices,on_prem,sync,1,47,12.289,2.018,81.421,95.397,20.396,573.984
microservices,on_prem,sync,1,47,71.84,9.153,91.965,94.261,24.902,473.44
hybrid,on_prem,sync,1,59,56.1,23.355,84.848,89.91,4.192,1502.502
hybrid,on_prem,sync,4,48,79.094,23.4,85.051,89.987,17.946,1502.674
microservices,on_prem,sync,4,56,119.519,8.629,89.836,81.142,1.476,205.902
hybrid,on_prem,sync,1,47,123.054,5.713,82.407,96.284,2.795,396.177
microservices,on_prem,sync,4,56,31.386,13.832,93.012,80.097,6.307,750.27
hybrid,on_prem,sync,4,56,87.232,12.284,91.925,99.917,12.533,141.375
microservices,on_prem,sync,1,51,81.153,20.444,84.546,80.068,6.063,1178.731
hybrid,on_prem,sync,1,44,52.415,5.055,93.986,91.422,1.892,1222.314
hybrid,on_prem,sync,1,51,72.087,24.678,88.307,98.763,11.383,344.156
hybrid,on_prem,sync,1,58,103.343,21.597,96.958,80.986,14.686,1327.383
hybrid,on_prem,sync,1,50,24.246,12.027,99.36,88.749,1.009,325.99
microservices,on_prem,sync,4,59,56.799,4.991,94.755,91.145,15.369,1302.94
microservices,on_prem,sync,1,58,122.241,5.728,84.643,81.281,11.477,1003.749
hybrid,on_prem,sync,1,58,23.726,17.918,85.283,83.923,4.225,291.228
hybrid,on_prem,sync,4,48,106.71,4.26,87.993,87.462,2.515,970.181
hybrid,on_prem,sync,1,49,71.152,24.898,80.975,83.359,14.14,353.428
microservices,on_prem,sync,1,40,67.78,16.364,87.328,94.678,16.383,150.373
hybrid,on_prem,sync,4,46,103.918,10.121,93.259,88.809,21.639,614.431
microservices,on_prem,sync,4,55,63.413,15.982,93.521,99.28,3.406,271.86
hybrid,on_prem,sync,1,41,122.609,11.425,94.464,84.463,16.149,1530.757
microservices,on_prem,sync,4,43,90.822,2.702,86.941,91.808,12.132,375.049
hybrid,on_prem,sync,1,56,101.079,11.562,89.813,84.103,15.845,1230.732
microservices,on_prem,sync,4,48,102.522,14.205,81.74,97.277,6.027,1049.918
microservices,on_prem,sync,1,45,28.655,14.991,91.812,95.361,21.677,110.877
hybrid,on_prem,sync,1,55,45.016,11.868,92.686,85.985,16.751,104.323
hybrid,on_prem,sync,4,42,22.928,17.462,85.186,83.307,24.839,460.399
microservices,on_prem,sync,4,40,10.877,20.918,93.755,95.156,11.877,53.391
microservices,on_prem,sync,1,42,12.905,12.494,93.158,98.366,8.135,1016.427
microservices,on_prem,sync,1,48,13.371,22.335,95.033,95.54,18.824,841.702
hybrid,on_prem,sync,4,59,45.158,21.96,87.898,82.833,17.207,830.739
hybrid,on_prem,sync,1,50,25.882,23.255,90.798,81.937,19.728,165.332
hybrid,on_prem,sync,1,53,35.99,18.647,96.25,81.003,23.818,1478.088
hybrid,on_prem,sync,1,46,12.842,5.942,84.475,91.793,4.323,40.288
hybrid,on_prem,sync,4,45,62.099,16.088,92.304,90.578,7.193,609.555
hybrid,on_prem,sync,1,57,37.427,13.255,96.41,80.795,14.45,1162.4
microservices,on_prem,sync,4,42,10.212,18.74,86.031,94.895,10.743,399.016
microservices,on_prem,sync,1,52,70.995,21.882,82.456,81.692,13.032,766.549
hybrid,on_prem,sync,4,43,47.602,10.163,91.446,87.581,3.68,330.384
microservices,on_prem,sync,1,52,86.751,6.659,87.626,84.986,23.869,1370.549
hybrid,on_prem,sync,1,53,114.302,22.12,96.419,86.679,18.943,85.297
hybrid,on_prem,sync,4,50,21.385,12.501,85.473,96.113,21.312,1130.229
microservices,on_prem,sync,1,41,74.261,22.34,90.543,81.2,12.551,1465.144
event_driven,on_cloud,async,2,38,1173.64,29.7384,40.8606,48.9941,355.932,59163.0
hybrid,on_prem,sync,4,45,91.716,9.32,95.18,94.095,1.888,801.644
hybrid,on_prem,sync,4,53,18.534,13.919,91.33,88.896,18.455,545.072
hybrid,on_prem,sync,1,46,24.472,22.106,85.728,88.642,6.298,1166.224
hybrid,on_prem,sync,4,49,78.415,19.332,81.299,88.842,0.503,976.159
hybrid,on_prem,sync,4,52,122.087,20.253,93.771,98.717,12.993,1371.899
microservices,on_prem,sync,1,49,77.969,6.371,86.895,88.698,10.482,763.567
hybrid,on_prem,sync,4,57,42.65,13.53,92.077,80.422,22.069,1164.854
microservices,on_prem,sync,1,57,7.239,5.742,83.314,95.409,21.769,909.721
microservices,on_prem,sync,4,49,12.119,15.714,85.72,97.36,13.492,949.017
microservices,on_prem,sync,4,50,47.682,18.775,88.624,95.434,23.826,1305.792
microservices,on_prem,sync,1,43,8.754,20.107,96.228,82.165,2.542,569.971
microservices,on_prem,sync,4,54,124.6,5.586,89.838,86.891,21.846,237.877
microservices,on_prem,sync,4,50,122.545,16.817,85.689,97.593,9.225,1148.314
microservices,on_prem,sync,4,44,51.354,22.92,98.639,94.706,24.854,125.473
microservices,on_prem,sync,1,51,116.535,9.15,95.257,89.397,7.333,1182.029
microservices,on_prem,sync,1,45,114.641,19.031,88.812,83.205,1.972,745.274
microservices,on_prem,sync,4,45,31.19,10.507,90.989,91.511,18.694,961.225
hybrid,on_prem,sync,4,48,73.532,22.338,83.919,98.095,8.267,531.433
hybrid,on_prem,sync,1,54,110.157,15.997,83.342,94.513,21.43,307.66
hybrid,on_prem,sync,4,52,75.166,12.561,98.642,80.861,20.589,161.328
microservices,on_prem,sync,4,54,29.744,23.383,87.942,91.437,15.663,1248.096
microservices,on_prem,sync,4,51,39.905,8.03,91.792,92.03,5.69,134.382
microservices,on_prem,sync,4,49,94.281,14.66,80.7,95.361,6.159,1048.95
hybrid,on_prem,sync,4,44,56.36,12.067,97.125,90.201,15.868,94.506
hybrid,on_prem,sync,4,54,52.293,5.397,80.713,91.686,16.901,115.122
hybrid,on_prem,sync,4,41,49.555,3.957,99.054,85.006,11.138,602.131
hybrid,on_prem,sync,1,49,119.919,17.028,88.345,90.896,8.385,687.346
hybrid,on_prem,sync,4,45,87.435,16.05,82.894,97.271,12.758,851.763
hybrid,on_prem,sync,1,47,56.98,20.375,90.963,97.667,21.359,804.198
microservices,on_prem,sync,4,44,57.865,6.672,87.966,95.197,17.755,263.169
hybrid,on_prem,sync,4,59,59.416,24.716,89.7,82.905,5.982,1507.99
hybrid,on_prem,sync,4,42,96.7,23.755,84.356,91.281,23.216,1467.841
microservices,on_prem,sync,1,46,56.897,3.752,83.21,81.731,11.528,732.645
hybrid,on_prem,sync,4,53,73.884,18.678,85.797,93.9,14.764,1163.745
microservices,on_prem,sync,1,45,22.672,22.211,92.021,94.899,3.319,839.361
hybrid,on_prem,sync,1,54,9.057,10.743,81.847,86.689,16.571,89.213
microservices,on_prem,sync,4,46,88.668,15.07,99.627,88.816,13.929,1263.069
microservices,on_prem,sync,1,49,17.262,10.857,84.254,89.91,14.881,336.472
microservices,on_prem,sync,1,59,54.281,20.638,80.315,97.823,23.344,1217.098
hybrid,on_prem,sync,1,57,68.937,20.403,85.264,93.016,10.739,765.451
hybrid,on_prem,sync,1,48,35.113,3.511,87.191,92.299,20.793,1495.23
microservices,on_prem,sync,1,49,30.321,12.467,92.445,94.67,21.739,655.984
hybrid,on_prem,sync,1,43,77.98,9.056,88.662,80.276,11.242,1222.056
hybrid,on_prem,sync,4,54,102.129,2.706,91.531,95.368,2.634,184.913
microservices,on_prem,sync,4,55,67.554,16.358,81.597,86.534,7.517,450.599
serverless,on_prem,async,2,2,244.841,22.8113,22.7809,15.8767,317.741,47171.0
hybrid,on_prem,sync,4,41,68.425,20.088,99.945,87.288,12.494,268.448
microservices,on_prem,sync,1,43,21.184,24.404,94.774,97.702,24.295,1168.0
microservices,on_prem,sync,1,47,77.626,12.885,82.29,94.612,0.56,1300.709
hybrid,on_prem,sync,1,42,86.909,5.808,81.339,87.452,22.055,1190.968
hybrid,on_prem,sync,4,44,99.12,11.614,93.201,82.503,5.194,1404.683
hybrid,on_prem,sync,1,50,11.093,19.869,80.437,83.789,7.879,961.312
microservices,on_prem,sync,1,56,38.033,19.653,94.45,93.5,8.694,644.611
microservices,on_prem,sync,1,45,106.82,14.109,94.311,86.061,4.123,1522.333
microservices,on_prem,sync,1,46,47.926,15.602,97.423,87.816,20.917,973.03
hybrid,on_prem,sync,1,58,92.322,9.628,97.405,99.406,21.779,867.218
microservices,on_prem,sync,4,45,76.042,16.51,82.887,96.741,13.524,140.88
hybrid,on_prem,sync,1,57,15.226,7.354,99.13,90.753,24.415,370.874
hybrid,on_prem,sync,4,48,42.945,5.276,86.102,87.341,8.049,339.796
microservices,on_prem,sync,4,52,61.185,15.628,80.355,96.444,3.778,709.801
hybrid,on_prem,sync,1,52,66.403,21.823,98.331,92.15,14.397,1278.714
microservices,on_prem,sync,1,54,35.295,18.111,83.293,81.167,13.606,1239.598
hybrid,on_prem,sync,1,42,95.317,8.06,93.506,89.663,5.488,735.218
hybrid,on_prem,sync,1,52,87.92,15.201,91.21,80.353,17.237,1431.38
hybrid,on_prem,sync,1,56,50.776,8.183,97.142,89.418,17.469,203.521
hybrid,on_prem,sync,1,51,39.638,24.018,93.492,83.168,15.461,188.346
microservices,on_prem,sync,4,56,66.828,5.164,85.427,86.912,9.423,1419.221
microservices,on_prem,sync,4,59,112.999,2.867,94.803,94.273,1.665,1174.112
microservices,on_prem,sync,1,41,25.024,23.57,85.822,88.653,9.382,1089.49
hybrid,on_prem,sync,4,44,104.078,21.579,84.394,91.729,15.068,751.728
serverless,on_prem,sync,2,16,309.394,70.2613,53.6163,51.1088,253.225,92203.0
hybrid,on_prem,sync,4,42,55.995,15.015,92.381,86.268,12.224,1310.063
hybrid,on_prem,sync,1,44,40.462,5.743,97.174,84.277,23.838,291.727
microservices,on_prem,sync,4,45,17.085,13.24,96.499,84.607,11.354,1515.304
microservices,on_prem,sync,1,43,26.051,19.865,83.623,80.811,20.158,694.518
hybrid,on_prem,sync,4,51,82.072,9.885,85.654,83.721,8.056,226.559
hybrid,on_prem,sync,1,46,82.507,13.686,98.445,89.479,5.493,419.54
hybrid,on_prem,sync,4,45,77.368,5.139,87.481,97.274,8.448,577.71
microservices,on_prem,sync,4,54,121.403,22.004,90.212,92.85,1.736,961.621
hybrid,on_prem,sync,4,42,60.003,14.343,86.562,84.982,8.177,497.325
hybrid,on_prem,sync,1,58,51.276,16.701,93.018,83.874,11.162,1371.842
microservices,on_prem,sync,4,55,87.505,21.97,97.021,90.535,2.836,212.049
microservices,on_prem,sync,4,42,118.444,24.814,82.202,80.363,13.834,78.424
microservices,on_prem,sync,1,54,67.003,4.996,95.084,85.098,10.545,1143.967
serverless,on_cloud,mixed,3,12,401.55,46.124,54.2897,0.0400137,143.929,72339.0
microservices,on_prem,sync,1,54,55.842,2.443,98.684,86.702,11.147,631.57
microservices,on_prem,sync,4,50,75.379,23.695,83.942,83.24,14.161,90.785
microservices,on_prem,sync,4,45,70.056,23.773,81.175,96.821,11.591,439.812
microservices,on_prem,sync,4,49,42.606,22.766,98.718,89.06,8.095,625.83
hybrid,on_prem,sync,4,46,47.505,22.957,86.788,94.913,14.605,1188.608
hybrid,on_prem,sync,4,51,113.946,16.511,81.059,92.671,3.504,212.745
microservices,on_prem,sync,1,49,30.691,22.118,84.263,83.812,2.392,1364.944
hybrid,on_prem,sync,1,45,63.852,5.225,81.956,89.564,17.596,814.361
hybrid,on_prem,sync,1,48,20.957,17.525,95.523,88.825,12.568,501.126
hybrid,on_prem,sync,4,44,36.282,6.634,89.901,82.584,11.778,53.82
hybrid,on_prem,sync,1,48,48.428,11.647,89.983,92.618,19.3,615.304
hybrid,on_prem,sync,4,47,35.417,5.821,88.135,98.93,18.964,806.613
hybrid,on_prem,sync,1,55,39.935,5.188,87.629,83.337,11.434,1092.977
hybrid,on_prem,sync,4,52,47.929,21.894,93.622,80.648,8.164,1293.663
hybrid,on_prem,sync,4,54,18.352,16.872,82.234,87.324,24.885,973.587
microservices,on_prem,sync,4,53,109.699,13.256,93.844,84.238,23.583,842.933
hybrid,on_prem,sync,4,44,9.025,7.634,95.5,89.899,2.308,725.079
hybrid,on_prem,sync,4,56,74.82,5.918,80.743,93.649,20.24,872.713
microservices,on_prem,sync,4,52,101.719,15.762,83.298,90.273,10.633,168.477
microservices,on_prem,sync,1,52,73.804,10.306,88.497,83.905,11.741,1486.719
hybrid,on_prem,sync,1,58,68.329,3.182,96.107,83.805,20.981,1105.358
hybrid,on_prem,sync,4,42,106.305,12.686,83.823,85.82,1.98,403.764
hybrid,on_prem,sync,4,54,98.983,5.927,94.799,91.852,7.303,545.578
microservices,on_prem,sync,1,47,56.566,6.639,85.724,80.417,22.503,796.999
hybrid,on_prem,sync,4,52,36.374,5.763,84.343,95.095,5.495,1252.976
microservices,on_prem,sync,4,46,35.426,8.147,92.535,95.39,8.501,68.394
hybrid,on_prem,sync,4,42,72.453,16.279,99.718,88.792,11.913,1461.413
microservices,on_prem,sync,1,53,48.682,14.491,91.761,81.586,18.716,80.018
hybrid,on_prem,sync,4,41,8.698,19.248,95.557,95.383,3.953,911.693
hybrid,on_prem,sync,1,54,65.346,9.391,94.821,95.11,22.04,772.798
microservices,on_prem,sync,4,40,67.777,14.407,84.48,95.089,4.655,69.77
hybrid,on_prem,sync,4,56,90.217,18.781,96.315,87.772,6.536,433.44
hybrid,on_prem,sync,4,54,70.165,24.438,99.174,96.958,4.397,302.579
hybrid,on_prem,sync,4,52,37.354,8.211,94.728,98.418,5.283,623.191
microservices,on_prem,sync,4,49,97.721,22.184,91.46,98.727,4.108,1266.255
hybrid,on_prem,sync,4,58,29.821,10.088,99.725,96.018,6.579,1539.868
microservices,on_prem,sync,4,51,99.133,14.57,91.434,81.415,14.33,1158.446
microservices,on_prem,sync,4,51,65.495,11.203,93.189,97.625,21.023,942.583
hybrid,on_prem,sync,4,58,84.305,14.156,92.308,98.0,10.812,1266.371
hybrid,on_prem,sync,1,43,91.699,23.478,88.279,83.245,16.35,981.958
microservices,on_prem,sync,4,56,116.772,7.878,94.475,86.776,6.328,1150.594
microservices,on_prem,sync,4,51,40.779,3.79,83.742,97.355,0.069,963.35
microservices,on_prem,sync,4,44,63.777,20.441,95.078,83.785,17.031,1027.325
hybrid,on_prem,sync,1,52,72.245,17.308,95.233,90.491,17.484,269.451
hybrid,on_prem,sync,4,41,48.525,11.217,96.414,83.612,1.54,944.572
microservices,on_prem,sync,1,49,113.486,12.582,87.153,80.894,4.305,469.235
hybrid,on_prem,sync,4,48,23.559,7.761,86.108,95.698,17.635,1314.602
microservices,on_prem,sync,4,59,87.135,14.856,83.337,89.301,17.881,78.024
microservices,on_prem,sync,4,51,108.502,24.761,86.019,88.414,19.456,329.595
hybrid,on_prem,sync,1,49,123.424,16.555,85.377,88.117,23.02,1049.599
microservices,on_prem,sync,4,51,23.05,23.483,98.654,87.054,22.681,994.062
hybrid,on_prem,sync,4,52,38.49,18.216,80.26,84.852,22.414,365.703
hybrid,on_prem,sync,1,44,76.042,3.12,88.351,90.013,5.848,429.018
hybrid,on_prem,sync,1,58,12.664,23.991,89.447,91.968,24.531,1468.801
microservices,on_prem,sync,1,46,77.547,18.521,90.088,97.251,20.999,906.049
microservices,on_prem,sync,4,43,71.384,20.877,89.984,84.658,21.787,1527.488
microservices,on_prem,sync,1,55,47.493,11.134,87.509,82.924,22.35,141.529
microservices,on_prem,sync,1,41,60.464,23.498,80.351,84.859,11.345,341.212
hybrid,on_prem,sync,4,51,25.401,6.783,97.43,90.402,16.508,1483.032
hybrid,on_prem,sync,4,44,34.679,6.348,80.79,85.135,13.664,206.457
microservices,on_prem,sync,1,56,19.585,21.551,88.825,85.977,7.391,105.949
microservices,on_prem,sync,1,53,55.019,12.158,84.172,85.89,4.448,1367.635
microservices,on_prem,sync,1,55,86.489,13.227,80.956,97.252,20.379,1320.254
hybrid,on_prem,sync,4,50,102.474,8.694,99.267,91.585,0.44,1384.439
hybrid,on_prem,sync,4,41,38.651,11.531,98.446,86.513,10.009,1367.27
microservices,on_prem,sync,4,45,103.619,12.838,83.718,80.814,23.363,1522.637
hybrid,on_prem,sync,1,52,39.089,2.178,81.538,89.763,10.889,1108.377
event_driven,on_cloud,mixed,2,6,966.462,1.37368,26.8436,40.2118,96.039,49532.0
hybrid,on_prem,sync,1,43,80.208,20.529,85.489,82.697,0.187,1534.572
hybrid,on_prem,sync,1,49,32.058,5.58,90.605,82.485,19.374,1100.089
microservices,on_prem,sync,4,59,103.246,7.729,85.504,83.234,7.313,649.648
microservices,on_prem,sync,4,49,95.157,13.536,92.767,96.494,4.32,212.03
microservices,on_prem,sync,1,48,65.506,24.02,89.036,98.594,14.441,116.933
hybrid,on_prem,sync,4,50,31.012,23.466,85.222,89.555,19.419,336.015
microservices,on_prem,sync,1,50,68.794,6.883,90.616,97.719,12.976,744.47
hybrid,on_prem,sync,1,53,106.072,18.377,91.552,82.726,0.871,1154.026
hybrid,on_prem,sync,1,47,94.852,23.247,87.54,99.002,13.592,436.081
hybrid,on_prem,sync,1,56,109.501,4.837,83.541,99.159,10.673,633.386
hybrid,on_prem,sync,1,53,118.22,22.904,83.21,84.168,13.417,1036.395
hybrid,on_prem,sync,1,56,46.953,14.338,92.153,81.288,15.925,524.646
microservices,on_prem,sync,1,45,50.619,23.404,99.457,90.438,4.153,1237.791
hybrid,on_prem,sync,1,47,22.543,10.138,88.765,84.047,11.534,1067.847
hybrid,on_prem,sync,4,50,20.099,7.928,99.09,96.162,11.165,254.655
hybrid,on_prem,sync,4,51,95.1,8.5,92.292,92.476,15.76,1406.345
microservices,on_prem,sync,4,53,73.23,4.392,99.989,80.356,14.018,1185.939
microservices,on_prem,sync,1,56,38.522,16.367,83.318,93.34,12.028,369.156
hybrid,on_prem,sync,4,42,64.141,8.372,85.534,98.825,6.109,1539.149
microservices,on_prem,sync,4,55,68.683,16.944,97.17,98.639,7.15,1133.937
microservices,on_prem,sync,4,59,108.753,4.656,96.102,86.916,23.811,257.947
microservices,on_prem,sync,4,52,60.363,8.711,80.447,96.436,23.773,750.038
microservices,on_prem,sync,1,44,35.809,6.946,83.416,98.839,2.319,1329.572
microservices,on_prem,sync,4,48,102.157,14.619,91.873,86.877,6.599,1256.195
microservices,on_prem,sync,1,42,48.408,21.831,97.751,85.178,4.179,1071.545
microservices,on_prem,sync,4,41,83.074,12.194,89.878,81.174,2.762,1319.44
hybrid,on_prem,sync,4,52,64.051,23.764,81.074,91.279,1.661,204.507
microservices,on_prem,sync,1,55,80.842,9.822,82.692,81.412,3.891,318.249
microservices,on_prem,sync,4,59,25.675,10.053,87.734,88.138,15.661,1520.85
microservices,on_prem,sync,4,50,45.874,13.04,92.369,94.511,4.097,855.705
hybrid,on_prem,sync,1,48,105.928,16.759,92.881,91.683,17.993,583.377
hybrid,on_prem,sync,4,41,69.108,16.131,94.804,85.144,17.35,221.439
hybrid,on_prem,sync,4,41,40.858,16.111,83.664,92.265,11.583,234.161
microservices,on_prem,sync,1,40,33.761,23.748,94.847,81.556,23.393,198.673
microservices,on_prem,sync,1,44,31.462,23.517,82.0,80.69,9.032,1212.467
microservices,on_prem,sync,1,41,117.389,6.392,84.758,98.985,13.077,1327.326
microservices,on_prem,sync,4,54,23.441,4.787,84.268,91.703,15.775,227.292
microservices,on_prem,sync,4,53,46.551,11.533,81.57,97.821,2.643,566.058
hybrid,on_prem,sync,1,50,69.798,3.339,95.22,99.724,12.863,809.56
microservices,on_prem,sync,1,49,53.631,7.044,88.944,90.454,10.552,662.798
microservices,on_prem,sync,1,46,13.886,10.872,93.467,80.641,24.742,479.944
hybrid,on_prem,sync,1,49,94.693,17.831,91.375,85.486,15.52,1115.568
microservices,on_prem,sync,4,50,49.253,21.515,97.875,88.442,15.347,801.501
hybrid,on_prem,sync,1,49,68.43,13.09,95.023,87.32,14.22,982.334
microservices,on_prem,sync,4,58,24.125,5.049,89.369,81.631,15.996,76.665
microservices,on_prem,sync,4,48,47.506,14.001,87.568,86.19,6.292,420.545
microservices,on_prem,sync,4,57,17.163,8.057,97.579,98.925,15.975,662.718
hybrid,on_prem,sync,4,58,100.411,10.898,83.012,81.634,8.595,184.678
hybrid,on_prem,sync,4,42,86.7,23.263,96.045,88.69,9.357,702.682
microservices,on_prem,sync,4,43,42.324,18.933,99.689,91.054,19.849,1055.957
microservices,on_prem,sync,1,57,85.06,9.803,80.923,97.135,12.271,446.201
hybrid,on_prem,sync,1,42,87.454,21.425,99.936,89.584,5.029,63.438
microservices,on_prem,sync,4,40,99.573,15.707,95.371,99.463,9.199,630.365
hybrid,on_prem,sync,4,55,18.306,20.593,80.293,91.932,2.617,835.256
hybrid,on_prem,sync,4,50,8.161,16.096,92.721,92.911,8.777,428.484
hybrid,on_prem,sync,1,44,94.366,6.747,82.094,90.826,19.622,155.955
hybrid,on_prem,sync,4,58,37.281,23.592,98.439,91.673,8.113,494.509
microservices,on_prem,sync,1,41,85.328,3.871,87.848,86.525,16.119,862.68
hybrid,on_prem,sync,4,50,103.019,4.683,97.908,92.962,13.632,1248.266
microservices,on_prem,sync,1,57,13.308,5.496,81.023,84.795,0.607,1527.774
hybrid,on_prem,sync,4,51,16.333,10.774,93.091,85.291,1.315,1067.851
hybrid,on_prem,sync,4,44,63.374,22.744,94.709,88.86,24.857,1537.319
microservices,on_prem,sync,1,46,68.073,14.031,99.907,93.027,18.71,378.021
hybrid,on_prem,sync,4,49,120.705,6.469,96.408,95.301,8.515,1523.432
microservices,on_prem,sync,4,44,95.505,3.601,87.206,88.396,23.19,199.501
hybrid,on_prem,sync,1,47,8.11,2.124,90.512,92.482,7.038,104.53
hybrid,on_prem,sync,4,52,26.09,15.04,82.021,90.715,16.722,97.084
microservices,on_prem,sync,1,43,103.106,9.407,95.353,87.445,10.769,368.181
microservices,on_prem,sync,4,54,47.082,19.082,80.321,92.787,24.208,107.605
hybrid,on_prem,sync,1,42,99.514,14.701,86.05,87.594,13.94,810.028
microservices,on_prem,sync,1,48,63.095,15.129,99.808,90.811,14.445,1533.815
microservices,on_prem,sync,1,56,87.863,5.588,90.038,88.31,10.859,1037.173
microservices,on_prem,sync,4,45,77.8,22.518,90.546,98.996,5.987,1169.948
hybrid,on_prem,sync,4,47,72.784,14.519,90.339,94.963,19.377,124.032
microservices,on_prem,sync,1,44,8.029,7.811,85.337,81.472,17.711,1362.702
microservices,on_prem,sync,4,48,106.878,13.427,81.967,96.818,24.708,150.62
microservices,on_prem,sync,4,53,90.143,22.201,82.501,97.627,13.196,202.68
hybrid,on_prem,sync,4,49,55.184,7.688,95.187,88.065,6.805,477.235
microservices,on_prem,sync,1,40,11.522,23.935,80.173,91.016,21.022,493.128
microservices,on_prem,sync,4,49,58.929,10.598,90.636,88.84,12.331,641.268
microservices,on_prem,sync,4,54,36.305,23.033,97.257,96.34,17.383,1443.449
hybrid,on_prem,sync,4,53,121.587,18.242,80.245,85.613,21.719,1338.603
hybrid,on_prem,sync,4,56,28.359,3.266,80.862,88.163,19.326,394.383
microservices,on_prem,sync,1,56,42.733,12.681,91.789,91.182,3.809,467.653
hybrid,on_prem,sync,4,51,37.629,23.495,90.764,87.432,20.486,1478.63
microservices,on_prem,sync,1,55,103.391,11.92,95.516,99.714,19.578,714.472
hybrid,on_prem,sync,4,51,86.73,17.841,90.453,92.53,4.106,945.775
microservices,on_prem,sync,4,43,37.871,18.111,86.873,83.709,6.052,596.672
microservices,on_prem,sync,4,49,124.916,5.413,92.343,99.066,11.976,1110.422
microservices,on_prem,sync,4,45,12.964,11.764,85.86,86.619,7.821,1243.906
hybrid,on_prem,sync,4,59,14.487,16.253,81.671,98.822,4.664,881.856
hybrid,on_prem,sync,1,53,65.388,15.015,96.329,96.66,8.174,1242.642
microservices,on_prem,sync,1,51,36.384,18.113,86.738,92.379,7.411,1041.658
hybrid,on_prem,sync,1,49,38.071,18.439,83.99,80.158,6.237,973.383
hybrid,on_prem,sync,4,43,35.737,19.426,83.486,93.266,10.81,1453.626
hybrid,on_prem,sync,1,45,47.922,4.764,80.347,99.236,3.144,159.791
microservices,on_prem,sync,1,58,10.404,10.29,85.583,84.323,16.674,1337.767
microservices,on_prem,sync,4,49,111.821,16.164,84.367,83.82,0.414,1035.79
microservices,on_prem,sync,4,40,117.26,6.221,92.746,91.437,12.818,735.965
microservices,on_prem,sync,1,42,101.278,21.294,90.874,87.563,9.846,779.241
microservices,on_prem,sync,4,51,75.006,8.231,84.428,88.014,20.299,66.129
microservices,on_prem,sync,4,49,41.391,24.777,91.624,87.71,20.574,672.241
microservices,on_prem,sync,4,45,81.468,7.808,98.805,91.208,9.171,1538.221
microservices,on_prem,sync,1,45,108.103,12.562,96.774,80.968,13.256,79.52
hybrid,on_prem,sync,4,52,8.842,5.991,90.737,81.432,10.997,1002.527
microservices,on_prem,sync,1,54,111.971,19.951,99.601,97.263,24.864,963.232
hybrid,on_prem,sync,4,57,49.041,21.398,83.264,90.29,12.299,442.866
microservices,on_prem,sync,1,53,100.106,17.549,97.504,89.007,0.87,266.875
microservices,on_prem,sync,1,56,105.849,13.594,97.234,96.174,12.252,552.55
microservices,on_prem,sync,1,41,86.145,10.281,90.514,95.303,1.789,134.654
hybrid,on_prem,sync,1,46,29.023,23.099,89.11,94.336,19.439,1371.335
microservices,on_prem,sync,1,58,30.187,8.07,93.342,88.88,15.205,646.748
microservices,on_prem,sync,1,55,69.872,18.854,88.123,86.041,10.28,1393.574
hybrid,on_prem,sync,4,50,16.53,13.574,82.906,97.441,8.879,764.539
hybrid,on_prem,sync,1,54,112.887,15.598,80.782,82.244,7.007,646.196
hybrid,on_prem,sync,4,43,28.252,6.468,96.157,91.497,1.834,1017.682
microservices,on_prem,sync,1,49,74.359,4.095,91.728,98.153,14.483,1344.378
hybrid,on_prem,sync,1,57,63.767,21.459,85.711,86.653,1.968,867.253
hybrid,on_prem,sync,1,57,94.087,19.327,88.606,85.988,20.806,1329.773
microservices,on_prem,sync,1,59,59.794,10.307,84.107,84.803,13.0,769.82
microservices,on_prem,sync,4,58,57.991,20.306,93.425,88.599,20.342,864.588
hybrid,on_prem,sync,4,40,67.103,3.724,80.524,89.682,12.071,960.581
hybrid,on_prem,sync,4,50,36.635,23.492,88.775,86.419,6.692,812.497
microservices,on_prem,sync,1,43,74.463,8.681,83.059,96.246,1.652,1205.012
microservices,on_prem,sync,4,56,64.204,15.798,83.372,92.113,24.966,1505.736
microservices,on_prem,sync,1,52,8.415,19.822,84.327,81.715,24.304,1304.364
hybrid,on_prem,sync,4,40,111.426,16.47,84.006,98.083,6.468,955.485
microservices,on_prem,sync,1,45,31.655,9.978,83.722,81.218,10.483,491.619
microservices,on_prem,sync,1,50,91.371,16.485,99.961,89.687,18.403,310.902
microservices,on_prem,sync,4,47,30.887,12.05,88.96,98.338,9.313,1525.252
microservices,on_prem,sync,4,59,37.295,23.779,80.919,85.548,5.247,494.621
microservices,on_prem,sync,4,49,43.978,15.691,85.671,97.619,16.918,510.615
microservices,on_prem,sync,1,45,105.096,16.402,81.332,92.959,2.906,345.962
microservices,on_prem,sync,4,51,30.417,22.864,96.527,86.505,23.235,819.673
microservices,on_prem,sync,4,49,97.599,11.843,90.161,80.354,7.756,128.357
microservices,on_prem,sync,1,59,23.89,17.13,96.942,86.123,22.399,998.988
microservices,on_prem,sync,4,56,33.333,12.057,99.464,80.246,12.252,1148.509
microservices,on_prem,sync,1,49,57.264,12.412,97.581,84.847,23.601,410.983
hybrid,on_prem,sync,1,58,31.83,22.802,81.51,87.633,9.771,1296.999
microservices,on_prem,sync,4,53,44.902,13.062,97.27,92.62,18.65,611.398
microservices,on_prem,sync,4,53,35.983,21.947,95.641,98.232,8.677,761.698
hybrid,on_prem,sync,4,40,64.511,10.33,81.668,88.293,6.061,252.323
hybrid,on_prem,sync,1,43,71.345,12.752,90.055,90.832,11.667,1114.535
hybrid,on_prem,sync,4,46,67.808,11.642,88.254,88.778,19.277,558.306
microservices,on_prem,sync,1,57,117.992,15.06,92.875,83.205,8.827,363.993
microservices,on_prem,sync,4,42,19.592,15.863,87.227,86.597,4.437,794.701
hybrid,on_prem,sync,1,45,113.512,15.325,94.547,85.468,16.49,1308.262
hybrid,on_prem,sync,1,44,39.284,7.469,85.858,93.313,10.105,500.349
microservices,on_prem,sync,1,57,102.093,21.988,96.939,91.955,17.025,811.021
microservices,on_prem,sync,1,40,75.843,21.209,87.31,93.643,16.134,88.306
microservices,on_prem,sync,4,54,114.951,23.787,88.159,89.718,20.361,1426.644
microservices,on_prem,sync,4,55,124.322,20.636,89.277,84.622,20.383,248.373
hybrid,on_prem,sync,1,41,11.02,18.021,88.232,94.457,24.783,1345.255
hybrid,on_prem,sync,1,42,52.329,17.014,90.805,96.783,14.691,622.791
microservices,on_prem,sync,1,50,30.084,6.079,88.84,93.413,18.591,794.142
hybrid,on_prem,sync,1,56,76.945,17.915,84.06,84.083,23.841,517.341
microservices,on_prem,sync,1,42,11.267,15.598,93.65,92.732,9.082,667.164
microservices,on_prem,sync,1,49,29.369,16.872,83.357,99.418,14.726,407.824
hybrid,on_prem,sync,1,40,91.677,22.214,95.254,85.707,7.301,1383.792
microservices,on_prem,sync,1,51,46.896,12.758,87.871,85.562,23.745,719.807
microservices,on_prem,sync,4,51,84.755,7.861,85.004,85.361,20.18,1164.2
microservices,on_prem,sync,1,53,10.422,20.981,80.262,89.311,15.266,817.726
microservices,on_prem,sync,1,50,120.079,21.731,93.09,96.932,23.904,449.444
microservices,on_prem,sync,4,40,52.07,19.654,88.679,98.692,24.784,720.726
hybrid,on_prem,sync,4,44,43.593,20.356,88.149,89.837,14.609,1012.914
microservices,on_prem,sync,1,58,34.106,4.677,98.497,98.557,6.019,445.888
microservices,on_prem,sync,1,40,55.537,7.293,86.077,86.041,22.421,1349.671
microservices,on_prem,sync,4,48,68.782,4.869,90.34,96.012,9.967,993.741
microservices,on_prem,sync,1,42,70.71,19.968,87.758,81.992,14.491,1256.71
hybrid,on_prem,sync,4,56,66.615,4.667,96.864,97.507,17.354,1060.183
microservices,on_prem,sync,4,52,55.303,8.765,90.502,98.894,18.971,1179.125
microservices,on_prem,sync,1,41,96.057,8.992,92.798,96.905,15.423,1350.971
hybrid,on_prem,sync,1,55,31.412,15.466,97.194,99.906,20.194,506.367
microservices,on_prem,sync,1,47,16.706,20.117,97.824,94.669,17.391,742.061
hybrid,on_prem,sync,1,40,16.17,16.858,99.354,88.77,15.97,1286.916
hybrid,on_prem,sync,1,44,90.166,9.876,84.087,95.589,18.188,488.974
hybrid,on_prem,sync,4,40,36.544,2.61,97.673,96.35,17.616,1261.519
hybrid,on_prem,sync,1,55,43.472,21.028,98.445,93.02,9.127,150.834
hybrid,on_prem,sync,4,46,23.866,17.022,91.189,86.452,21.983,712.906
microservices,on_prem,sync,1,59,92.954,13.949,99.543,93.399,5.642,475.78
microservices,on_prem,sync,4,49,91.191,20.231,96.849,98.202,18.495,1076.232
hybrid,on_prem,sync,4,53,120.73,3.71,99.248,93.533,4.456,1006.743
microservices,on_prem,sync,1,44,11.706,14.406,90.236,89.074,5.718,1205.529
hybrid,on_prem,sync,1,53,72.971,17.947,83.695,90.362,7.317,374.788
microservices,on_prem,sync,4,44,116.107,16.056,81.63,89.769,2.14,1032.533
hybrid,on_prem,sync,1,49,110.03,8.524,90.349,81.691,19.878,314.522
microservices,on_prem,sync,1,50,54.501,13.351,97.424,94.108,12.431,307.926
hybrid,on_prem,sync,1,56,44.58,12.892,95.057,80.618,22.161,468.126
hybrid,on_prem,sync,4,46,102.078,24.793,88.421,99.021,20.25,166.293
hybrid,on_prem,sync,4,51,22.154,22.51,98.215,96.262,3.287,860.285
hybrid,on_prem,sync,4,56,16.876,2.984,83.561,85.839,18.853,641.802
microservices,on_prem,sync,4,42,17.33,13.857,99.857,91.077,2.306,901.321
hybrid,on_prem,sync,1,52,69.474,12.987,98.632,83.788,21.066,1079.902
microservices,on_prem,sync,4,41,89.565,22.365,92.926,90.002,21.29,309.743
microservices,on_prem,sync,1,40,82.484,10.834,96.675,87.864,19.678,1173.191
hybrid,on_prem,sync,4,55,17.397,6.431,84.919,97.999,19.323,724.0
microservices,on_prem,sync,4,49,90.996,17.066,90.522,81.066,3.234,926.931
microservices,on_prem,sync,4,44,80.316,18.372,99.07,84.533,3.651,1234.793
hybrid,on_prem,sync,1,52,101.781,21.351,86.911,87.378,20.855,1386.274
microservices,on_prem,sync,4,42,52.296,15.042,91.959,99.037,1.958,408.227
hybrid,on_prem,sync,1,51,15.095,4.899,95.447,93.007,16.339,1376.272
microservices,on_prem,sync,4,56,74.315,16.005,92.872,98.689,21.402,116.974
hybrid,on_prem,sync,4,42,61.904,8.196,98.647,85.843,15.644,839.726
microservices,on_prem,sync,1,40,16.046,20.696,82.375,95.959,0.902,129.033
microservices,on_prem,sync,4,43,116.203,17.011,93.333,96.019,16.099,1084.098
hybrid,on_prem,sync,4,51,95.826,7.893,80.166,93.861,0.732,364.091
hybrid,on_prem,sync,1,50,64.866,13.252,94.375,81.094,18.27,429.774
hybrid,on_prem,sync,4,52,93.851,11.834,90.422,91.626,4.285,1173.573
microservices,on_prem,sync,1,47,28.359,24.739,92.748,84.088,3.193,631.814
microservices,on_prem,sync,4,43,56.578,12.312,81.137,94.849,21.963,606.562
hybrid,on_prem,sync,4,55,116.109,3.19,93.999,93.861,13.751,313.246
hybrid,on_prem,sync,1,52,24.594,21.574,88.514,88.13,5.961,366.938
microservices,on_prem,sync,1,49,24.373,21.645,85.5,92.575,0.171,1382.825
hybrid,on_prem,sync,1,43,15.511,13.092,95.521,84.695,1.884,1191.265
microservices,on_prem,sync,1,56,49.169,18.089,81.801,97.214,24.247,160.52
hybrid,on_prem,sync,1,54,44.93,23.481,85.4,98.925,13.302,615.441
hybrid,on_prem,sync,4,49,109.159,15.292,81.522,95.137,6.542,1142.921
microservices,on_prem,sync,4,42,91.465,18.16,95.138,82.739,13.827,133.666
hybrid,on_prem,sync,1,47,31.093,22.859,88.269,92.76,13.127,438.564
hybrid,on_prem,sync,1,51,52.969,15.94,96.828,89.205,19.398,52.12
hybrid,on_prem,sync,4,51,94.049,23.562,89.936,94.589,1.851,139.671
microservices,on_prem,sync,4,42,22.106,16.16,99.003,98.817,3.276,1202.179
hybrid,on_prem,sync,4,55,76.611,21.167,86.83,97.907,1.751,934.578
microservices,on_prem,sync,4,45,112.621,12.951,88.313,86.211,16.337,534.398
microservices,on_prem,sync,4,59,72.386,15.46,98.572,80.935,0.159,781.088
microservices,on_prem,sync,1,51,116.515,5.967,83.161,84.6,3.343,796.887
microservices,on_prem,sync,1,43,57.348,4.33,95.311,98.372,16.656,702.716
hybrid,on_prem,sync,4,42,115.032,16.424,87.686,96.102,17.73,1392.521
microservices,on_prem,sync,4,54,22.102,15.197,88.192,81.122,8.857,1191.65
hybrid,on_prem,sync,4,49,29.891,6.061,99.124,93.606,13.251,62.388
microservices,on_prem,sync,4,43,49.445,11.119,98.183,91.738,17.783,1318.216
microservices,on_prem,sync,1,50,12.588,9.56,89.973,90.302,2.996,668.711
hybrid,on_prem,sync,4,42,119.2,12.691,80.6,88.745,7.146,1274.508
hybrid,on_prem,sync,4,50,59.629,22.452,88.897,86.805,23.95,616.656
microservices,on_prem,sync,1,42,100.975,23.141,95.166,94.236,21.055,1114.711
hybrid,on_prem,sync,4,56,60.503,15.208,88.708,99.489,8.639,859.861
microservices,on_prem,sync,4,53,46.406,12.039,92.433,90.29,20.684,1360.581
hybrid,on_prem,sync,1,57,58.402,11.077,87.766,90.862,18.232,1010.071
hybrid,on_prem,sync,4,59,73.271,11.107,84.193,92.679,16.628,1294.642
microservices,on_prem,sync,1,53,7.428,19.313,86.798,81.884,16.745,592.563
hybrid,on_prem,sync,1,47,93.387,23.757,94.763,95.969,9.905,719.39
microservices,on_prem,sync,1,45,76.997,20.887,89.771,92.426,24.576,1354.719
microservices,on_prem,sync,4,53,86.26,9.583,86.939,85.948,6.298,909.554
hybrid,on_prem,sync,1,40,61.578,7.468,93.245,97.741,5.704,319.854
hybrid,on_prem,sync,1,58,113.836,11.844,87.565,86.569,17.763,678.598
hybrid,on_prem,sync,4,47,89.166,5.655,83.413,81.419,13.239,370.514
hybrid,on_prem,sync,4,49,84.59,3.777,95.425,98.235,11.407,352.667
hybrid,on_prem,sync,1,40,116.215,11.531,88.435,95.706,2.318,907.687
microservices,on_prem,sync,1,55,106.64,2.292,91.627,85.411,13.479,925.057
hybrid,on_prem,sync,4,50,106.115,22.817,95.363,82.369,22.217,679.165
hybrid,on_prem,sync,4,50,86.699,15.364,94.581,98.119,3.928,1096.156
hybrid,on_prem,sync,1,47,97.481,15.984,89.807,89.126,17.432,842.835
microservices,on_prem,sync,4,40,47.603,2.131,85.695,96.504,1.609,547.763
microservices,on_prem,sync,4,59,52.56,9.395,97.643,87.644,21.713,617.828
microservices,on_prem,sync,1,48,10.689,10.723,84.624,93.763,24.927,1334.814
hybrid,on_prem,sync,1,58,90.068,6.398,88.753,96.798,20.687,989.167
hybrid,on_prem,sync,4,47,52.838,13.984,88.751,80.157,14.775,1484.961
hybrid,on_prem,sync,4,47,15.097,5.409,83.217,93.12,18.202,281.026
hybrid,on_prem,sync,4,49,91.344,23.229,99.791,96.61,24.683,726.736
microservices,on_prem,sync,1,51,22.587,21.478,85.344,84.218,14.084,595.22
hybrid,on_prem,sync,4,57,13.314,17.45,97.7,97.123,19.489,276.753
microservices,on_prem,sync,4,47,69.592,22.466,84.648,96.281,16.031,799.739
microservices,on_prem,sync,1,41,88.33,5.612,90.013,98.318,20.448,385.09
microservices,on_prem,sync,4,43,17.035,14.486,80.827,81.708,24.528,1075.243
hybrid,on_prem,sync,1,57,94.577,9.819,91.085,86.592,12.671,749.741
hybrid,on_prem,sync,4,47,96.032,8.037,92.306,93.018,13.742,1301.538
hybrid,on_prem,sync,1,55,107.088,6.335,82.091,85.826,0.795,618.178
hybrid,on_prem,sync,4,43,25.292,16.992,93.932,81.222,16.069,879.885
microservices,on_prem,sync,4,45,88.252,8.383,88.078,81.685,13.221,630.996
microservices,on_prem,sync,4,45,47.628,24.802,96.251,92.26,0.158,514.714
microservices,on_prem,sync,4,54,117.656,7.347,84.182,85.466,6.299,642.851
hybrid,on_prem,sync,4,44,68.621,5.329,98.19,83.789,20.702,821.59
microservices,on_prem,sync,4,48,104.349,23.225,85.97,93.657,3.006,404.116
microservices,on_prem,sync,4,41,66.026,6.722,99.567,80.212,24.317,284.186
microservices,on_prem,sync,4,47,63.708,10.958,99.181,93.976,20.156,339.192
microservices,on_prem,sync,1,57,45.519,11.645,90.672,93.63,8.448,223.357
microservices,on_prem,sync,4,43,68.609,9.04,99.667,85.064,13.445,539.086
microservices,on_prem,sync,4,53,85.676,15.667,88.011,92.083,17.892,1045.918
microservices,on_prem,sync,1,41,118.308,5.282,98.591,84.762,8.089,1223.483
hybrid,on_prem,sync,1,44,39.357,10.806,90.667,92.479,0.598,1491.554
microservices,on_prem,sync,1,59,21.129,21.48,85.121,91.173,15.818,538.463
microservices,on_prem,sync,1,43,85.261,22.798,99.429,82.439,20.837,117.176
microservices,on_prem,sync,1,57,43.198,9.088,81.971,94.298,2.512,1344.76
microservices,on_prem,sync,1,53,15.342,23.434,92.838,87.189,20.83,1087.496
microservices,on_prem,sync,1,53,82.642,12.842,93.022,88.628,15.805,1514.405
microservices,on_prem,sync,1,56,122.911,23.492,82.373,94.856,19.999,1061.51
microservices,on_prem,sync,4,50,89.75,2.113,95.303,91.206,13.43,1301.304
microservices,on_prem,sync,4,47,6.892,4.0,85.637,80.921,15.928,380.684
hybrid,on_prem,sync,4,57,63.098,2.858,93.173,90.622,1.893,884.176
microservices,on_prem,sync,4,59,100.578,13.636,99.501,98.088,19.858,1506.061
hybrid,on_prem,sync,1,49,122.284,15.423,95.69,93.734,12.668,1159.119
microservices,on_prem,sync,1,49,31.991,21.563,89.814,93.095,18.595,1510.07
hybrid,on_prem,sync,1,54,36.94,5.552,88.625,84.281,22.616,1389.755
hybrid,on_prem,sync,4,40,121.5,5.896,90.404,83.892,22.87,112.647
hybrid,on_prem,sync,1,40,71.707,5.604,81.006,80.1,22.176,1431.4
hybrid,on_prem,sync,1,55,113.118,4.314,80.247,85.764,2.882,564.151
hybrid,on_prem,sync,4,49,49.958,9.916,87.009,95.193,24.022,191.874
microservices,on_prem,sync,4,59,60.319,6.173,85.588,82.265,9.141,96.545
hybrid,on_prem,sync,4,48,81.817,13.631,80.315,80.266,18.303,553.161
hybrid,on_prem,sync,1,55,8.153,13.522,99.046,80.841,17.652,1423.79
hybrid,on_prem,sync,1,45,81.438,17.096,94.724,98.661,14.802,1463.499
hybrid,on_prem,sync,1,40,38.514,22.113,94.349,86.171,14.794,302.389
microservices,on_prem,sync,4,51,31.699,10.352,93.001,91.35,12.765,731.144
microservices,on_prem,sync,4,58,123.122,12.274,80.988,88.066,18.772,998.191
hybrid,on_prem,sync,1,55,117.815,15.515,97.477,90.02,22.929,218.897
microservices,on_prem,sync,1,55,98.897,17.596,95.582,89.474,22.628,659.561
hybrid,on_prem,sync,4,45,104.887,15.641,98.774,83.211,22.103,800.477
hybrid,on_prem,sync,1,55,56.252,15.816,88.578,99.859,9.425,147.593
hybrid,on_prem,sync,4,59,20.948,13.955,93.111,95.986,21.081,705.663
microservices,on_prem,sync,4,49,28.756,12.436,94.684,85.135,6.528,231.003
hybrid,on_prem,sync,1,57,124.913,5.99,96.409,88.051,17.984,47.968
hybrid,on_prem,sync,4,51,78.935,15.229,95.521,85.97,24.208,1531.9
hybrid,on_prem,sync,1,46,84.052,18.291,81.635,99.912,20.96,323.589
microservices,on_prem,sync,1,55,23.682,16.094,88.426,95.066,13.115,1028.081
hybrid,on_prem,sync,4,58,103.572,9.879,95.866,95.011,19.94,1061.677
microservices,on_prem,sync,1,43,54.814,9.013,86.318,97.457,1.702,158.891
hybrid,on_prem,sync,4,46,123.487,24.22,80.384,80.34,5.861,839.188
hybrid,on_prem,sync,4,53,93.622,15.043,83.177,95.196,22.522,1242.799
microservices,on_prem,sync,1,43,120.381,7.469,84.363,82.032,9.714,865.467
microservices,on_prem,sync,1,45,89.917,24.293,90.581,86.41,20.331,295.156
microservices,on_prem,sync,1,52,88.215,13.847,89.946,88.392,9.077,790.18
hybrid,on_prem,sync,4,57,108.124,8.487,80.844,99.012,4.011,1480.339
hybrid,on_prem,sync,1,54,116.892,20.571,95.042,90.582,7.382,946.958
hybrid,on_prem,sync,1,42,39.093,16.226,98.434,87.871,13.442,395.555
microservices,on_prem,sync,4,41,113.329,6.856,85.575,83.354,19.641,1271.346
hybrid,on_prem,sync,4,42,67.237,22.529,80.21,91.804,4.382,1450.732
hybrid,on_prem,sync,1,43,114.144,16.175,92.424,80.778,23.612,596.642
hybrid,on_prem,sync,1,51,76.103,21.806,89.282,92.131,13.18,324.691
microservices,on_prem,sync,4,53,110.245,17.171,94.222,97.37,9.224,772.862
hybrid,on_prem,sync,1,41,36.19,19.307,90.502,89.395,16.468,478.102
hybrid,on_prem,sync,1,51,21.213,22.746,99.923,83.636,13.578,557.597
hybrid,on_prem,sync,4,40,32.182,10.552,81.589,93.055,3.698,1223.373
microservices,on_prem,sync,1,51,24.474,2.636,80.237,84.563,2.58,974.172
microservices,on_prem,sync,4,49,93.224,13.926,87.767,82.32,16.84,1358.731
microservices,on_prem,sync,1,53,22.427,5.398,93.834,91.455,6.912,663.678
microservices,on_prem,sync,1,48,44.659,8.168,92.03,91.957,12.22,1063.157
microservices,on_prem,sync,1,50,44.523,15.052,91.581,99.346,16.52,485.446
microservices,on_prem,sync,4,45,70.959,22.16,82.283,83.889,1.736,597.763
hybrid,on_prem,sync,4,46,28.352,11.663,96.061,91.567,8.626,1522.256
microservices,on_prem,sync,1,45,102.418,11.289,89.395,93.937,13.48,383.936
hybrid,on_prem,sync,4,46,37.602,11.861,92.816,87.81,4.756,272.236
microservices,on_prem,sync,4,46,36.334,10.464,89.727,99.691,21.864,691.736
hybrid,on_prem,sync,1,46,24.022,9.642,83.49,93.624,20.227,1224.87
hybrid,on_prem,sync,4,54,103.686,17.213,93.63,96.323,12.193,450.296
microservices,on_prem,sync,4,56,57.815,9.73,92.821,96.217,17.045,1511.342
microservices,on_prem,sync,4,46,31.501,7.886,89.99,96.313,10.5,864.182
microservices,on_prem,sync,1,56,77.661,24.008,81.884,87.131,17.079,155.461
microservices,on_prem,sync,4,45,28.483,3.034,85.046,85.529,18.43,1451.632
hybrid,on_prem,sync,4,55,117.756,14.996,86.972,95.068,8.388,930.037
microservices,on_prem,sync,1,44,76.276,2.721,90.757,84.256,5.996,869.99
hybrid,on_prem,sync,1,59,65.229,12.899,93.255,99.448,9.128,646.321
microservices,on_prem,sync,1,55,116.55,19.419,81.965,88.036,8.946,936.123
hybrid,on_prem,sync,4,45,56.055,19.312,93.138,92.932,16.04,472.962
hybrid,on_prem,sync,1,45,93.136,20.124,81.575,82.209,23.915,1241.304
hybrid,on_prem,sync,1,50,51.055,4.517,80.27,84.881,23.593,1256.743
microservices,on_prem,sync,4,52,115.223,7.432,89.202,93.296,16.008,132.723
hybrid,on_prem,sync,1,43,69.56,12.047,92.112,85.897,6.275,1322.588
microservices,on_prem,sync,1,44,26.894,23.669,82.141,91.484,18.558,412.101
hybrid,on_prem,sync,1,43,108.965,23.695,94.69,86.755,16.07,100.634
microservices,on_prem,sync,1,46,118.308,4.391,91.559,99.846,13.984,1099.67
microservices,on_prem,sync,1,41,30.644,11.746,89.369,83.541,22.093,677.639
microservices,on_prem,sync,4,49,11.528,21.647,88.355,92.48,20.302,150.2
microservices,on_prem,sync,1,41,61.624,3.861,98.041,97.395,11.937,1375.73
hybrid,on_prem,sync,1,56,43.603,15.182,92.0,98.786,2.247,967.879
hybrid,on_prem,sync,1,41,116.121,17.885,83.732,95.371,16.239,1481.395
microservices,on_prem,sync,1,48,97.373,7.162,98.705,92.436,2.92,610.217
microservices,on_prem,sync,4,52,37.566,3.729,92.404,88.958,0.742,238.967
hybrid,on_prem,sync,4,50,79.864,11.111,94.743,97.825,9.35,1284.429
hybrid,on_prem,sync,4,55,49.282,18.643,94.158,98.509,3.311,1339.986
hybrid,on_prem,sync,4,53,70.807,8.957,94.081,89.272,3.234,998.466
hybrid,on_prem,sync,4,51,92.224,11.633,81.858,94.497,13.353,316.043
microservices,on_prem,sync,4,43,36.065,23.11,89.509,99.465,17.484,1439.219
microservices,on_prem,sync,1,53,47.582,9.702,88.278,80.29,18.749,1326.398
microservices,on_prem,sync,4,52,58.645,19.461,93.926,93.03,5.323,1016.034
microservices,on_prem,sync,4,59,92.257,15.626,86.094,93.404,24.637,1357.89
hybrid,on_prem,sync,1,47,63.799,15.076,86.06,88.808,15.482,1337.106
hybrid,on_prem,sync,1,58,78.512,11.769,83.889,95.775,0.498,833.185
hybrid,on_prem,sync,4,51,102.177,5.461,83.528,81.419,6.176,349.367
microservices,on_prem,sync,4,40,116.226,5.672,85.931,97.992,17.303,520.58
microservices,on_prem,sync,1,51,38.26,13.876,86.032,94.569,22.478,1227.201
hybrid,on_prem,sync,4,51,101.802,14.268,87.849,85.267,4.2,1505.085
microservices,on_prem,sync,1,41,26.653,10.508,93.122,89.939,15.189,400.019
microservices,on_prem,sync,4,55,62.681,12.09,85.827,82.918,1.102,1279.915
hybrid,on_prem,sync,4,57,74.222,17.892,85.472,88.087,11.072,646.054
hybrid,on_prem,sync,4,51,108.698,22.007,86.191,95.19,3.796,1142.574
hybrid,on_prem,sync,1,57,59.65,12.263,95.059,90.754,3.981,312.89
microservices,on_prem,sync,4,49,80.932,14.108,87.639,80.595,18.709,1444.99
hybrid,on_prem,sync,1,53,119.793,5.191,83.098,91.276,21.747,921.856
microservices,on_prem,sync,1,48,64.886,11.036,90.916,86.381,12.219,500.38
microservices,on_prem,sync,4,48,95.138,18.103,83.974,91.29,16.733,690.868
hybrid,on_prem,sync,1,41,105.047,14.663,93.652,81.706,6.913,482.941
hybrid,on_prem,sync,4,42,27.019,10.695,81.809,89.964,8.286,51.539
hybrid,on_prem,sync,1,49,97.537,21.142,81.733,89.182,23.254,850.978
microservices,on_prem,sync,4,56,103.655,11.867,85.19,86.308,24.528,51.73
hybrid,on_prem,sync,1,41,74.842,12.388,92.599,99.132,18.457,1481.776
microservices,on_prem,sync,4,49,65.93,4.376,84.228,87.809,3.976,327.596
hybrid,on_prem,sync,1,41,21.038,17.828,87.485,80.838,13.889,1472.51
hybrid,on_prem,sync,1,43,9.862,18.407,89.55,92.812,14.069,1488.687
hybrid,on_prem,sync,4,42,25.348,7.465,91.577,84.86,15.352,1045.846
microservices,on_prem,sync,1,52,38.039,13.448,83.503,86.789,3.238,729.244
microservices,on_prem,sync,4,48,88.76,15.777,90.63,85.245,3.127,229.992
hybrid,on_prem,sync,1,55,16.01,7.621,85.059,89.884,19.175,739.133
microservices,on_prem,sync,4,51,59.307,10.109,91.81,96.168,4.419,884.189
hybrid,on_prem,sync,1,52,73.071,6.021,91.367,93.211,3.07,639.788
hybrid,on_prem,sync,4,44,6.687,9.262,87.889,80.366,21.58,782.507
microservices,on_prem,sync,4,53,65.286,17.754,95.5,81.164,12.037,711.372
microservices,on_prem,sync,4,41,57.765,11.562,81.395,89.43,24.344,78.773
hybrid,on_prem,sync,4,48,55.972,21.639,90.355,90.06,20.943,1045.976
microservices,on_prem,sync,4,48,12.3,13.197,83.105,90.336,12.637,864.208
microservices,on_prem,sync,4,42,34.539,12.357,89.923,82.183,18.08,313.191
hybrid,on_prem,sync,4,52,63.597,13.941,82.212,97.912,8.109,1070.469
microservices,on_prem,sync,4,46,14.74,14.53,83.761,99.945,7.439,85.113
hybrid,on_prem,sync,1,53,51.75,17.46,93.887,90.326,13.574,1182.68
hybrid,on_prem,sync,1,56,80.903,6.326,95.754,96.272,17.506,1373.606
hybrid,on_prem,sync,4,56,81.496,20.874,93.243,99.29,13.737,1476.485
hybrid,on_prem,sync,4,46,32.368,17.676,99.505,94.516,9.399,1068.428
hybrid,on_prem,sync,1,59,31.621,15.484,95.572,80.823,8.922,789.956
hybrid,on_prem,sync,1,51,25.096,9.169,83.033,90.356,19.167,619.176
microservices,on_prem,sync,1,41,121.881,15.331,95.401,99.313,7.608,995.263
hybrid,on_prem,sync,4,45,56.851,24.647,84.87,95.085,19.681,442.137
microservices,on_prem,sync,1,59,49.657,8.433,84.422,81.956,19.045,468.375
microservices,on_prem,sync,4,50,96.885,14.871,84.077,85.419,6.491,735.089
hybrid,on_prem,sync,4,59,9.236,2.438,87.567,92.849,10.832,1207.616
microservices,on_prem,sync,1,42,10.509,15.009,80.5,99.02,23.683,1185.325
hybrid,on_prem,sync,1,43,21.719,8.835,94.814,82.175,7.364,1425.263
microservices,on_prem,sync,1,51,63.265,4.761,99.127,82.263,16.733,1470.778
hybrid,on_prem,sync,1,52,122.277,13.735,81.003,95.103,2.726,166.264
microservices,on_prem,sync,4,51,69.41,7.871,97.691,99.568,11.92,1294.596
hybrid,on_prem,sync,1,58,55.51,24.636,96.261,82.269,9.362,861.188
hybrid,on_prem,sync,4,41,96.154,12.862,81.45,95.203,4.933,73.229
hybrid,on_prem,sync,4,56,77.217,7.513,89.603,85.439,18.003,347.221
microservices,on_prem,sync,1,41,106.167,23.232,91.005,83.14,10.523,1258.254
hybrid,on_prem,sync,4,47,95.545,7.01,80.082,97.171,23.008,128.908
microservices,on_prem,sync,1,50,91.255,10.622,84.855,82.645,11.15,875.354
hybrid,on_prem,sync,1,57,108.742,23.325,87.721,88.27,9.253,500.234
microservices,on_prem,sync,4,53,112.233,11.965,82.518,96.466,10.224,257.203
microservices,on_prem,sync,4,58,121.383,11.484,98.546,87.856,0.345,1116.765
hybrid,on_prem,sync,1,56,46.02,11.43,91.261,95.441,7.361,122.012
microservices,on_prem,sync,1,55,28.976,2.83,90.771,95.943,2.522,333.221
microservices,on_prem,sync,4,54,16.064,12.68,84.052,84.928,1.697,756.173
microservices,on_prem,sync,1,45,22.205,2.04,84.464,95.892,5.175,303.993
hybrid,on_prem,sync,4,44,92.711,19.448,96.631,96.398,7.783,1343.294
microservices,on_prem,sync,1,49,115.106,4.127,97.583,99.974,4.294,323.657
hybrid,on_prem,sync,4,40,71.867,6.402,81.164,89.38,2.377,112.726
hybrid,on_prem,sync,4,52,24.31,19.033,95.523,87.847,4.059,425.885
hybrid,on_prem,sync,1,46,48.736,21.758,98.966,84.262,8.477,243.14
microservices,on_prem,sync,4,54,64.555,17.968,90.585,91.558,22.654,1368.07
microservices,on_prem,sync,1,58,11.285,12.896,96.291,85.002,23.123,1150.292
microservices,on_prem,sync,4,56,78.506,10.594,97.266,80.373,6.638,937.268
microservices,on_prem,sync,4,42,6.794,21.857,92.706,86.592,15.709,241.854
hybrid,on_prem,sync,4,43,117.534,2.881,98.008,82.954,8.549,69.061
microservices,on_prem,sync,1,57,106.211,11.179,80.136,82.565,23.669,989.082
hybrid,on_prem,sync,4,41,13.525,16.792,90.199,87.207,13.412,1071.194
hybrid,on_prem,sync,1,54,24.9,16.48,91.298,96.17,12.214,113.036
microservices,on_prem,sync,4,46,71.61,18.777,91.399,86.305,5.007,124.004
hybrid,on_prem,sync,1,48,57.619,13.777,87.446,90.092,20.328,1089.293
hybrid,on_prem,sync,1,42,48.841,11.205,82.825,91.241,8.601,212.999
hybrid,on_prem,sync,1,51,81.916,23.632,80.573,80.448,9.034,864.313
hybrid,on_prem,sync,4,58,31.084,19.91,80.677,87.713,21.672,779.792
hybrid,on_prem,sync,4,56,88.662,9.65,89.539,83.282,0.06,1392.456
hybrid,on_prem,sync,4,43,115.443,17.88,98.674,83.772,13.118,638.797
hybrid,on_prem,sync,1,58,100.917,19.646,81.203,92.647,16.586,1360.607
hybrid,on_prem,sync,4,47,124.499,10.157,90.96,93.007,19.862,1192.23
hybrid,on_prem,sync,4,58,69.521,5.714,96.288,81.389,10.604,991.057
microservices,on_prem,sync,1,55,98.638,20.179,99.227,93.145,20.393,715.701
microservices,on_prem,sync,1,58,90.971,22.861,87.526,97.009,13.006,250.343
microservices,on_prem,sync,4,48,9.889,8.47,86.78,80.163,1.761,1210.121
hybrid,on_prem,sync,4,59,99.594,20.079,96.513,97.64,6.42,289.611
microservices,on_prem,sync,4,56,72.243,9.997,91.601,82.872,0.855,336.112
microservices,on_prem,sync,1,40,120.583,23.978,88.554,83.505,20.769,279.861
hybrid,on_prem,sync,4,45,101.307,19.37,90.222,97.482,5.761,1479.15
hybrid,on_prem,sync,4,43,110.626,5.96,95.23,89.463,23.813,1366.36
microservices,on_prem,sync,1,49,17.642,18.867,93.195,95.494,6.324,221.539
microservices,on_prem,sync,4,54,124.973,19.572,92.016,83.105,14.713,1398.378
hybrid,on_prem,sync,4,51,47.6,21.547,95.574,84.641,21.411,1520.377
microservices,on_prem,sync,4,43,75.813,7.573,82.48,80.403,23.261,111.445
hybrid,on_prem,sync,1,49,20.827,2.112,95.709,85.092,1.977,666.488
microservices,on_prem,sync,1,59,98.815,20.705,87.66,89.022,6.081,668.188
hybrid,on_prem,sync,1,56,16.015,3.264,92.842,94.944,22.558,272.703
hybrid,on_prem,sync,1,55,30.514,22.488,87.608,99.971,19.522,1269.924
microservices,on_prem,sync,4,44,28.063,8.43,96.339,95.14,2.306,467.865
microservices,on_prem,sync,4,43,22.215,4.048,89.334,94.217,8.962,1213.507
hybrid,on_prem,sync,4,40,55.553,8.132,91.733,90.238,0.264,362.512
hybrid,on_prem,sync,4,44,51.276,14.813,98.366,96.177,7.947,1291.237
microservices,on_prem,sync,1,44,8.018,20.474,91.852,85.972,4.981,1526.665
microservices,on_prem,sync,4,47,85.705,4.104,86.286,96.948,15.009,1261.999
microservices,on_prem,sync,1,51,37.661,6.956,92.824,87.596,24.895,504.401
hybrid,on_prem,sync,4,50,20.997,5.192,97.064,87.14,1.151,1187.347
microservices,on_prem,sync,4,51,35.223,7.733,91.215,83.593,7.563,652.321
hybrid,on_prem,sync,4,45,35.706,24.031,99.76,99.568,18.514,843.501
microservices,on_prem,sync,1,59,39.867,14.403,85.778,88.551,11.113,513.284
hybrid,on_prem,sync,4,52,111.376,17.252,94.848,90.689,16.708,679.971
hybrid,on_prem,sync,1,47,99.657,15.081,88.65,80.927,2.88,1326.045
microservices,on_prem,sync,4,58,17.696,15.399,95.465,93.72,6.71,838.412
hybrid,on_prem,sync,4,42,62.469,21.99,99.747,93.554,1.823,261.014
hybrid,on_prem,sync,1,46,32.06,8.967,98.973,93.724,22.648,280.722
microservices,on_prem,sync,1,52,15.525,15.877,88.577,87.805,12.679,1505.135
hybrid,on_prem,sync,4,40,79.107,9.502,98.282,90.54,15.538,1415.429
hybrid,on_prem,sync,1,53,36.189,19.678,87.871,98.417,7.276,1192.043
microservices,on_prem,sync,1,59,114.461,19.933,95.608,84.438,22.999,463.258
hybrid,on_prem,sync,4,48,57.961,10.799,81.151,88.809,24.664,64.467
microservices,on_prem,sync,1,56,76.897,14.419,83.636,93.01,14.75,1429.015
microservices,on_prem,sync,4,53,78.494,21.863,99.06,98.659,8.896,864.014
hybrid,on_prem,sync,1,46,84.95,23.451,98.124,89.35,14.167,1297.304
microservices,on_prem,sync,1,41,87.783,11.81,88.83,96.725,10.1,433.45
microservices,on_prem,sync,4,48,9.049,23.787,93.421,89.577,12.495,231.815
hybrid,on_prem,sync,4,44,114.563,24.515,87.944,98.027,11.289,1103.372
hybrid,on_prem,sync,1,56,37.257,12.751,93.201,90.86,15.391,1204.917
microservices,on_prem,sync,1,58,18.338,21.67,97.777,83.045,15.723,45.164
microservices,on_prem,sync,4,42,73.728,14.886,88.935,92.2,15.522,1240.684
microservices,on_prem,sync,1,53,63.01,17.267,86.515,98.059,21.688,1415.073
hybrid,on_prem,sync,1,46,38.574,3.121,87.247,95.116,5.213,194.068
hybrid,on_prem,sync,4,55,7.526,13.923,80.826,92.266,17.97,1430.901
microservices,on_prem,sync,4,53,28.303,9.113,80.829,80.916,15.503,851.783
microservices,on_prem,sync,1,42,30.855,21.146,88.447,91.956,22.232,557.943
microservices,on_prem,sync,1,43,16.517,13.478,96.782,97.454,3.756,1011.266
microservices,on_prem,sync,4,43,70.22,8.24,90.673,98.614,17.178,423.227
hybrid,on_prem,sync,1,56,8.098,23.859,82.972,86.26,7.867,1512.435
hybrid,on_prem,sync,1,46,113.437,9.732,88.792,85.033,16.417,915.949
microservices,on_prem,sync,1,47,114.242,18.542,94.43,98.634,7.867,1218.28
hybrid,on_prem,sync,1,56,52.035,12.945,95.558,80.068,0.707,321.169
hybrid,on_prem,sync,1,40,103.512,23.63,93.311,98.482,14.448,1428.466
microservices,on_prem,sync,1,41,42.522,11.863,87.279,96.4,16.883,1373.85
hybrid,on_prem,sync,1,53,57.653,7.505,83.739,91.089,8.883,425.749
hybrid,on_prem,sync,4,53,122.099,7.194,83.93,80.393,14.092,185.848
microservices,on_prem,sync,4,55,74.072,18.783,81.619,93.696,18.428,750.672
hybrid,on_prem,sync,1,45,89.121,10.078,81.133,84.299,0.197,818.205
hybrid,on_prem,sync,4,40,19.778,3.911,82.791,86.443,14.463,293.568
hybrid,on_prem,sync,1,53,83.721,15.831,89.026,98.696,15.77,449.808
hybrid,on_prem,sync,1,47,13.037,15.618,95.069,91.006,15.217,860.981
hybrid,on_prem,sync,4,41,34.372,21.265,99.713,96.348,4.554,726.189
hybrid,on_prem,sync,4,42,30.322,6.288,80.083,83.473,24.233,988.836
hybrid,on_prem,sync,4,40,72.018,9.881,87.053,98.463,21.609,993.978
hybrid,on_prem,sync,4,50,74.788,3.042,99.391,94.957,0.849,1175.698
microservices,on_prem,sync,4,45,21.187,7.597,81.77,83.768,8.157,944.435
hybrid,on_prem,sync,4,59,18.464,23.766,85.91,81.759,23.799,905.463
hybrid,on_prem,sync,4,57,108.978,19.226,90.47,99.414,8.919,637.877
hybrid,on_prem,sync,1,49,114.868,18.751,92.16,84.895,19.66,1395.3
microservices,on_prem,sync,1,54,19.02,4.51,84.75,84.365,16.978,634.96
hybrid,on_prem,sync,4,56,90.721,15.672,81.976,80.422,3.877,740.815
hybrid,on_prem,sync,1,40,71.485,9.937,97.134,89.174,3.854,719.968
hybrid,on_prem,sync,1,46,60.379,4.897,87.948,80.437,1.671,827.483
hybrid,on_prem,sync,4,47,9.536,3.383,81.636,96.272,0.354,1005.783
hybrid,on_prem,sync,4,41,89.04,21.627,91.956,99.285,12.661,616.713
microservices,on_prem,sync,4,43,69.06,5.065,82.232,85.23,14.513,1465.332
microservices,on_prem,sync,1,49,29.878,2.433,82.231,93.313,10.943,722.208
microservices,on_prem,sync,1,52,114.342,21.402,87.535,80.213,10.333,982.455
microservices,on_prem,sync,4,51,69.97,23.767,81.181,82.771,2.191,1066.649
hybrid,on_prem,sync,4,56,98.07,9.045,80.371,96.115,8.66,376.665
microservices,on_prem,sync,4,47,82.309,17.598,87.728,91.098,20.874,193.912
microservices,on_prem,sync,4,47,18.222,6.816,91.289,82.275,8.304,999.179
hybrid,on_prem,sync,1,52,107.363,7.465,95.259,83.427,23.9,722.275
hybrid,on_prem,sync,4,46,92.844,6.084,88.586,83.906,8.891,133.348
microservices,on_prem,sync,4,49,19.21,24.681,83.0,82.693,11.963,157.183
hybrid,on_prem,sync,1,56,93.59,17.035,82.315,80.76,23.542,268.533
microservices,on_prem,sync,4,58,28.489,11.108,81.606,89.639,9.042,1038.816
hybrid,on_prem,sync,1,56,106.422,24.928,95.111,82.289,0.955,266.403
microservices,on_prem,sync,4,56,52.813,9.667,98.101,83.272,2.768,249.633
microservices,on_prem,sync,1,43,77.91,2.584,89.926,90.953,3.144,1488.339
microservices,on_prem,sync,1,51,66.742,16.468,86.816,94.161,11.448,53.638
hybrid,on_prem,sync,1,45,63.886,2.529,80.571,91.92,23.24,231.778
microservices,on_prem,sync,1,59,119.516,9.124,86.177,93.71,12.825,935.433
hybrid,on_prem,sync,1,45,89.125,7.057,82.823,96.799,17.782,98.506
hybrid,on_prem,sync,4,45,60.259,8.952,97.09,89.421,8.65,76.834
microservices,on_prem,sync,4,44,84.113,24.236,88.022,90.03,4.529,1467.65
microservices,on_prem,sync,4,49,90.362,12.307,87.516,87.158,12.43,317.585
microservices,on_prem,sync,1,50,120.495,6.093,87.712,80.802,17.064,1332.693
microservices,on_prem,sync,4,56,61.454,5.093,96.997,85.576,21.832,846.037
microservices,on_prem,sync,4,53,108.46,7.256,82.103,82.45,4.719,303.234
microservices,on_prem,sync,1,59,42.59,17.05,80.981,97.862,5.189,1227.472
microservices,on_prem,sync,4,57,56.794,10.481,85.65,91.886,15.895,111.739
hybrid,on_prem,sync,1,44,82.32,20.563,97.439,97.421,0.606,1515.537
microservices,on_prem,sync,4,50,13.579,17.177,94.695,94.578,5.514,1456.244
hybrid,on_prem,sync,4,45,59.276,7.576,96.536,84.358,12.525,99.773
microservices,on_prem,sync,1,44,92.442,15.25,82.958,81.886,13.544,1372.268
microservices,on_prem,sync,1,51,17.107,4.925,81.694,92.281,7.78,411.104
hybrid,on_prem,sync,4,52,75.454,5.756,93.851,81.033,14.309,620.26
hybrid,on_prem,sync,1,49,56.095,21.72,85.937,92.463,9.331,1062.54
hybrid,on_prem,sync,4,58,120.596,16.957,92.48,95.549,15.35,158.322
microservices,on_prem,sync,1,48,107.556,15.935,95.064,92.241,21.209,75.262
microservices,on_prem,sync,1,54,63.85,4.387,98.002,97.452,22.501,314.559
microservices,on_prem,sync,4,48,123.239,6.183,83.543,99.863,20.26,936.611
hybrid,on_prem,sync,1,53,114.206,10.527,89.661,86.496,15.038,1166.257
hybrid,on_prem,sync,4,52,119.989,18.564,94.543,88.557,4.406,1539.246
hybrid,on_prem,sync,4,41,11.703,10.301,85.284,92.466,18.395,526.37
hybrid,on_prem,sync,1,56,103.874,2.058,80.44,83.027,11.27,70.97
hybrid,on_prem,sync,1,45,105.839,16.802,96.977,91.848,7.419,1141.608
hybrid,on_prem,sync,4,43,102.819,23.713,88.115,95.472,22.744,930.15
hybrid,on_prem,sync,1,50,43.583,20.976,99.478,97.741,1.972,382.402
microservices,on_prem,sync,1,58,84.783,21.642,86.636,86.573,11.855,1418.109
microservices,on_prem,sync,4,44,29.51,23.396,88.212,99.577,20.997,266.503
hybrid,on_prem,sync,4,51,120.428,19.73,98.452,97.79,21.822,1110.09
microservices,on_prem,sync,1,59,115.487,18.451,99.95,90.832,2.867,910.479
microservices,on_prem,sync,4,44,47.74,6.353,86.313,90.618,14.811,1393.333
hybrid,on_prem,sync,4,59,96.834,18.298,90.726,95.251,20.847,379.672
microservices,on_prem,sync,4,43,49.255,10.716,87.262,82.643,21.356,1097.946
microservices,on_prem,sync,4,56,95.26,4.59,81.881,97.616,1.315,616.217
microservices,on_prem,sync,4,56,66.402,11.258,85.714,80.442,11.792,610.527
microservices,on_prem,sync,4,40,62.326,14.017,89.52,95.963,4.663,641.602
hybrid,on_prem,sync,4,48,114.8,5.364,84.948,91.051,22.669,765.7
hybrid,on_prem,sync,4,44,67.776,4.655,81.059,88.765,16.163,1478.641
hybrid,on_prem,sync,4,56,19.613,22.555,80.998,82.2,15.482,1016.702
hybrid,on_prem,sync,4,58,76.296,10.675,86.999,97.105,21.216,1167.521
hybrid,on_prem,sync,1,40,26.156,5.576,90.911,88.518,15.287,279.734
microservices,on_prem,sync,4,56,20.539,3.129,94.719,89.04,19.18,228.34
microservices,on_prem,sync,4,49,112.968,9.203,84.167,97.208,12.109,71.291
hybrid,on_prem,sync,1,59,102.334,14.082,81.546,85.37,17.057,855.699
hybrid,on_prem,sync,1,50,112.129,24.839,84.781,85.37,22.658,248.211
microservices,on_prem,sync,1,49,41.881,12.304,83.52,85.939,6.948,57.206
microservices,on_prem,sync,1,43,21.033,12.058,82.739,96.129,12.792,1175.029
hybrid,on_prem,sync,4,48,48.335,4.254,84.384,82.536,14.951,272.92
hybrid,on_prem,sync,4,46,36.117,23.12,89.999,98.923,0.675,1039.953
microservices,on_prem,sync,4,47,60.722,15.519,97.384,97.548,0.146,349.067
hybrid,on_prem,sync,1,58,118.149,19.546,87.018,87.723,9.727,127.748
microservices,on_prem,sync,4,45,75.438,23.979,96.562,87.915,14.329,811.982
microservices,on_prem,sync,4,50,118.21,14.819,95.226,91.433,21.086,887.984
microservices,on_prem,sync,1,53,32.229,20.936,87.469,88.015,23.899,1363.209
microservices,on_prem,sync,1,40,75.421,9.97,82.033,80.622,15.448,925.874
hybrid,on_prem,sync,1,41,18.025,9.661,98.739,95.455,10.684,1255.02
microservices,on_prem,sync,4,44,68.219,13.96,83.807,99.839,9.344,1205.019
microservices,on_prem,sync,1,50,105.27,9.4,97.547,99.275,15.429,252.254
hybrid,on_prem,sync,1,42,103.82,6.688,95.72,84.869,6.763,1346.531
hybrid,on_prem,sync,1,46,14.805,21.22,87.87,83.272,4.501,295.785
hybrid,on_prem,sync,1,44,24.444,6.745,82.28,90.041,5.296,1396.789
hybrid,on_prem,sync,1,50,83.362,6.381,90.883,84.42,8.053,1096.896
microservices,on_prem,sync,1,53,113.582,14.694,90.359,93.445,17.937,962.132
hybrid,on_prem,sync,1,41,67.739,5.581,90.32,82.77,24.422,61.342
hybrid,on_prem,sync,4,56,9.789,3.529,89.437,90.909,4.459,199.055
hybrid,on_prem,sync,1,59,10.646,11.71,91.707,85.851,16.388,136.898
hybrid,on_prem,sync,1,57,87.918,5.388,88.995,86.756,10.125,602.28
microservices,on_prem,sync,4,52,116.893,14.188,81.318,99.314,16.414,308.003
microservices,on_prem,sync,4,40,102.46,9.651,87.098,85.09,6.354,154.56
microservices,on_prem,sync,4,41,20.72,3.702,93.678,94.691,18.163,973.14
hybrid,on_prem,sync,4,46,55.217,16.041,90.437,86.467,9.655,1116.799
hybrid,on_prem,sync,1,53,81.01,15.354,85.696,81.535,21.964,60.309
hybrid,on_prem,sync,1,58,100.472,14.085,90.4,94.721,1.1,628.389
microservices,on_prem,sync,4,51,115.323,7.414,92.975,87.519,21.697,497.953
microservices,on_prem,sync,4,49,70.088,9.019,88.559,90.14,4.138,586.396
hybrid,on_prem,sync,4,59,123.018,5.922,89.438,87.776,3.401,1440.559
microservices,on_prem,sync,1,49,27.807,7.091,81.403,81.756,6.992,1018.106
hybrid,on_prem,sync,4,52,83.177,2.357,81.902,80.358,3.464,460.281
hybrid,on_prem,sync,4,40,84.028,8.663,93.386,89.27,22.0,40.053
microservices,on_prem,sync,1,54,14.524,18.026,87.279,85.806,3.391,1314.338
microservices,on_prem,sync,4,48,46.747,21.977,89.066,92.648,0.693,915.836
hybrid,on_prem,sync,4,48,38.828,15.981,83.914,92.362,3.97,928.383
hybrid,on_prem,sync,1,51,75.227,12.035,94.779,81.606,18.862,844.801
microservices,on_prem,sync,4,53,31.09,12.107,93.449,80.157,7.668,258.2
hybrid,on_prem,sync,1,48,85.917,15.263,91.704,85.717,9.99,122.469
microservices,on_prem,sync,1,47,116.609,11.173,83.789,81.49,15.784,865.022
microservices,on_prem,sync,4,50,78.285,16.881,87.6,88.307,0.382,1336.666
microservices,on_prem,sync,1,40,52.528,5.324,87.742,89.765,17.505,658.507
microservices,on_prem,sync,4,59,11.36,9.844,83.117,83.728,1.781,205.19
microservices,on_prem,sync,1,56,15.259,5.417,98.832,85.406,0.385,1203.496
microservices,on_prem,sync,4,41,120.835,3.163,83.594,97.122,23.149,728.937
hybrid,on_prem,sync,4,55,106.247,18.936,98.319,98.794,14.222,701.438
microservices,on_prem,sync,4,56,42.842,19.505,89.905,83.478,2.767,1488.644
monolith,hybrid,async,2,13,1962.06,70.6576,12.6228,22.2234,376.714,4703.0
hybrid,on_prem,sync,1,56,91.138,7.209,81.086,96.141,1.386,1396.965
hybrid,on_prem,sync,4,58,35.553,11.706,88.933,85.177,1.296,616.122
hybrid,on_prem,sync,1,42,80.484,3.159,98.187,84.38,6.464,1397.405
hybrid,on_prem,sync,4,49,66.105,13.138,80.682,82.821,2.703,1111.247
microservices,on_prem,sync,4,55,18.641,15.107,99.053,90.123,13.913,1493.026
hybrid,on_prem,sync,4,55,60.192,23.543,82.75,92.845,2.081,1025.814
hybrid,on_prem,sync,1,46,64.248,10.256,91.19,93.26,10.451,585.489
microservices,on_prem,sync,4,46,9.429,10.007,80.643,83.102,15.848,1060.269
microservices,on_prem,sync,1,41,81.824,11.645,97.212,94.469,14.589,1070.371
microservices,on_prem,sync,4,42,114.776,4.326,95.101,82.238,16.781,933.769
microservices,on_prem,sync,4,44,29.495,24.741,85.9,92.594,23.935,1263.149
microservices,on_prem,sync,4,58,67.435,2.573,89.444,96.216,0.82,1101.576
microservices,on_prem,sync,1,45,32.266,10.078,91.427,92.715,9.317,1037.505
microservices,on_prem,sync,1,42,76.465,14.961,85.851,85.869,7.383,218.541
microservices,on_prem,sync,1,54,44.162,24.605,80.212,91.812,0.877,1130.765
hybrid,on_prem,sync,1,50,53.385,18.9,83.637,99.431,15.808,555.138
hybrid,on_prem,sync,4,56,70.914,4.255,94.246,86.357,16.793,442.604
hybrid,on_prem,sync,4,55,101.294,2.193,94.344,93.988,5.294,520.273
hybrid,on_prem,sync,4,58,96.656,24.343,92.672,96.368,8.42,1375.973
hybrid,on_prem,sync,1,47,103.069,18.452,85.279,94.798,2.282,263.836
hybrid,on_prem,sync,1,59,6.661,16.283,82.064,97.035,10.748,815.242
microservices,on_prem,sync,1,45,117.08,19.247,99.211,93.02,2.526,512.286
microservices,on_prem,sync,1,47,103.06,15.637,87.626,87.28,2.877,234.348
hybrid,on_prem,sync,4,50,22.695,11.102,95.305,81.951,19.298,594.08
microservices,on_prem,sync,1,52,114.225,6.068,94.161,91.959,1.65,1349.323
hybrid,on_prem,sync,1,58,119.459,3.813,97.408,87.114,2.299,352.894
hybrid,on_prem,sync,4,44,78.876,23.769,89.04,85.663,9.535,1269.425
microservices,on_prem,sync,4,50,113.39,8.99,92.387,87.51,10.845,527.015
hybrid,on_prem,sync,4,55,74.416,9.256,81.533,93.125,11.291,393.77
microservices,on_prem,sync,1,40,26.288,11.089,89.421,99.165,13.853,459.776
microservices,on_prem,sync,1,45,74.095,19.596,91.052,89.623,2.144,624.073
hybrid,on_prem,sync,1,48,121.709,21.4,92.266,92.708,6.467,930.442
microservices,on_prem,sync,1,42,62.669,22.293,88.335,91.437,22.401,544.148
hybrid,on_prem,sync,4,45,88.656,13.631,88.497,88.327,10.231,527.647
hybrid,on_prem,sync,4,53,74.903,20.636,91.627,86.585,12.059,1231.524
microservices,on_prem,sync,1,58,124.671,8.987,82.919,88.434,2.064,1435.004
microservices,on_prem,sync,4,53,24.364,16.226,94.858,98.335,10.32,1257.695
hybrid,on_prem,sync,4,44,100.933,13.997,80.895,87.853,11.931,1468.301
microservices,on_prem,sync,1,52,16.805,24.296,80.093,81.756,11.483,246.633
microservices,on_prem,sync,1,58,36.075,4.7,82.036,86.0,19.825,1534.892
microservices,on_prem,sync,1,52,64.399,23.733,94.007,91.694,5.148,340.703
microservices,on_prem,sync,1,56,124.372,12.445,81.332,85.732,16.643,1256.393
microservices,on_prem,sync,1,40,110.527,13.582,83.066,99.36,24.283,659.833
hybrid,on_prem,sync,1,47,57.922,9.194,98.644,94.623,4.728,621.13
microservices,on_prem,sync,1,57,29.401,20.427,91.194,99.833,17.176,255.413
microservices,on_prem,sync,1,42,75.275,8.78,92.248,97.582,3.606,1294.912
hybrid,on_prem,sync,4,54,100.026,7.885,86.731,81.389,8.717,608.599
microservices,on_prem,sync,4,45,67.951,21.189,92.376,85.485,19.343,728.237
hybrid,on_prem,sync,4,41,76.247,14.073,83.782,83.379,22.828,529.251
microservices,on_prem,sync,1,44,92.889,6.775,85.65,93.715,23.208,859.904
microservices,on_prem,sync,4,46,34.197,11.383,89.079,81.479,6.376,836.936
microservices,on_prem,sync,1,45,18.232,13.902,80.562,96.159,18.37,1180.876
microservices,on_prem,sync,1,45,25.521,5.197,80.487,88.679,1.989,589.741
microservices,on_prem,sync,1,41,26.25,3.807,96.597,81.468,8.897,1176.694
microservices,on_prem,sync,4,50,99.357,8.673,81.931,96.914,8.878,229.356
hybrid,on_prem,sync,4,58,19.357,2.246,99.623,92.513,20.281,1397.526
microservices,on_prem,sync,4,54,122.613,6.093,82.933,92.431,19.327,747.146
hybrid,on_prem,sync,1,53,110.798,22.365,80.095,94.076,9.374,1282.576
hybrid,on_prem,sync,1,57,7.421,11.196,84.462,86.171,14.433,83.144
hybrid,on_prem,sync,4,56,37.956,8.967,95.201,98.634,15.019,588.78
hybrid,on_prem,sync,1,42,108.679,14.125,96.304,84.822,11.312,880.869
hybrid,on_prem,sync,1,56,106.877,23.193,99.299,86.28,6.046,1121.035
microservices,on_prem,sync,4,50,15.746,16.81,80.688,94.048,23.822,1534.446
hybrid,on_prem,sync,4,46,10.241,7.546,81.364,93.629,13.549,1208.709
microservices,on_prem,sync,1,58,16.91,7.616,99.822,97.359,13.748,1459.168
microservices,on_prem,sync,4,51,82.459,2.828,99.27,92.241,17.177,1324.067
microservices,on_prem,sync,4,58,113.172,14.41,83.72,85.266,17.889,97.178
microservices,on_prem,sync,1,59,122.405,24.747,98.143,99.545,14.393,522.798
hybrid,on_prem,sync,4,54,112.929,9.528,99.698,93.054,2.872,1390.416
microservices,on_prem,sync,1,50,44.363,7.212,81.551,96.574,22.724,451.461
microservices,on_prem,sync,1,59,70.386,19.889,82.718,80.194,12.15,529.814
hybrid,on_prem,sync,1,46,90.546,21.269,95.823,95.633,16.623,1431.357
microservices,on_prem,sync,4,40,63.241,4.754,82.017,82.013,7.515,1275.303
microservices,on_prem,sync,4,48,105.144,6.382,86.935,81.334,4.957,242.789
microservices,on_prem,sync,4,41,30.697,6.774,87.317,82.109,17.595,832.508
hybrid,on_prem,sync,1,48,48.606,21.679,89.075,84.009,16.974,1203.782
microservices,on_prem,sync,4,42,100.055,9.856,85.89,93.694,13.107,1015.448
hybrid,on_prem,sync,4,40,100.981,10.336,99.558,94.211,16.275,835.701
microservices,on_prem,sync,1,44,64.195,3.754,94.126,91.993,13.11,1294.493
hybrid,on_prem,sync,4,44,114.546,2.524,93.765,90.28,21.39,565.901
microservices,on_prem,sync,4,43,42.059,6.117,99.705,86.756,9.152,1032.188
hybrid,on_prem,sync,1,50,19.386,12.938,86.391,90.471,19.742,1503.415
microservices,on_prem,sync,1,46,120.954,12.12,92.512,86.375,17.276,968.81
hybrid,on_prem,sync,4,41,57.284,8.552,99.707,83.105,12.84,292.519
microservices,on_prem,sync,4,59,40.891,6.205,93.637,81.873,11.663,610.351
hybrid,on_prem,sync,4,40,83.377,5.032,91.089,87.294,12.11,1163.456
hybrid,on_prem,sync,4,55,97.721,21.496,99.014,94.905,0.922,274.07
hybrid,on_prem,sync,4,53,78.407,12.875,85.136,93.747,11.756,1276.404
hybrid,on_prem,sync,4,43,96.963,8.325,81.639,87.796,14.346,516.548
microservices,on_prem,sync,4,44,50.682,13.926,82.35,96.748,22.308,1500.007
hybrid,on_prem,sync,4,45,118.735,12.537,81.073,99.409,15.69,1502.215
microservices,on_prem,sync,1,59,119.06,20.119,82.217,91.819,6.278,842.358
microservices,on_prem,sync,4,45,88.871,6.992,80.907,80.075,14.775,828.953
microservices,on_prem,sync,1,55,69.229,22.364,90.962,92.147,14.152,1503.11
hybrid,on_prem,sync,4,43,90.597,23.917,95.595,81.203,3.243,690.689
microservices,on_prem,sync,1,46,9.5,3.641,97.692,95.334,21.42,1340.366
hybrid,on_prem,sync,1,50,110.691,13.625,88.951,84.137,3.706,382.58
hybrid,on_prem,sync,4,50,25.08,24.839,92.01,97.741,11.969,1040.002
hybrid,on_prem,sync,4,50,31.853,8.111,91.722,96.468,12.687,1284.154
microservices,on_prem,sync,4,40,124.219,21.128,86.187,86.667,21.972,728.389
hybrid,on_prem,sync,4,52,87.431,10.891,86.193,90.675,23.155,1506.509
hybrid,on_prem,sync,4,45,28.748,22.596,87.823,84.228,20.916,1241.605
hybrid,on_prem,sync,4,55,33.299,21.331,82.677,84.684,7.74,1297.945
hybrid,on_prem,sync,4,55,56.342,15.035,92.681,95.593,7.202,1422.276
microservices,on_prem,sync,1,40,111.418,17.772,89.033,92.057,15.82,210.862
hybrid,on_prem,sync,4,43,123.82,17.549,86.554,82.56,22.073,1200.966
microservices,on_prem,sync,1,50,97.999,14.114,91.757,85.026,2.213,1531.096
hybrid,on_prem,sync,1,47,115.242,13.001,94.581,88.837,16.779,1425.172
hybrid,on_prem,sync,1,54,7.171,2.976,85.096,91.555,21.094,1454.812
hybrid,on_prem,sync,4,46,92.45,19.428,94.6,86.12,15.148,438.806
microservices,on_prem,sync,4,41,88.016,14.533,99.781,95.274,14.715,1235.601
microservices,on_prem,sync,4,58,31.316,14.255,82.766,98.114,12.604,650.675
microservices,on_prem,sync,1,59,60.211,6.599,94.651,81.456,8.726,887.385
microservices,on_prem,sync,4,40,60.506,14.697,82.532,95.924,11.338,89.459
hybrid,on_prem,sync,1,45,113.04,5.707,80.127,90.672,9.003,82.664
microservices,on_prem,sync,1,47,104.646,14.125,89.335,94.927,22.047,327.324
microservices,on_prem,sync,1,44,48.569,5.575,95.704,90.362,22.219,354.588
hybrid,on_prem,sync,4,49,78.257,12.382,84.391,95.074,15.414,657.261
hybrid,on_prem,sync,1,42,86.4,24.141,95.745,95.69,7.682,277.69
microservices,on_prem,sync,4,49,90.741,11.063,83.659,94.725,6.091,505.905
microservices,on_prem,sync,4,40,46.122,14.563,86.805,93.763,18.292,676.056
microservices,on_prem,sync,4,43,24.88,23.638,98.31,80.011,5.193,939.685
hybrid,on_prem,sync,4,59,112.714,21.027,95.56,87.927,12.803,1205.533
microservices,on_prem,sync,4,57,119.772,24.815,93.491,97.893,0.668,71.445
microservices,on_prem,sync,4,54,18.691,20.271,89.061,98.043,24.44,786.377
microservices,on_prem,sync,1,51,67.438,16.079,86.831,81.871,12.158,1461.216
microservices,on_prem,sync,4,48,27.672,5.234,91.294,98.113,14.874,1117.864
microservices,on_prem,sync,1,51,51.402,5.031,83.82,98.944,8.977,491.372
microservices,on_prem,sync,1,43,65.778,8.319,91.201,98.893,15.907,730.315
microservices,on_prem,sync,4,54,70.664,21.762,98.697,83.759,0.983,1274.624
microservices,on_prem,sync,1,41,114.613,8.316,89.796,96.741,6.723,951.925
hybrid,on_prem,sync,4,45,46.409,14.721,90.974,93.992,7.25,915.524
hybrid,on_prem,sync,4,45,124.016,2.774,99.737,97.429,5.379,249.501
hybrid,on_prem,sync,1,59,26.876,2.181,91.312,88.163,19.994,1493.958
hybrid,on_prem,sync,1,41,15.792,18.558,85.978,92.562,10.279,708.602
hybrid,on_prem,sync,4,41,35.319,10.329,87.667,93.811,16.723,321.183
hybrid,on_prem,sync,4,46,93.345,3.988,83.558,84.223,10.464,1491.867
microservices,on_prem,sync,1,57,41.145,15.577,95.022,89.438,16.408,416.404
hybrid,on_prem,sync,4,49,57.263,8.844,86.213,85.058,24.759,173.23
microservices,on_prem,sync,1,54,110.234,3.912,82.806,82.333,3.25,952.054
hybrid,on_prem,sync,1,43,8.227,17.692,98.957,92.546,18.997,845.668
hybrid,on_prem,sync,4,57,68.092,23.219,91.45,89.675,5.595,440.383
microservices,on_prem,sync,1,56,94.521,10.307,86.141,91.272,19.805,1320.753
hybrid,on_prem,sync,1,42,39.779,21.01,80.909,82.638,7.934,1445.639
hybrid,on_prem,sync,1,58,10.948,3.593,96.754,97.935,16.147,1439.968
hybrid,on_prem,sync,1,46,49.334,4.614,84.933,95.753,11.741,709.453
microservices,on_prem,sync,4,53,98.669,24.865,90.197,95.508,3.179,71.269
hybrid,on_prem,sync,4,46,7.113,4.355,82.447,81.925,22.762,216.119
microservices,on_prem,sync,1,57,58.586,10.574,82.375,99.242,16.414,131.22
microservices,on_prem,sync,1,51,36.315,12.259,85.48,96.089,10.31,1079.781
hybrid,on_prem,sync,1,59,73.922,11.234,81.695,91.639,21.836,1056.797
microservices,on_prem,sync,1,52,104.062,18.537,94.711,88.857,4.356,209.286
microservices,on_prem,sync,4,58,109.827,16.887,96.201,93.613,1.343,1074.035
hybrid,on_prem,sync,1,47,103.417,7.257,92.177,87.862,20.444,1316.622
hybrid,on_prem,sync,4,45,103.246,16.63,99.387,88.986,24.379,631.535
hybrid,on_prem,sync,1,53,56.7,4.15,91.088,94.343,15.019,1318.936
microservices,on_prem,sync,1,42,14.486,11.456,99.79,80.448,19.288,1408.909
microservices,on_prem,sync,1,58,22.506,5.501,86.921,85.381,9.51,1015.572
hybrid,on_prem,sync,1,53,99.649,3.255,87.598,93.218,8.64,55.608
hybrid,on_prem,sync,4,40,121.302,24.581,85.141,92.856,7.704,313.943
microservices,on_prem,sync,1,42,33.923,3.395,85.856,80.531,13.393,265.194
microservices,on_prem,sync,4,46,39.763,3.807,96.631,98.633,18.545,1507.344
hybrid,on_prem,sync,4,47,67.055,23.203,86.962,81.562,10.604,313.511
microservices,on_prem,sync,1,44,55.131,7.53,86.688,86.064,11.071,95.983
microservices,on_prem,sync,1,53,99.219,22.244,98.628,91.068,20.817,737.196
microservices,on_prem,sync,1,41,38.308,11.297,97.356,95.752,19.12,953.617
microservices,on_prem,sync,1,45,92.409,23.277,93.358,92.388,21.854,1198.243
microservices,on_prem,sync,4,55,72.666,2.996,81.814,92.106,6.113,126.4
microservices,on_prem,sync,4,49,98.914,7.012,91.565,91.091,15.756,964.556
hybrid,on_prem,sync,1,52,12.665,16.784,83.627,89.524,1.245,809.515
microservices,on_prem,sync,1,55,98.813,18.953,85.184,94.982,12.005,200.953
hybrid,on_prem,sync,4,51,90.503,3.777,98.506,83.583,6.336,636.304
hybrid,on_prem,sync,1,57,108.031,13.716,94.5,99.652,2.082,1189.262
hybrid,on_prem,sync,4,53,124.594,5.207,80.629,92.424,9.079,404.287
microservices,on_prem,sync,1,54,15.987,22.223,89.199,84.656,13.309,916.359
hybrid,on_prem,sync,1,43,64.434,17.737,85.292,97.584,3.024,61.916
microservices,on_prem,sync,1,47,68.402,14.239,90.167,93.921,24.224,226.471
hybrid,on_prem,sync,4,49,63.681,7.835,91.995,84.707,22.921,534.825
microservices,on_prem,sync,1,40,102.198,8.337,99.089,90.072,9.904,55.771
microservices,on_prem,sync,4,49,57.226,4.301,90.263,85.444,2.759,1457.306
microservices,on_prem,sync,1,59,55.299,19.095,90.202,85.541,6.47,674.022
hybrid,on_prem,sync,1,44,51.814,22.45,84.114,98.757,14.769,1435.88
microservices,on_prem,sync,4,47,92.656,2.668,88.595,96.81,1.551,1346.723
microservices,on_prem,sync,4,47,110.591,18.48,80.612,86.629,23.871,1459.398
microservices,on_prem,sync,1,52,44.594,7.899,98.82,90.86,7.041,1494.856
hybrid,on_prem,sync,1,47,31.499,17.643,85.993,98.697,20.236,930.413
microservices,on_prem,sync,4,50,87.113,2.909,84.33,94.576,16.789,736.587
hybrid,on_prem,sync,4,56,58.439,23.072,85.033,91.589,16.061,646.599
microservices,on_prem,sync,4,45,47.104,23.097,94.767,90.802,13.269,1521.243
hybrid,on_prem,sync,4,40,22.643,15.717,83.658,89.983,12.567,1420.289
hybrid,on_prem,sync,1,48,122.764,7.906,80.775,89.741,12.294,1153.736
hybrid,on_prem,sync,4,54,26.052,6.409,86.563,87.773,20.175,643.445
microservices,on_prem,sync,4,51,114.08,20.979,88.809,94.581,6.959,1135.403
hybrid,on_prem,sync,4,52,54.045,23.915,93.854,82.55,12.231,1326.93
microservices,on_prem,sync,1,54,73.975,6.24,95.066,97.045,18.726,1058.927
microservices,on_prem,sync,1,51,108.144,3.854,94.473,85.843,3.233,237.897
hybrid,on_prem,sync,4,45,101.384,7.376,99.67,84.594,17.504,891.238
microservices,on_prem,sync,1,55,39.069,17.726,81.659,94.021,9.57,479.321
hybrid,on_prem,sync,1,52,103.21,24.427,88.48,80.31,9.098,748.312
microservices,on_prem,sync,4,41,56.367,22.414,81.917,81.929,12.97,182.766
hybrid,on_prem,sync,4,45,60.441,15.542,92.011,91.076,2.185,1515.784
microservices,on_prem,sync,1,54,30.497,22.528,85.677,84.077,0.893,1497.302
microservices,on_prem,sync,1,55,18.705,19.878,90.968,90.138,1.839,1293.373
hybrid,on_prem,sync,4,44,84.432,15.717,90.641,97.654,4.863,222.853
microservices,on_prem,sync,1,53,71.983,4.594,90.482,82.771,1.307,916.128
hybrid,on_prem,sync,1,50,84.536,14.225,88.602,92.165,10.228,912.625
hybrid,on_prem,sync,4,58,72.519,21.328,86.11,88.467,24.644,765.195
hybrid,on_prem,sync,1,58,74.219,15.803,83.211,94.208,21.821,475.703
microservices,on_prem,sync,1,53,35.753,7.313,92.774,84.399,12.733,402.581
microservices,on_prem,sync,4,55,64.245,11.517,96.745,87.346,17.133,939.454
hybrid,on_prem,sync,1,45,114.888,13.548,88.541,84.823,0.651,1420.829
microservices,on_prem,sync,4,47,21.725,16.587,88.992,84.699,13.021,125.949
hybrid,on_prem,sync,1,48,30.557,18.566,84.049,96.142,9.683,682.054
microservices,on_prem,sync,1,55,88.942,6.237,95.194,85.539,24.524,1453.201
microservices,on_prem,sync,4,59,59.993,15.08,91.671,83.077,15.466,1499.389
microservices,on_prem,sync,1,54,78.319,13.686,91.27,87.97,17.159,821.019
hybrid,on_prem,sync,1,42,16.194,2.937,95.526,81.025,14.008,820.133
microservices,on_prem,sync,4,41,122.989,6.373,95.7,93.616,14.028,1368.608
microservices,on_prem,sync,4,57,121.11,5.424,91.319,98.385,16.768,1412.379
microservices,on_prem,sync,4,49,114.7,7.354,91.085,97.696,2.019,574.766
event_driven,hybrid,async,3,22,885.624,76.7185,48.7392,18.9448,63.4776,30494.0
serverless,on_cloud,async,2,12,508.436,77.4101,60.3408,74.4634,196.366,51575.0
hybrid,on_prem,sync,1,42,15.975,20.461,95.043,83.615,21.693,53.977
hybrid,on_prem,sync,1,47,117.999,3.539,94.914,96.176,9.257,1452.92
microservices,on_prem,sync,4,54,16.452,7.718,96.508,82.719,17.49,1527.265
hybrid,on_prem,sync,4,56,122.219,9.848,83.233,98.984,21.424,358.918
microservices,on_prem,sync,4,45,51.8,10.088,93.666,84.557,9.896,661.68
hybrid,on_prem,sync,4,46,88.951,22.62,99.997,89.648,3.209,210.411
hybrid,on_prem,sync,1,56,27.374,11.752,92.699,81.876,6.084,1186.742
microservices,on_prem,sync,1,50,99.449,22.206,90.677,80.369,8.425,1073.676
microservices,on_prem,sync,1,52,100.587,11.391,93.567,93.465,12.701,1012.312
microservices,on_prem,sync,4,42,81.264,9.805,94.79,83.722,20.859,353.232
microservices,on_prem,sync,4,57,104.62,24.153,80.205,99.425,1.354,336.61
hybrid,on_prem,sync,1,41,118.977,4.247,82.807,88.342,21.421,372.294
hybrid,on_prem,sync,1,40,112.263,5.719,97.498,94.691,5.52,226.745
microservices,on_prem,sync,4,56,93.004,15.618,99.686,83.952,11.963,310.618
hybrid,on_prem,sync,4,56,15.006,22.302,92.126,93.306,7.989,1515.693
hybrid,on_prem,sync,1,53,32.93,24.757,93.092,93.708,9.342,1412.58
hybrid,on_prem,sync,4,43,18.582,9.461,84.455,84.252,11.404,773.01
hybrid,on_prem,sync,4,47,33.312,15.261,81.875,91.872,10.314,1345.298
hybrid,on_prem,sync,1,42,92.295,11.025,85.148,84.362,14.007,1407.385
microservices,on_prem,sync,1,48,58.767,22.825,89.235,83.274,3.154,1401.853
hybrid,on_prem,sync,1,48,81.016,2.284,93.547,94.651,12.808,820.623
hybrid,on_prem,sync,4,50,99.424,23.991,93.094,89.947,22.406,1121.408
microservices,on_prem,sync,1,42,88.776,19.116,87.386,93.741,16.44,361.784
hybrid,on_prem,sync,1,46,12.123,22.206,90.573,85.01,12.064,1459.083
hybrid,on_prem,sync,4,59,26.149,21.439,98.413,80.591,18.958,247.134
microservices,on_prem,sync,1,48,70.821,22.564,91.878,86.491,0.164,1433.724
microservices,on_prem,sync,4,46,104.047,24.499,92.914,86.984,16.66,1008.691
microservices,on_prem,sync,4,46,66.844,23.017,97.603,96.611,0.913,1025.164
microservices,on_prem,sync,1,41,112.881,21.994,85.869,91.16,8.973,1294.837
microservices,on_prem,sync,1,42,115.359,10.041,98.432,82.753,3.453,419.173
microservices,on_prem,sync,1,42,11.668,5.886,96.274,90.224,8.359,156.245
hybrid,on_prem,sync,1,51,36.52,20.351,92.195,92.11,16.873,257.287
hybrid,on_prem,sync,4,57,81.165,12.017,93.961,94.093,12.462,1041.212
microservices,on_prem,sync,1,54,24.069,16.023,94.178,93.55,7.772,356.993
hybrid,on_prem,sync,1,58,59.806,9.392,81.469,87.587,11.056,1234.3
hybrid,on_prem,sync,1,46,70.099,16.484,94.661,91.305,18.29,175.358
microservices,on_prem,sync,1,48,12.485,23.763,95.613,98.768,22.423,962.965
hybrid,on_prem,sync,1,56,123.658,8.299,84.424,91.866,0.219,1247.596
hybrid,on_prem,sync,1,46,44.587,13.922,99.692,95.857,23.269,232.015
hybrid,on_prem,sync,1,43,96.851,19.053,99.234,81.748,16.128,716.064
hybrid,on_prem,sync,4,41,103.904,3.455,89.835,82.664,6.766,129.467
microservices,on_prem,sync,4,43,24.329,14.136,84.099,88.87,22.308,543.621
microservices,on_prem,sync,4,40,41.585,2.515,94.3,99.694,19.231,947.581
hybrid,on_prem,sync,4,51,8.992,10.605,85.954,81.442,13.589,363.881
hybrid,on_prem,sync,1,40,65.848,20.8,88.327,83.13,7.229,514.344
microservices,on_prem,sync,4,40,56.802,17.572,98.975,80.843,2.936,224.248
hybrid,on_prem,sync,4,58,102.854,5.175,83.177,89.753,11.907,1103.461
microservices,on_prem,sync,1,58,24.595,19.983,98.175,95.108,16.872,1263.729
hybrid,on_prem,sync,1,40,92.39,12.994,92.638,97.034,15.989,1412.187
microservices,on_prem,sync,1,52,56.671,20.618,80.427,90.295,14.777,1277.201
hybrid,on_prem,sync,1,59,113.618,13.634,83.797,96.869,3.474,378.901
hybrid,on_prem,sync,4,54,38.397,19.341,83.506,98.458,15.095,1298.791
microservices,on_prem,sync,4,41,64.128,9.24,97.163,83.374,5.213,471.419
microservices,on_prem,sync,4,42,84.919,9.698,93.76,83.5,4.495,486.907
microservices,on_prem,sync,1,56,102.248,24.063,89.966,99.531,13.149,896.896
microservices,on_prem,sync,4,49,98.358,12.071,92.928,91.567,10.324,1500.654
microservices,on_prem,sync,4,48,115.188,13.136,82.534,94.743,3.445,164.784
microservices,on_prem,sync,4,59,43.18,13.366,80.139,93.457,21.658,652.371
microservices,on_prem,sync,1,50,19.983,17.355,81.392,87.144,9.878,794.439
hybrid,on_prem,sync,4,41,94.336,17.274,91.867,92.649,22.963,47.328
microservices,on_prem,sync,4,46,65.982,15.616,96.413,96.533,15.951,881.244
hybrid,on_prem,sync,4,48,14.423,2.269,94.549,97.434,5.997,1210.016
hybrid,on_prem,sync,1,43,85.806,3.692,92.856,86.474,15.788,222.074
microservices,on_prem,sync,4,53,85.231,20.796,96.293,98.423,2.99,1423.665
hybrid,on_prem,sync,1,59,110.236,12.326,97.756,99.865,15.065,467.209
microservices,on_prem,sync,4,43,47.066,4.914,87.22,93.387,4.984,721.474
hybrid,on_prem,sync,1,54,10.869,14.495,92.534,95.962,7.604,111.669
microservices,on_prem,sync,1,59,13.157,23.351,86.063,92.583,1.694,276.03
hybrid,on_prem,sync,1,43,108.581,8.993,94.573,83.216,2.324,803.133
microservices,on_prem,sync,4,49,84.907,12.694,87.549,93.955,3.524,1071.525
hybrid,on_prem,sync,1,47,98.346,9.394,86.961,97.637,1.777,1176.439
hybrid,on_prem,sync,1,43,38.228,16.842,96.426,90.223,1.195,1008.865
hybrid,on_prem,sync,4,56,76.857,21.432,87.722,81.835,13.952,707.644
hybrid,on_prem,sync,4,44,11.034,6.138,96.841,81.786,8.301,752.332
hybrid,on_prem,sync,4,54,45.168,24.934,99.596,82.982,12.88,381.063
microservices,on_prem,sync,4,59,95.467,6.898,96.014,96.894,12.375,578.713
microservices,on_prem,sync,4,56,102.95,23.479,98.133,99.308,5.616,1388.784
hybrid,on_prem,sync,1,51,9.663,5.206,82.372,97.318,3.579,1016.627
hybrid,on_prem,sync,4,48,76.537,2.821,85.847,83.325,6.764,384.891
hybrid,on_prem,sync,1,49,64.707,6.93,82.899,99.741,5.396,64.085
microservices,on_prem,sync,4,47,28.129,15.856,91.137,92.466,12.4,626.996
hybrid,on_prem,sync,1,42,35.055,7.541,90.022,89.66,20.823,316.849
microservices,on_prem,sync,4,52,105.909,20.065,90.459,84.225,9.734,1319.589
hybrid,on_prem,sync,4,55,106.996,19.848,88.933,97.043,23.31,1468.987
hybrid,on_prem,sync,1,43,47.72,22.178,91.341,94.42,3.224,1213.075
hybrid,on_prem,sync,1,57,52.094,24.306,90.759,91.292,0.817,105.02
microservices,on_prem,sync,1,58,119.549,14.681,80.029,91.4,9.522,382.769
microservices,on_prem,sync,1,59,35.184,19.254,88.128,96.007,5.495,1245.227
hybrid,on_prem,sync,1,56,79.525,12.536,80.273,80.447,24.705,399.869
microservices,on_prem,sync,4,52,14.471,24.686,86.348,97.405,21.534,319.261
hybrid,on_prem,sync,1,52,7.472,12.824,99.012,97.647,19.236,665.582
hybrid,on_prem,sync,4,47,64.317,4.988,96.053,82.258,3.312,1357.403
hybrid,on_prem,sync,1,48,106.581,4.694,82.298,98.605,14.707,728.029
hybrid,on_prem,sync,1,52,81.635,19.723,82.058,97.524,12.357,577.321
microservices,on_prem,sync,1,54,93.031,8.203,88.751,95.094,9.994,783.035
microservices,on_prem,sync,4,48,69.195,12.056,89.846,99.774,0.187,1443.341
microservices,on_prem,sync,4,52,91.232,4.475,94.33,80.288,24.822,1476.576
microservices,on_prem,sync,1,46,115.495,19.684,98.844,81.655,10.169,620.215
microservices,on_prem,sync,1,44,112.916,12.394,93.241,97.142,11.931,861.51
microservices,on_prem,sync,4,48,23.591,14.081,96.937,88.542,13.883,458.257
microservices,on_prem,sync,1,52,53.857,3.755,91.213,91.142,16.105,838.167
microservices,on_prem,sync,1,50,12.977,17.795,95.497,80.464,23.826,1251.799
hybrid,on_prem,sync,1,49,34.313,2.446,98.119,94.592,11.339,425.487
microservices,on_prem,sync,1,43,15.426,21.784,80.058,92.876,24.309,773.336
hybrid,on_prem,sync,4,41,39.623,4.0,89.988,98.327,23.21,961.375
microservices,on_prem,sync,1,47,103.737,10.322,97.316,95.51,5.305,1067.177
microservices,on_prem,sync,1,53,89.007,15.562,82.712,81.753,8.194,1097.098
microservices,on_prem,sync,4,54,15.556,13.471,95.493,93.307,6.611,380.504
hybrid,on_prem,sync,1,46,79.933,7.281,91.312,97.076,9.404,394.447
microservices,on_prem,sync,4,59,71.896,19.403,80.978,87.898,11.328,328.732
hybrid,on_prem,sync,1,51,72.01,8.064,81.797,96.042,19.046,1406.122
microservices,on_prem,sync,4,52,45.577,23.492,88.376,89.65,18.513,483.283
microservices,on_prem,sync,1,50,18.381,11.224,99.563,81.669,14.696,1257.885
microservices,on_prem,sync,1,40,49.546,12.641,89.057,80.077,24.835,639.892
microservices,on_prem,sync,1,47,94.201,6.185,93.881,80.51,11.552,578.736
hybrid,on_prem,sync,1,40,17.731,17.519,93.321,87.741,20.644,745.718
microservices,on_prem,sync,4,41,75.53,8.543,87.158,89.583,19.646,999.969
hybrid,on_prem,sync,1,54,37.265,13.546,84.326,84.324,16.256,1407.175
hybrid,on_prem,sync,1,49,98.179,20.079,82.952,85.805,1.268,1406.434
microservices,on_prem,sync,1,58,47.91,10.516,88.182,91.288,24.552,87.24
hybrid,on_prem,sync,1,55,115.911,6.893,88.366,84.417,10.774,143.974
hybrid,on_prem,sync,4,43,52.17,21.929,87.834,92.161,11.224,327.225
hybrid,on_prem,sync,4,54,49.303,3.853,90.825,81.034,9.974,488.804
hybrid,on_prem,sync,1,40,53.868,5.99,93.752,80.226,11.769,1356.435
hybrid,on_prem,sync,4,43,72.899,19.812,86.93,94.491,22.483,993.253
microservices,on_prem,sync,4,52,10.253,9.469,95.208,89.747,23.735,474.963
microservices,on_prem,sync,4,53,43.556,21.218,82.621,89.648,16.483,1432.672
hybrid,on_prem,sync,1,56,69.665,22.536,94.928,95.623,8.634,1353.701
microservices,on_prem,sync,1,41,33.831,10.405,92.863,91.483,6.647,502.122
hybrid,on_prem,sync,1,48,33.658,5.245,83.882,82.527,9.082,1154.113
microservices,on_prem,sync,1,59,85.647,14.982,80.252,84.926,7.157,1178.971
hybrid,on_prem,sync,1,47,88.415,11.521,91.672,84.124,21.937,216.717
microservices,on_prem,sync,4,41,31.926,5.233,88.812,90.665,18.478,348.666
hybrid,on_prem,sync,4,56,97.956,6.906,85.681,81.233,14.425,1468.892
microservices,on_prem,sync,4,46,90.62,4.025,98.025,92.794,8.756,182.172
microservices,on_prem,sync,1,48,14.974,15.418,90.678,99.535,8.498,463.779
hybrid,on_prem,sync,1,45,33.494,6.132,96.253,94.42,0.889,1130.857
hybrid,on_prem,sync,1,41,91.085,15.388,89.075,88.631,8.253,1350.355
hybrid,on_prem,sync,1,43,18.365,17.652,88.914,93.957,19.161,589.314
microservices,on_prem,sync,4,49,13.443,10.526,80.94,91.405,17.769,915.537
microservices,on_prem,sync,1,40,105.174,15.456,99.973,92.432,10.678,876.072
microservices,on_prem,sync,4,52,97.742,22.051,96.996,87.772,16.171,286.562
microservices,on_prem,sync,4,58,9.173,19.525,82.366,97.995,6.784,515.699
hybrid,on_prem,sync,4,56,100.125,23.539,85.293,80.198,20.261,226.991
microservices,on_prem,sync,1,50,9.486,2.627,82.512,95.057,16.17,259.568
microservices,on_prem,sync,4,50,52.002,11.996,93.645,83.747,6.987,169.598
microservices,on_prem,sync,4,53,60.384,4.305,85.577,82.501,6.27,259.81
microservices,on_prem,sync,4,45,97.271,23.621,95.265,85.533,2.002,848.374
microservices,on_prem,sync,4,51,123.469,13.36,80.64,96.756,12.378,1117.487
hybrid,on_prem,sync,4,58,100.649,12.744,92.077,80.322,8.63,306.563
microservices,on_prem,sync,1,50,30.779,6.851,98.159,85.194,12.985,1143.581
hybrid,on_prem,sync,1,45,20.452,8.264,82.934,80.408,24.753,128.04
hybrid,on_prem,sync,4,56,7.032,16.545,82.599,90.092,2.966,776.408
hybrid,on_prem,sync,4,54,29.092,5.191,96.298,95.669,15.269,368.325
hybrid,on_prem,sync,1,42,49.808,9.835,83.574,94.055,24.872,260.321
hybrid,on_prem,sync,4,46,120.623,8.177,83.804,82.651,23.435,712.766
microservices,on_prem,sync,4,49,117.958,20.868,95.476,81.037,5.775,1048.542
microservices,on_prem,sync,4,40,122.832,3.15,99.163,82.044,2.332,239.162
microservices,on_prem,sync,1,51,111.933,14.209,81.415,82.247,6.777,589.132
microservices,on_prem,sync,4,42,55.723,16.857,99.908,97.055,23.221,1406.525
microservices,on_prem,sync,4,52,16.558,14.446,95.386,97.832,8.354,259.903
microservices,on_prem,sync,1,59,52.484,2.314,82.204,84.325,20.032,1282.367
microservices,on_prem,sync,1,56,108.163,5.267,92.532,91.426,0.914,469.235
microservices,on_prem,sync,1,46,84.872,7.518,95.916,98.531,2.359,929.083
microservices,on_prem,sync,1,41,42.061,16.313,99.542,85.042,13.645,494.599
hybrid,on_prem,sync,1,52,109.389,17.334,95.195,99.542,12.603,580.89
hybrid,on_prem,sync,1,51,60.762,4.224,98.691,92.014,13.58,1044.307
microservices,on_prem,sync,1,55,77.81,6.284,88.578,82.731,2.92,575.006
microservices,on_prem,sync,4,59,56.073,3.105,89.27,87.855,0.308,1008.633
microservices,on_prem,sync,1,57,106.393,11.188,96.426,87.899,6.849,1401.058
microservices,on_prem,sync,1,49,101.445,9.562,98.475,89.474,19.821,1469.993
microservices,on_prem,sync,4,53,92.815,6.216,92.99,81.574,23.787,603.613
hybrid,on_prem,sync,4,49,100.288,24.376,92.701,94.353,18.591,816.967
hybrid,on_prem,sync,4,54,113.304,17.2,99.102,91.49,21.135,1524.101
microservices,on_prem,sync,1,44,35.466,18.341,88.099,93.572,14.193,682.248
microservices,on_prem,sync,4,52,20.141,21.824,96.756,94.567,23.359,1216.837
microservices,on_prem,sync,1,50,31.172,12.761,97.215,90.467,12.549,1237.873
microservices,on_prem,sync,4,51,103.255,5.985,94.909,99.181,2.756,1430.226
microservices,on_prem,sync,4,44,72.003,15.545,84.722,88.713,14.458,541.308
microservices,on_prem,sync,4,43,29.454,13.354,85.751,80.186,18.852,1377.524
hybrid,on_prem,sync,4,40,10.284,10.996,97.521,97.49,1.869,43.757
microservices,on_prem,sync,1,50,55.29,10.311,91.782,82.111,6.776,717.63
microservices,on_prem,sync,4,46,42.253,10.553,99.553,93.813,12.782,42.713
microservices,on_prem,sync,4,50,118.835,6.443,92.596,96.952,19.099,549.142
hybrid,on_prem,sync,1,57,60.421,10.503,89.339,98.239,23.833,227.274
hybrid,on_prem,sync,1,44,85.347,19.418,92.173,98.629,3.438,356.108
microservices,on_prem,sync,4,50,53.413,19.084,84.241,89.543,6.438,1131.292
microservices,on_prem,sync,1,47,20.352,11.188,87.086,80.683,1.124,460.641
hybrid,on_prem,sync,4,43,56.345,7.278,86.961,84.672,15.626,401.738
hybrid,on_prem,sync,4,53,112.301,9.154,98.368,81.652,18.396,907.534
microservices,on_prem,sync,1,45,21.491,20.375,94.034,83.108,19.994,1340.568
hybrid,on_prem,sync,1,56,84.582,21.07,95.646,85.846,18.308,617.645
microservices,on_prem,sync,1,48,107.783,13.714,81.678,87.782,4.826,1532.391
microservices,on_prem,sync,1,49,68.602,15.822,99.036,87.701,8.456,116.414
hybrid,on_prem,sync,1,57,14.423,24.869,84.087,92.758,4.149,541.885
hybrid,on_prem,sync,1,46,27.087,15.501,89.531,81.048,17.087,168.951
microservices,on_prem,sync,1,50,60.318,23.831,86.006,80.675,6.61,523.542
microservices,on_prem,sync,4,54,33.457,15.93,84.797,91.729,19.913,1424.419
microservices,on_prem,sync,4,42,110.466,15.755,93.571,90.06,19.329,755.701
hybrid,on_prem,sync,4,52,16.136,10.01,96.748,81.201,9.052,124.863
microservices,on_prem,sync,1,52,41.728,5.214,95.237,81.515,5.687,336.751
hybrid,on_prem,sync,1,47,28.371,3.436,89.987,83.906,16.841,1191.517
microservices,on_prem,sync,1,46,84.392,6.964,81.277,99.916,15.646,132.029
microservices,on_prem,sync,4,45,75.958,18.529,94.464,83.258,20.007,1321.403
microservices,on_prem,sync,1,55,39.752,3.055,99.663,89.179,13.64,1506.348
hybrid,on_prem,sync,1,43,69.818,6.227,90.787,81.142,17.191,1288.534
hybrid,on_prem,sync,4,40,67.412,19.363,93.189,92.35,16.444,234.191
hybrid,on_prem,sync,1,56,123.108,17.124,95.035,86.061,23.772,212.415
hybrid,on_prem,sync,1,53,121.233,17.06,88.048,88.433,9.545,1480.153
hybrid,on_prem,sync,4,42,32.375,6.976,87.217,92.98,4.222,1055.528
microservices,on_prem,sync,4,56,92.433,19.675,89.0,85.223,5.804,1383.969
microservices,on_prem,sync,4,56,14.684,11.989,99.985,92.043,9.473,1443.854
hybrid,on_prem,sync,1,53,67.144,10.339,81.542,96.586,21.118,1222.49
microservices,on_prem,sync,4,59,16.177,12.319,84.801,88.401,7.515,457.018
hybrid,on_prem,sync,1,49,112.027,8.663,93.961,96.466,3.636,258.742
microservices,on_prem,sync,1,46,72.556,11.102,91.565,84.792,20.432,748.295
microservices,on_prem,sync,4,47,99.132,21.548,85.511,82.381,18.745,729.035
hybrid,on_prem,sync,1,56,119.032,14.432,82.28,94.723,18.088,956.87
hybrid,on_prem,sync,1,45,108.852,22.36,82.934,90.895,6.793,307.356
hybrid,on_prem,sync,1,44,104.227,8.127,81.082,88.274,23.905,1508.644
hybrid,on_prem,sync,4,58,77.242,8.479,99.393,87.261,7.578,515.524
hybrid,on_prem,sync,1,41,12.312,18.908,81.278,85.705,21.012,1098.14
hybrid,on_prem,sync,4,44,99.635,11.328,84.858,82.793,4.007,201.897
hybrid,on_prem,sync,1,47,59.605,15.739,97.661,84.509,12.45,596.812
hybrid,on_prem,sync,1,47,60.037,10.583,96.063,83.47,22.036,337.488
microservices,on_prem,sync,1,48,55.224,17.444,87.189,88.79,6.958,1150.929
microservices,on_prem,sync,4,42,116.322,9.973,97.29,98.001,7.24,1085.229
hybrid,on_prem,sync,4,45,14.446,15.437,98.817,95.084,16.38,48.859
microservices,on_prem,sync,1,41,112.215,17.125,95.38,98.26,11.497,384.707
hybrid,on_prem,sync,4,55,73.853,5.782,81.051,87.122,23.238,316.025
hybrid,on_prem,sync,4,59,24.778,22.193,95.874,90.108,4.117,329.015
microservices,on_prem,sync,1,48,117.272,22.497,88.802,97.074,9.283,1075.856
hybrid,on_prem,sync,4,40,44.374,5.029,93.002,97.693,0.113,74.909
hybrid,on_prem,sync,4,59,39.456,21.822,98.221,85.938,10.912,1077.501
microservices,on_prem,sync,1,56,22.951,13.81,94.948,88.092,1.626,1111.785
microservices,on_prem,sync,1,45,47.155,22.886,96.516,95.49,23.68,328.288
hybrid,on_prem,sync,1,54,27.641,5.487,99.542,89.575,11.276,55.479
microservices,on_prem,sync,4,55,114.384,10.633,89.223,92.106,17.017,1492.87
microservices,on_prem,sync,1,55,103.198,10.982,94.948,86.862,3.227,1210.82
microservices,on_prem,sync,1,54,102.163,13.889,94.919,90.197,1.691,1458.697
microservices,on_prem,sync,1,50,63.72,6.6,88.208,82.284,15.294,348.835
microservices,on_prem,sync,4,51,26.274,4.528,98.723,91.408,2.925,1325.04
microservices,on_prem,sync,1,52,60.865,20.485,82.255,94.199,19.479,304.769
hybrid,on_prem,sync,4,54,104.669,8.667,85.166,93.505,12.488,82.725
hybrid,on_prem,sync,4,58,27.921,3.438,90.162,86.137,9.832,772.404
microservices,on_prem,sync,4,45,83.547,20.327,96.289,86.556,15.883,938.213
hybrid,on_prem,sync,1,58,57.726,5.458,87.4,84.091,19.0,1169.318
hybrid,on_prem,sync,4,57,86.675,10.17,81.779,90.011,6.477,1510.194
hybrid,on_prem,sync,4,45,106.802,14.639,96.861,87.791,24.292,451.358
hybrid,on_prem,sync,4,43,27.111,8.357,93.966,87.321,2.665,106.022
hybrid,on_prem,sync,1,54,48.452,16.342,91.977,95.357,13.134,516.828
hybrid,on_prem,sync,4,48,20.046,18.085,96.67,90.827,6.804,882.812
microservices,on_prem,sync,1,54,13.71,3.524,85.449,87.836,11.79,223.191
microservices,on_prem,sync,4,45,12.524,7.133,91.273,87.803,21.704,1325.404
hybrid,on_prem,sync,1,43,43.91,20.48,96.095,80.793,0.11,1005.47
microservices,on_prem,sync,1,40,48.918,19.812,86.977,89.061,16.191,131.548
hybrid,on_prem,sync,4,43,32.427,2.719,96.153,80.135,15.739,955.683
hybrid,on_prem,sync,1,57,62.923,14.641,81.797,93.94,12.536,1147.448
hybrid,on_prem,sync,1,43,108.383,2.208,83.1,85.158,8.889,523.472
hybrid,on_prem,sync,1,49,24.236,23.381,87.037,98.065,13.747,731.126
microservices,on_prem,sync,4,53,114.61,14.152,84.799,92.652,7.415,349.737
microservices,on_prem,sync,4,51,115.858,9.057,81.942,82.824,24.542,1365.844
hybrid,on_prem,sync,1,40,82.389,4.805,91.04,96.555,7.008,279.664
hybrid,on_prem,sync,4,42,38.198,6.04,81.9,87.657,5.071,910.408
microservices,on_prem,sync,4,46,55.243,4.372,84.76,97.081,22.401,245.796
hybrid,on_prem,sync,4,56,113.169,23.974,96.232,97.19,0.419,1506.613
hybrid,on_prem,sync,1,46,111.626,8.581,97.583,94.18,15.481,260.73
microservices,on_prem,sync,4,45,112.942,8.493,88.533,89.097,5.892,439.479
hybrid,on_prem,sync,4,46,21.196,20.335,88.138,96.152,21.06,1526.745
microservices,on_prem,sync,1,40,83.551,19.586,84.108,88.857,7.065,207.715
hybrid,on_prem,sync,4,41,124.471,17.325,85.647,90.634,5.23,448.135
microservices,on_prem,sync,1,56,112.944,8.013,97.643,88.643,7.785,1151.655
microservices,on_prem,sync,1,48,89.723,24.836,81.195,88.531,23.761,1125.026
microservices,on_prem,sync,4,58,79.142,15.795,80.07,87.549,23.169,1264.832
microservices,on_prem,sync,1,54,28.307,8.019,86.262,95.341,11.662,1140.404
microservices,on_prem,sync,4,55,122.418,9.971,98.958,87.102,10.588,243.65
microservices,on_prem,sync,4,44,32.401,4.2,83.138,97.867,24.296,530.759
microservices,on_prem,sync,1,47,95.824,16.314,84.848,96.688,11.786,1457.424
hybrid,on_prem,sync,4,42,47.769,16.842,84.946,84.443,21.658,745.023
microservices,on_prem,sync,4,49,75.489,20.823,88.259,83.573,9.94,835.147
hybrid,on_prem,sync,4,47,57.223,7.838,82.458,92.412,2.691,1161.162
hybrid,on_prem,sync,4,40,48.09,10.683,99.658,96.192,17.906,871.836
hybrid,on_prem,sync,1,58,63.045,7.688,95.312,86.605,10.184,964.75
microservices,on_prem,sync,1,56,107.416,17.371,94.359,85.972,20.58,1358.81
microservices,on_prem,sync,4,43,20.729,16.759,86.723,88.705,24.707,938.86
microservices,on_prem,sync,1,47,122.604,19.203,91.592,88.811,20.535,1371.524
hybrid,on_prem,sync,1,51,75.682,2.58,91.51,91.579,7.006,737.361
hybrid,on_prem,sync,1,54,115.345,19.518,99.701,92.768,19.802,1358.983
hybrid,on_prem,sync,4,42,108.649,4.54,85.569,95.552,16.256,98.525
microservices,on_prem,sync,1,56,109.04,16.066,85.275,88.428,3.374,770.324
hybrid,on_prem,sync,4,45,114.524,10.502,89.227,95.79,16.241,594.975
microservices,on_prem,sync,4,55,88.719,7.862,85.369,85.948,22.127,615.664
microservices,on_prem,sync,1,45,8.627,24.009,97.076,90.217,22.925,1204.802
microservices,on_prem,sync,1,50,103.173,13.304,93.913,86.114,20.488,243.724
hybrid,on_prem,sync,1,55,39.399,4.161,82.857,97.571,16.043,1405.8
microservices,on_prem,sync,1,50,36.009,10.196,95.607,84.246,13.431,1008.717
microservices,on_prem,sync,4,49,32.63,17.953,86.962,83.732,22.908,768.835
hybrid,on_prem,sync,4,40,98.813,8.519,81.508,85.191,22.146,613.959
microservices,on_prem,sync,4,56,60.097,12.323,81.072,89.176,14.515,966.509
hybrid,on_prem,sync,4,43,23.852,9.262,91.412,88.284,6.528,326.023
hybrid,on_prem,sync,1,50,18.327,12.533,87.414,99.116,1.056,295.658
hybrid,on_prem,sync,4,48,62.884,14.404,94.924,83.328,6.632,1301.212
microservices,on_prem,sync,4,49,100.926,17.787,82.994,86.515,17.267,651.059
hybrid,on_prem,sync,4,50,120.579,17.611,82.642,87.126,17.209,69.592
hybrid,on_prem,sync,4,55,97.717,2.161,99.276,85.317,19.516,178.157
microservices,on_prem,sync,4,47,34.487,6.189,94.653,81.879,18.881,1178.703
hybrid,on_prem,sync,1,54,41.634,21.467,95.014,87.751,6.278,418.806
microservices,on_prem,sync,1,58,88.485,4.504,92.729,91.952,10.547,1383.135
microservices,on_prem,sync,4,45,106.732,17.542,85.159,98.958,9.668,993.429
hybrid,on_prem,sync,1,48,92.955,7.455,84.228,98.645,19.919,1277.192
hybrid,on_prem,sync,1,42,52.995,6.946,88.298,84.784,3.911,245.351
microservices,on_prem,sync,4,46,82.891,22.443,90.02,94.678,15.058,45.744
microservices,on_prem,sync,4,46,37.625,18.252,97.238,91.261,6.809,1254.521
microservices,on_prem,sync,1,48,37.014,15.471,81.186,98.475,15.384,342.779
microservices,on_prem,sync,4,55,40.908,21.543,81.13,88.862,13.748,1473.714
hybrid,on_prem,sync,4,54,84.842,8.338,99.925,96.874,18.578,1464.459
hybrid,on_prem,sync,1,44,20.276,14.648,95.96,95.97,3.647,1295.731
microservices,on_prem,sync,4,41,49.554,18.421,93.823,84.276,9.621,620.6
microservices,on_prem,sync,1,53,93.875,23.759,82.715,94.768,12.649,1073.839
microservices,on_prem,sync,1,51,22.533,9.137,97.943,87.508,1.924,746.441
microservices,on_prem,sync,4,53,49.827,2.859,80.628,89.036,15.1,1052.893
microservices,on_prem,sync,4,47,120.133,2.553,96.743,82.668,21.642,167.894
microservices,on_prem,sync,1,43,15.399,2.552,81.444,92.813,12.26,1345.397
hybrid,on_prem,sync,4,41,36.973,17.164,97.497,85.214,15.719,831.158
hybrid,on_prem,sync,1,44,25.118,3.247,95.723,84.454,6.119,469.015
microservices,on_prem,sync,4,45,113.054,11.63,83.701,99.678,14.361,388.755
hybrid,on_prem,sync,4,47,61.989,8.119,82.428,85.546,24.489,985.386
hybrid,on_prem,sync,1,41,51.63,23.684,97.223,87.947,2.934,1185.403
microservices,on_prem,sync,4,44,122.201,7.801,87.783,94.984,13.73,516.026
hybrid,on_prem,sync,1,56,83.156,16.287,83.706,84.445,20.448,1451.153
microservices,on_prem,sync,4,53,45.459,12.1,86.309,94.78,13.95,527.476
hybrid,on_prem,sync,4,55,23.212,20.844,93.106,95.625,4.187,433.927
hybrid,on_prem,sync,1,48,43.081,19.578,99.127,84.647,0.327,1416.245
hybrid,on_prem,sync,4,57,15.579,3.338,85.865,95.773,20.214,75.645
hybrid,on_prem,sync,4,57,119.054,9.854,90.479,80.9,0.941,550.071
microservices,on_prem,sync,1,55,82.641,8.921,95.673,82.706,21.593,1442.439
microservices,on_prem,sync,4,49,102.192,20.889,83.37,95.264,24.194,157.261
hybrid,on_prem,sync,4,51,11.641,17.566,96.902,94.163,11.927,1200.178
hybrid,on_prem,sync,4,40,103.456,14.15,90.719,96.622,19.349,1453.294
hybrid,on_prem,sync,4,41,112.245,16.678,98.029,93.152,18.636,935.09
hybrid,on_prem,sync,4,54,11.849,23.867,92.111,89.335,24.485,1121.665
hybrid,on_prem,sync,4,58,104.961,23.99,92.311,95.306,21.277,291.103
microservices,on_prem,sync,1,49,14.393,14.995,99.307,89.35,9.193,795.139
microservices,on_prem,sync,4,41,76.861,11.723,96.287,82.342,7.554,1342.385
microservices,on_prem,sync,1,53,94.351,5.818,93.281,82.858,20.982,1142.793
microservices,on_prem,sync,1,42,20.498,20.815,93.839,93.862,0.633,1186.57
hybrid,on_prem,sync,4,59,26.132,6.475,99.906,97.128,16.378,1406.846
hybrid,on_prem,sync,4,52,122.43,2.548,93.868,80.696,5.739,1185.075
hybrid,on_prem,sync,4,40,22.38,2.077,92.177,82.249,18.575,1131.33
microservices,on_prem,sync,4,41,48.046,8.589,89.363,93.601,17.454,808.117
hybrid,on_prem,sync,4,59,85.282,17.652,93.416,88.309,0.227,773.68
hybrid,on_prem,sync,1,56,24.936,14.174,94.203,94.435,2.245,556.921
hybrid,on_prem,sync,4,40,50.857,20.238,96.254,83.765,13.707,723.291
microservices,on_prem,sync,4,53,101.423,7.842,88.896,84.606,14.928,739.218
hybrid,on_prem,sync,4,50,40.923,16.325,91.306,98.697,4.141,652.916
microservices,on_prem,sync,1,55,57.262,6.806,82.165,91.698,8.485,1525.372
microservices,on_prem,sync,4,40,81.455,10.808,81.14,80.265,21.245,1292.611
hybrid,on_prem,sync,1,49,8.451,23.717,88.596,90.642,19.343,265.548
hybrid,on_prem,sync,4,41,48.052,3.724,99.548,93.094,20.842,1304.792
hybrid,on_prem,sync,4,49,15.599,3.111,80.589,92.16,6.045,871.227
hybrid,on_prem,sync,1,53,90.357,11.882,91.918,93.233,2.746,662.781
microservices,on_prem,sync,1,42,41.54,8.436,93.262,96.989,14.347,654.135
hybrid,on_prem,sync,1,48,31.2,15.301,81.272,81.46,13.186,1210.574
hybrid,on_prem,sync,1,55,111.255,22.135,99.344,90.605,20.066,961.672
microservices,on_prem,sync,1,42,113.331,16.369,88.921,95.844,21.543,517.444
microservices,on_prem,sync,1,57,93.92,16.742,80.591,82.397,11.059,1283.676
microservices,on_prem,sync,1,54,13.317,15.023,97.894,94.14,1.528,574.79
hybrid,on_prem,sync,4,42,113.59,15.996,84.51,84.127,6.577,237.628
hybrid,on_prem,sync,4,56,49.178,6.058,86.987,88.836,8.445,323.371
hybrid,on_prem,sync,1,49,21.814,4.726,89.864,86.523,7.522,447.336
microservices,on_prem,sync,4,55,42.707,22.161,80.481,92.847,1.864,200.803
microservices,on_prem,sync,1,59,27.772,22.436,80.766,80.7,23.654,1159.59
hybrid,on_prem,sync,1,55,23.195,9.12,93.344,82.692,24.559,1177.58
microservices,on_prem,sync,4,45,36.374,8.748,90.738,88.05,9.371,469.257
hybrid,on_prem,sync,1,55,70.164,14.132,91.272,84.329,7.541,407.197
hybrid,on_prem,sync,1,57,17.904,16.646,83.103,86.431,12.121,1440.886
hybrid,on_prem,sync,4,51,89.139,9.748,86.893,85.312,2.976,1535.849
hybrid,on_prem,sync,4,46,79.303,3.761,81.922,81.72,14.429,1317.634
microservices,on_prem,sync,4,48,26.359,15.672,81.662,91.207,9.708,736.95
hybrid,on_prem,sync,1,56,76.951,3.724,94.532,85.783,2.685,271.541
hybrid,on_prem,sync,1,52,60.025,12.476,88.191,85.906,22.723,838.032
hybrid,on_prem,sync,4,51,29.379,8.592,92.665,87.917,2.921,372.749
hybrid,on_prem,sync,4,54,64.33,24.678,81.663,94.798,4.436,153.077
hybrid,on_prem,sync,1,56,62.143,19.74,80.094,97.851,21.136,629.36
hybrid,on_prem,sync,4,54,36.821,9.069,81.262,97.993,11.879,497.695
hybrid,on_prem,sync,4,48,88.787,12.315,81.03,84.947,24.532,1096.418
microservices,on_prem,sync,4,58,27.606,15.883,82.918,93.297,19.986,889.408
microservices,on_prem,sync,1,51,7.157,5.679,86.765,90.162,6.59,1297.524
microservices,on_prem,sync,4,42,35.448,22.401,94.5,82.674,3.558,943.344
hybrid,on_prem,sync,4,53,115.548,20.282,82.364,94.008,3.423,956.817
hybrid,on_prem,sync,4,51,50.811,13.684,95.641,95.8,9.18,519.089
hybrid,on_prem,sync,4,59,110.287,4.914,91.917,84.105,24.962,1036.91
hybrid,on_prem,sync,4,40,82.579,23.917,99.752,98.121,2.734,1234.25
event_driven,hybrid,mixed,3,11,1213.62,39.814,37.9667,73.2114,62.8092,79059.0
hybrid,on_prem,sync,1,55,106.06,17.923,94.057,98.719,6.369,1081.888
hybrid,on_prem,sync,4,54,17.138,19.747,97.578,85.312,15.929,274.122
hybrid,on_prem,sync,4,54,21.465,7.699,82.636,85.755,0.732,340.771
hybrid,on_prem,sync,4,48,115.983,17.095,86.44,85.505,3.542,1458.762
event_driven,on_prem,async,2,37,18.6432,90.3512,38.5865,7.81775,38.2021,80581.0
microservices,on_prem,sync,1,57,19.075,13.884,82.267,91.192,9.741,109.496
hybrid,on_prem,sync,1,59,119.804,11.38,99.226,90.565,22.411,85.661
hybrid,on_prem,sync,4,49,43.426,3.768,91.771,95.434,20.477,977.945
hybrid,on_prem,sync,1,59,37.901,10.793,82.846,84.491,12.598,1325.97
hybrid,on_prem,sync,1,53,77.512,9.895,91.259,88.226,18.152,1032.456
microservices,on_prem,sync,1,42,82.002,23.695,87.49,93.543,23.311,375.753
hybrid,on_prem,sync,4,54,13.54,6.418,94.161,84.709,8.503,211.449
microservices,on_prem,sync,4,55,95.017,9.052,89.995,98.524,10.54,439.821
hybrid,on_prem,sync,1,55,46.244,10.962,100.0,92.395,16.314,359.721
hybrid,on_prem,sync,4,59,58.654,13.464,96.124,95.845,13.7,223.005
microservices,on_prem,sync,4,47,39.888,20.124,95.2,98.124,21.055,1445.328
hybrid,on_prem,sync,4,50,117.078,7.723,89.345,83.561,14.739,1183.145
microservices,on_prem,sync,4,56,36.363,21.009,82.252,88.409,15.61,910.719
hybrid,on_prem,sync,4,59,120.825,16.645,90.594,96.148,7.199,1021.173
microservices,on_prem,sync,4,56,78.524,17.95,95.784,98.723,3.648,1280.446
hybrid,on_prem,sync,1,47,62.349,2.162,81.614,95.009,14.369,1526.367
microservices,on_prem,sync,4,46,59.34,16.601,92.573,99.493,7.685,266.11
hybrid,on_prem,sync,1,42,18.032,24.327,86.933,98.922,0.886,870.613
hybrid,on_prem,sync,1,55,95.163,20.987,97.13,90.408,2.502,1489.242
microservices,on_prem,sync,4,46,12.107,22.251,87.891,81.267,0.279,152.473
microservices,on_prem,sync,4,44,76.286,14.066,83.234,92.81,22.617,568.886
hybrid,on_prem,sync,4,49,50.099,23.016,91.502,92.419,10.699,1053.254
microservices,on_prem,sync,1,43,34.294,23.179,98.319,88.978,14.492,1315.438
microservices,on_prem,sync,4,46,105.85,11.126,90.516,93.346,10.932,437.159
hybrid,on_prem,sync,1,55,60.553,6.034,87.19,98.207,15.555,169.478
hybrid,on_prem,sync,4,49,61.797,3.456,81.632,92.47,5.694,1510.542
hybrid,on_prem,sync,1,55,46.977,5.201,90.109,80.808,5.508,1073.187
hybrid,on_prem,sync,4,53,107.446,23.987,99.169,88.545,10.406,1194.307
microservices,on_prem,sync,1,57,111.124,5.558,98.965,83.837,5.498,295.172
microservices,on_prem,sync,1,56,119.991,15.941,90.757,87.561,21.605,1418.115
hybrid,on_prem,sync,1,59,91.36,24.762,99.573,93.599,5.506,145.949
microservices,on_prem,sync,4,43,93.643,12.86,88.588,97.593,24.136,127.53
microservices,on_prem,sync,4,45,113.775,10.373,80.294,83.643,6.735,683.705
microservices,on_prem,sync,1,54,48.71,23.523,89.244,85.43,18.305,1088.254
hybrid,on_prem,sync,1,40,119.13,14.735,95.951,94.532,5.043,821.36
microservices,on_prem,sync,4,55,49.838,6.229,80.705,80.15,11.279,777.763
microservices,on_prem,sync,1,51,53.139,8.783,95.87,82.344,12.284,582.073
microservices,on_prem,sync,1,50,116.876,12.561,99.247,86.499,22.191,923.237
microservices,on_prem,sync,4,56,110.644,4.309,91.4,89.616,5.957,917.126
hybrid,on_prem,sync,1,46,45.628,21.299,96.39,82.64,17.671,713.77
hybrid,on_prem,sync,1,49,27.783,11.463,88.753,96.737,9.777,1194.967
microservices,on_prem,sync,4,57,42.1,22.114,82.127,88.012,11.08,505.252
microservices,on_prem,sync,4,58,39.373,13.766,85.18,90.026,18.378,1250.735
microservices,on_prem,sync,4,41,96.426,23.129,85.908,98.59,8.295,320.074
hybrid,on_prem,sync,1,44,50.451,23.201,84.881,89.941,15.255,1391.803
hybrid,on_prem,sync,4,56,102.585,11.695,98.932,86.326,10.197,267.501
microservices,on_prem,sync,1,59,104.315,23.569,99.56,99.061,9.437,568.842
microservices,on_prem,sync,1,43,64.13,8.308,94.512,87.685,16.287,329.176
hybrid,on_prem,sync,4,58,72.17,18.785,84.153,92.118,0.047,1144.002
hybrid,on_prem,sync,1,47,73.714,21.997,81.95,91.308,22.075,114.715
microservices,on_prem,sync,1,41,109.585,11.792,86.806,83.861,22.395,1037.935
hybrid,on_prem,sync,1,49,108.641,16.831,88.378,95.947,20.961,711.411
hybrid,on_prem,sync,1,51,33.604,2.825,80.736,89.776,18.543,354.129
hybrid,on_prem,sync,1,48,73.759,5.578,84.12,97.647,3.981,963.718
microservices,on_prem,sync,1,50,14.202,4.018,83.237,93.15,23.407,322.368
microservices,on_prem,sync,4,54,36.372,4.385,94.568,99.328,18.018,1059.002
microservices,on_prem,sync,4,58,77.448,10.652,88.046,88.788,16.775,150.11
hybrid,on_prem,sync,1,47,25.183,8.675,99.046,90.954,14.916,971.328
microservices,on_prem,sync,4,43,85.266,20.392,91.987,87.43,14.869,623.413
hybrid,on_prem,sync,1,55,84.087,17.668,80.653,93.492,13.196,1466.172
microservices,on_prem,sync,4,52,48.157,23.309,81.224,89.232,14.211,189.804
microservices,on_prem,sync,4,43,15.138,7.083,88.763,82.849,5.608,315.226
microservices,on_prem,sync,4,51,83.609,15.952,97.394,83.525,17.466,486.118
microservices,on_prem,sync,4,44,55.871,21.855,92.91,80.558,20.753,1521.373
hybrid,on_prem,sync,1,58,100.394,23.332,83.127,93.898,3.199,297.271
hybrid,on_prem,sync,4,45,93.557,10.624,91.68,96.757,21.513,566.828
microservices,on_prem,sync,1,52,121.771,11.742,92.582,88.952,21.402,1395.89
microservices,on_prem,sync,4,54,33.011,2.379,94.29,85.689,4.934,1085.374
hybrid,on_prem,sync,1,57,106.485,15.577,84.443,94.335,5.238,350.205
microservices,on_prem,sync,1,45,112.504,18.881,89.454,89.108,10.094,1505.123
hybrid,on_prem,sync,4,58,38.032,3.101,84.062,88.691,3.049,158.161
hybrid,on_prem,sync,1,54,93.067,22.648,98.022,80.493,19.322,718.248
hybrid,on_prem,sync,4,50,62.875,23.192,88.535,88.243,9.505,558.083
hybrid,on_prem,sync,4,59,63.333,15.747,87.33,88.154,24.21,1008.791
hybrid,on_prem,sync,4,56,116.388,13.7,93.165,83.35,13.38,1483.916
microservices,on_prem,sync,4,50,63.016,16.995,99.462,86.893,7.936,312.006
hybrid,on_prem,sync,4,44,69.67,7.312,90.65,83.883,14.011,219.069
hybrid,on_prem,sync,1,52,42.263,5.448,80.628,83.021,3.235,621.204
microservices,on_prem,sync,4,48,41.39,17.177,86.421,81.289,15.638,1314.852
microservices,on_prem,sync,4,43,108.876,7.341,91.079,91.981,22.198,539.703
hybrid,on_prem,sync,4,57,78.182,2.249,88.335,82.419,23.115,192.406
microservices,on_prem,sync,1,55,44.892,18.338,97.25,84.085,1.548,1226.734
microservices,on_prem,sync,1,44,9.975,22.726,90.406,82.507,14.238,393.412
hybrid,on_prem,sync,1,55,19.113,6.591,95.888,92.535,8.932,325.741
microservices,on_prem,sync,1,56,21.24,21.083,80.169,83.812,20.142,278.606
microservices,on_prem,sync,4,50,31.368,3.759,89.989,90.939,5.425,197.532
hybrid,on_prem,sync,4,52,7.345,19.578,89.699,88.382,7.771,908.021
microservices,on_prem,sync,1,51,21.284,13.384,86.94,89.057,8.37,1520.589
microservices,on_prem,sync,1,40,57.188,18.541,80.279,99.046,1.901,1507.297
microservices,on_prem,sync,1,45,117.473,16.373,82.139,92.146,3.806,609.344
microservices,on_prem,sync,4,55,115.585,7.429,94.936,82.26,22.688,338.462
microservices,on_prem,sync,1,41,122.003,17.434,83.097,83.243,19.116,829.443
microservices,on_prem,sync,1,49,76.328,17.417,80.431,92.789,6.322,1488.206
hybrid,on_prem,sync,4,40,93.507,19.787,89.023,87.626,13.113,252.914
microservices,on_prem,sync,4,53,13.522,10.044,89.478,93.792,9.488,691.722
microservices,on_prem,sync,4,47,124.902,6.174,82.685,93.905,20.955,456.088
microservices,on_prem,sync,4,42,9.705,20.297,97.894,92.903,10.723,1169.15
hybrid,on_prem,sync,1,56,67.208,11.49,97.246,92.942,6.66,472.777
hybrid,on_prem,sync,4,56,82.451,6.002,96.364,82.308,11.272,125.255
microservices,on_prem,sync,1,44,11.618,23.871,97.368,82.017,7.413,853.474
microservices,on_prem,sync,1,44,123.785,14.14,99.374,89.328,19.084,953.694
hybrid,on_prem,sync,1,53,39.039,2.168,93.878,95.8,22.734,1413.49
microservices,on_prem,sync,4,50,63.73,11.326,96.836,99.879,0.749,965.635
microservices,on_prem,sync,1,48,89.248,18.609,86.622,90.064,14.642,877.527
hybrid,on_prem,sync,1,44,89.933,23.107,94.324,89.175,15.564,661.394
microservices,on_prem,sync,4,47,26.334,19.627,89.989,96.475,12.246,1096.432
hybrid,on_prem,sync,4,59,104.733,4.18,93.43,90.311,9.64,794.218
microservices,on_prem,sync,4,41,31.177,18.308,96.258,83.062,21.446,959.294
hybrid,on_prem,sync,1,44,50.052,12.54,86.03,83.133,4.666,223.703
microservices,on_prem,sync,4,55,70.027,7.482,89.764,99.982,19.248,1507.006
hybrid,on_prem,sync,4,40,53.735,20.891,95.463,80.404,6.783,796.756
microservices,on_prem,sync,1,52,19.534,5.614,84.947,81.311,6.71,395.991
hybrid,on_prem,sync,1,42,26.116,12.367,86.868,83.885,22.502,1364.747
hybrid,on_prem,sync,4,59,31.958,7.947,85.78,84.302,5.882,754.376
microservices,on_prem,sync,1,59,55.541,2.417,90.629,97.381,24.798,1123.474
hybrid,on_prem,sync,1,55,71.055,6.946,88.395,97.418,6.194,1021.635
microservices,on_prem,sync,1,45,70.769,15.355,94.266,86.351,6.323,938.789
microservices,on_prem,sync,1,51,71.531,6.605,94.532,95.994,11.805,482.967
microservices,on_prem,sync,1,40,89.769,3.633,86.275,98.173,20.03,1074.793
microservices,on_prem,sync,1,43,19.604,16.395,86.706,89.641,0.742,45.39
microservices,on_prem,sync,4,52,55.426,18.671,87.955,87.863,16.415,469.488
microservices,on_prem,sync,4,51,89.619,18.156,82.511,93.639,20.427,820.26
serverless,hybrid,async,3,8,1250.41,47.6185,60.7483,22.2241,281.533,47603.0
hybrid,on_prem,sync,1,45,7.506,6.894,99.249,85.056,2.849,1535.098
microservices,on_prem,sync,4,40,33.842,24.321,92.779,91.375,24.028,1077.76
microservices,on_prem,sync,4,44,22.841,17.234,82.79,80.834,1.15,804.933
microservices,on_prem,sync,1,46,122.897,12.49,97.287,90.939,13.978,418.289
hybrid,on_prem,sync,4,44,84.007,23.275,83.692,80.206,10.386,527.61
hybrid,on_prem,sync,4,59,124.986,20.732,83.905,92.387,5.73,1220.148
microservices,on_prem,sync,1,49,123.804,2.776,99.901,97.534,7.012,252.426
microservices,on_prem,sync,4,50,47.234,23.333,83.871,90.594,17.291,674.897
microservices,on_prem,sync,4,56,47.176,7.767,95.71,99.88,18.598,605.567
hybrid,on_prem,sync,4,57,117.765,6.874,82.453,99.022,3.887,292.626
microservices,on_prem,sync,4,52,8.764,9.079,98.062,80.977,14.862,147.353
hybrid,on_prem,sync,1,48,71.45,16.806,92.685,92.751,18.484,973.069
microservices,on_prem,sync,4,56,101.104,5.13,92.063,85.679,3.163,862.177
microservices,on_prem,sync,4,48,99.517,3.817,86.038,91.458,13.631,590.878
microservices,on_prem,sync,1,46,33.243,10.0,84.761,91.157,9.776,838.961
microservices,on_prem,sync,1,51,37.521,19.911,95.544,80.24,4.918,1536.09
hybrid,on_prem,sync,1,56,67.323,12.485,81.394,91.716,0.812,376.153
microservices,on_prem,sync,1,54,63.873,6.556,89.863,92.142,15.701,565.855
hybrid,on_prem,sync,1,52,77.544,9.67,86.014,97.018,4.105,505.214
hybrid,on_prem,sync,1,52,33.811,2.805,91.054,80.864,6.161,163.592
