sex,marital_status,country,education_level,urbanization,tenure_status,employment_status,health_status,chronic_illness,disability,internet_access,mobile_phone,pc_access,hh_arrears_rent,hh_arrears_utility,hh_afford_vacation,hh_afford_meat_meal,hh_afford_warm_home,hh_material_deprived,age,hh_size,hh_children,hh_rooms,floor_area,years_education,dwelling_age,hours_worked_main,years_paid_work,distance_to_work_km,commute_minutes,num_cars,hh_employed_count,hh_unemployed_count,months_sick_last_yr,chronic_conditions,doctor_visits_yr,years_current_home,internet_hours_daily,children_under_16,housing_cost_y1,housing_cost_y2,housing_cost_y3,housing_cost_y4,hours_worked_y1,hours_worked_y2,hours_worked_y3,hours_worked_y4,heating_cost_y1,heating_cost_y2,heating_cost_y3,heating_cost_y4,medical_oop_y1,medical_oop_y2,medical_oop_y3,medical_oop_y4,total_disposable_income
F,MARRIED,DEU,TERTIARY,DENSE,OWNER_FREE,EMPLOYED,VERY_GOOD,Y,Y,Y,Y,Y,Y,Y,Y,Y,Y,Y,77.45818573937822,7.0,7.0,7.0,153.44732640453432,21.220271307595407,71.41120573465861,59.54159700982754,42.56689999723244,70.66218372716499,114.02685932984808,7.0,7.0,7.0,14.230573505546742,7.0,38.15265784741303,38.77907239714284,14.464735932322707,7.0,1874.5934011805195,1974.4683204314254,1942.5418494079324,1958.376475998568,59.98514303101946,58.39656896571648,58.12532684650673,59.02678019721641,300.4829794065644,316.7454875279225,310.32760010540557,303.5595718688157,791.0799148634245,792.1313126296319,775.633681404708,745.3506648486975,11416
M,DIVORCED,DEU,TERTIARY,DENSE,TENANT_MARKET,OTHER_INACTIVE,VERY_GOOD,N,N,Y,Y,Y,N,N,Y,N,N,Y,44.455229726608515,4.0,7.0,1.0,29.97639084546162,18.2034725093315,28.758100962843216,25.839792029126436,24.87906902502565,48.632954557472054,105.97235760523756,1.0,1.0,6.0,4.60148958519502,3.0,21.33994314000305,20.38759440875839,14.31890595451454,1.0,279.2068275880251,1547.5804287948065,723.6073012911935,857.9253855520848,35.303394807804686,34.16515799198303,57.01490569221695,8.15038470037477,46.1687305562533,263.77695658457736,106.09366625856735,148.08414362062044,492.84400797644287,439.42224919941924,740.4126008980486,107.94417441605752,39499
M,MARRIED,ESP,TERTIARY,DENSE,TENANT_REDUCED,EMPLOYED,POOR,N,Y,N,Y,Y,N,Y,N,N,Y,N,56.33726428969548,1.0,3.0,2.0,45.76479325590302,19.911698136952733,44.69350940285655,46.12875519647253,32.141918069613034,10.686814165805755,46.33167744888293,2.0,2.0,6.0,8.330919794906247,5.0,26.632550206702717,6.189394131102963,6.113536293414075,2.0,639.4761386582137,1688.2023033335022,1204.1279779599058,1278.9899322511073,40.63676508264931,9.570169926066843,26.336055152766164,20.02316489112896,80.58259999452524,273.47351265613474,160.9999822782393,227.98501690017906,591.9320405661338,153.08974845973742,363.7560047759339,254.5761372454912,88220
M,MARRIED,ITA,TERTIARY,THIN,OWNER_FREE,RETIRED,VERY_GOOD,N,Y,N,Y,N,Y,N,Y,N,Y,N,23.390377644667872,5.0,2.0,5.0,44.18639022581957,15.714615808074026,28.80133655339224,44.77788910492308,12.884475803105293,56.18602769657347,41.235185949587105,5.0,2.0,5.0,4.224021224836467,5.0,12.607912849626409,26.36446884418392,4.696968580768178,5.0,593.9500783585457,1283.0509689622468,681.8626547850539,1297.7192656632728,18.59207138537643,41.94820884064204,18.47753500047787,40.04447769646219,114.99035910282498,210.85843381961863,102.11026989704945,225.15367249461434,254.2500629599783,528.1857777438707,221.13785459019337,512.9343357706961,71926
F,MARRIED,DEU,TERTIARY,THIN,TENANT_MARKET,RETIRED,POOR,Y,Y,Y,Y,N,N,N,N,Y,Y,Y,8.830285156457808,3.0,6.0,0.0,153.4568393834068,13.231393535937737,11.126200204254781,60.344296066776074,2.974459050694746,33.37728932505415,100.12555137436074,0.0,7.0,4.0,2.9406175187967456,7.0,1.8827401382469993,17.256525353124072,12.70481880104585,0.0,1845.9969348077095,1013.2804907966279,355.7235175120665,1814.9829613174102,5.200757624278948,29.4461005188624,53.21649754946996,5.797558499348405,283.59283206146534,197.40321381983688,40.94163250617928,301.60884020493944,38.495738600359864,356.4407250351341,613.9918175008372,96.84661760723569,61185
F,DIVORCED,ITA,TERTIARY,DENSE,OWNER_FREE,RETIRED,POOR,Y,N,N,Y,Y,Y,N,N,Y,N,N,62.998300920235515,2.0,3.0,4.0,90.49086749749604,21.23670194090148,11.90677819105701,12.507067497070214,38.71381439402238,22.822264423236,48.84542964727174,4.0,4.0,7.0,2.9222733291100598,1.0,33.894004800738784,13.589206502592374,6.77368178130814,4.0,1118.1450223877498,1925.7725768050705,348.0687397196492,325.4971533885582,54.18458736337095,21.52491972474113,27.147955128223586,32.13210155114356,198.53946882178414,317.0070652189407,76.89204056433981,78.41800630639932,644.3456224982224,210.74071317417875,310.7563679943982,461.79279586715336,22028
F,WIDOWED,ITA,TERTIARY,THIN,TENANT_REDUCED,EMPLOYED,VERY_GOOD,Y,N,N,Y,N,N,Y,Y,Y,N,N,17.450962248823767,6.0,2.0,3.0,83.25107284079984,13.846639214824172,75.57139384376981,13.187297921882081,7.907816614397911,68.17472159905662,40.55169191093402,3.0,4.0,4.0,14.251381847191054,1.0,7.487665475343388,32.3193128260442,4.483738734126991,3.0,1077.6286962987758,1044.323004949554,1767.8425421891357,377.9958535823989,12.578812314013955,52.54997663481977,18.977085388772224,25.576609553819075,164.3840130029655,171.56336082667949,283.853363814941,58.14617099237594,111.52178115548047,611.8206698305586,264.5715066625153,372.7294853016109,58496
M,WIDOWED,DEU,TERTIARY,THIN,OWNER_FREE,EMPLOYED,POOR,N,N,Y,Y,N,Y,Y,N,N,N,Y,31.895517771189134,0.0,6.0,6.0,20.86663685096614,16.839747206640308,41.9701577166514,25.713717497126886,22.225458043053955,7.276941496505832,95.60482079622702,6.0,1.0,5.0,8.703273313923964,3.0,15.641251276978908,3.3762617089761364,12.804721309721538,6.0,379.9744404399843,1284.9660923532765,1121.5890228658861,962.7066687243964,27.864401516164452,2.4955102465415866,50.75479544206609,50.990047529738135,58.55188542688563,235.13730816802527,195.90611802096376,142.39610697796883,354.8917226305671,81.46487059201571,629.7317071673492,601.9020037201668,15163
M,DIVORCED,ESP,TERTIARY,DENSE,OWNER_FREE,EMPLOYED,VERY_GOOD,Y,Y,Y,N,N,N,N,N,N,N,N,76.59392292357904,7.0,4.0,0.0,4.526118722148408,22.791172981908126,71.65324395449865,53.7486452454746,3.442753280709752,1.6182579225957006,52.790302819345804,7.0,7.0,0.0,0.06795281821819044,1.0,35.178442308034676,36.70675812021664,8.489174377926131,0.0,132.14069132858302,1828.5697039967902,1934.3668503953977,1560.6943482895942,6.044067906969942,3.2152519821066847,26.919865466950146,57.81197065106796,318.3513827039897,37.90834572486059,31.273914598722815,42.074856757740044,733.4960503084659,787.5186293125934,482.4559016124722,37.68644040647594,63199
F,MARRIED,ITA,TERTIARY,DENSE,TENANT_REDUCED,RETIRED,VERY_GOOD,N,N,Y,N,N,Y,Y,N,Y,Y,N,47.293767869663576,4.0,4.0,6.0,120.7427228328041,19.209012763963685,26.713961636900056,16.055600621416684,20.187468358654797,30.091262624656732,49.384445256840145,1.0,1.0,1.0,10.871473335905842,5.0,23.72123405784557,21.291200291635626,8.412002918774053,6.0,1719.9381166230132,1556.2641346453395,646.0208098940341,698.9395708453578,29.952163095715996,30.388917539048613,29.335559208541447,9.56022990562495,73.38947663476759,74.85603528905874,228.43323733514774,224.13343168852452,436.20365755257575,494.0706983623192,476.6831884767188,689.5489472042171,86854
F,DIVORCED,DEU,TERTIARY,DENSE,TENANT_REDUCED,EMPLOYED,POOR,N,Y,N,N,N,Y,N,Y,Y,N,Y,56.30366672293492,1.0,0.0,5.0,102.81465005054231,18.356135553548164,45.03364859108441,37.971418490537154,13.416241813529007,61.608093648679535,113.57248905792102,2.0,2.0,1.0,6.968114817798652,3.0,28.647490638233048,6.274313204208022,0.23486004046322806,5.0,1459.7056140099535,1546.873077473991,1055.2018169351775,1093.184860317116,17.12965491566347,54.34411419246648,58.8285677461859,20.721768188286212,100.93236082923575,58.25216173794068,153.1277732532236,139.38818491288612,523.7056842377657,154.9202487006707,61.736012926695246,537.6216763962158,70867
F,DIVORCED,DEU,TERTIARY,THIN,OWNER_FREE,OTHER_INACTIVE,VERY_GOOD,N,Y,N,N,Y,N,Y,N,Y,N,Y,20.473096738073384,5.0,1.0,2.0,116.78844697235058,16.060961281282367,27.575416905394817,34.03462420128846,33.101882447969224,25.105644648379986,95.506584884064,5.0,2.0,2.0,10.074777122843443,3.0,10.102141145057443,25.7136632488225,2.2909302358919668,2.0,1487.8846706924062,1470.0085761592309,651.5220612985033,1117.7566816701524,42.583450250785205,21.879839950977235,54.780759668808535,42.286334952164815,85.24181043669365,85.30867523059516,209.88705479342465,137.01118576170245,280.94096467335555,549.2987542739363,105.03768515394303,203.56233262891723,31576
M,WIDOWED,ITA,TERTIARY,THIN,TENANT_REDUCED,OTHER_INACTIVE,POOR,Y,Y,Y,N,Y,Y,Y,Y,N,N,N,7.788887061062073,3.0,5.0,7.0,17.617711190331402,13.199222969731174,17.34902952039122,49.10744062804383,46.62567798442702,45.459893730977775,39.75039714407575,0.0,7.0,3.0,12.575355874310421,1.0,2.4361525837027918,15.572786243019534,10.5074874029689,7.0,235.42699327922386,1044.1009097757956,441.1931376274991,1689.4190423334694,62.12255137916809,37.92022154280748,18.475283708576477,3.20427324306435,303.5275727254717,156.58758987262647,271.9163688692261,77.17339643713649,18.645678368295297,312.5843879677678,521.5006357239979,766.5184878539897,31898
M,MARRIED,DEU,TERTIARY,DENSE,OWNER_FREE,OTHER_INACTIVE,FAIR,Y,N,N,N,N,N,Y,Y,N,Y,Y,61.61118209146715,2.0,0.0,3.0,65.13826225395705,22.358866623420187,14.215924861257868,2.794962942427429,10.284986335755328,50.28305426280844,111.36414437671537,4.0,4.0,0.0,12.85319521663904,7.0,33.232136854919965,13.255948720724959,0.8898106131776299,3.0,957.5676285412643,1823.4381539045212,341.9140089765774,108.79946290270908,9.22647695470737,45.48161206777243,61.63759529575342,36.657813090103275,184.83735425046194,0.013790889978027354,253.4179392586854,286.6823060576803,640.024184667449,298.5602878669934,54.617614284921736,368.98875308140407,27741
M,MARRIED,DEU,TERTIARY,THIN,TENANT_MARKET,EMPLOYED,VERY_GOOD,Y,N,N,N,Y,Y,N,N,N,Y,Y,14.387541864414208,6.0,1.0,4.0,75.02180504783153,12.300440071420633,72.81870694364831,0.5108507391911667,40.97681610612646,18.783242867032392,101.88141237926007,3.0,4.0,3.0,0.9318090499285411,7.0,7.043184569947957,32.93850299365473,2.782827894456728,4.0,927.1255717916646,1173.6919819448888,1834.6228867982516,185.97057838385518,54.559986211281625,11.668828333071938,54.82490031568876,29.389494797219882,172.14580441693585,129.8018403993942,37.969602954819464,301.8383904508521,135.47381923201527,646.4267418265578,115.51521533210199,433.2278563180014,22339
F,MARRIED,ITA,TERTIARY,THIN,OWNER_FREE,EMPLOYED,FAIR,N,N,Y,N,Y,N,N,Y,Y,Y,N,33.52627077469167,0.0,5.0,1.0,132.20584936157204,16.33454676996411,45.77701750878914,18.717560992532313,28.029698812858555,78.94365619958232,43.5401353891686,6.0,1.0,2.0,6.50004700803935,5.0,18.123495004834037,3.95682149323776,10.060803261118064,1.0,1709.1291498159883,1315.8717406914427,1204.986297319802,693.7989345509011,38.44969979225469,57.598599241596794,21.369340195651734,52.02106890438122,58.30999225439437,101.67453776342188,129.69934222689767,221.80084561825413,390.7444396559314,10.825045570949136,538.0447595996787,179.51145705391343,98731
F,MARRIED,DEU,LOWER_SEC,THIN,TENANT_REDUCED,RETIRED,POOR,N,N,N,N,N,N,N,N,N,N,N,78.85950587939553,7.0,7.0,7.0,144.73115341217212,0.6031275335663298,7.445283118070889,3.235950005680724,0.5190601978316134,4.355198934333357,46.69978125246658,7.0,7.0,7.0,14.399219659109749,6.0,2.0327290828069193,0.8427227565806401,0.7717986577987076,0.0,139.56098050601824,1871.9815295072876,1902.0310643925768,1818.9365989408584,58.25906941241436,57.417709891087725,32.13635736502507,2.4825171772592114,35.212435066831134,12.152608678798652,17.394272584950045,42.24428485287594,791.1913401675367,722.6358628330014,751.2325849663213,784.5090394345794,86475
M,WIDOWED,DEU,PRIMARY,THIN,OWNER_FREE,EMPLOYED,FAIR,Y,Y,N,N,N,Y,Y,N,Y,Y,N,45.933252798105684,4.0,7.0,1.0,35.64479506752994,4.635125089988195,51.48341923573646,32.65452184112792,21.248122931138667,35.5260449677701,50.234685161172244,1.0,1.0,6.0,4.056648198857468,2.0,17.325945994640595,17.076539882369524,0.26160525288424674,6.0,1622.0332826456415,1644.0953448902046,687.1694305475578,917.1884705006316,34.050873409611654,36.64970860056492,36.93037236791471,54.162182182105866,244.99974583530562,75.99903394732593,201.86416540038573,213.55652094325745,480.27982890990774,482.4763786525899,717.8512081010396,177.62791506966136,91739
M,MARRIED,ITA,PRIMARY,THIN,OWNER_FREE,OTHER_INACTIVE,VERY_GOOD,Y,N,Y,N,N,Y,N,Y,Y,N,Y,57.63666421497419,1.0,3.0,2.0,50.15730355834597,3.6967713665277087,37.23005334543662,19.261143172378993,15.08130185799661,64.91834494505176,113.65167802153833,2.0,2.0,6.0,8.697517908303501,4.0,11.37621098577797,32.300551291691775,8.317618358218887,5.0,1446.4522988750355,1586.865939977171,1227.7319141793262,1400.551019476868,46.261119605721746,10.789438563472139,1.4602632942377203,46.07070186017448,225.59859661802244,63.911573418717175,137.86997833300435,153.8355087827597,590.0571382441099,118.26335449723298,343.85505383729713,240.31230865434387,11723
M,MARRIED,ITA,LOWER_SEC,DENSE,TENANT_REDUCED,EMPLOYED,POOR,Y,N,Y,N,Y,N,Y,N,Y,N,Y,28.919568934992643,5.0,2.0,5.0,40.02659926805097,6.20784512566169,55.819824761286355,20.497391378475804,32.05639832108003,21.425494415281243,90.41003454578073,5.0,2.0,5.0,4.110874470940027,4.0,25.859474878872625,12.461909988950712,10.391378393836547,2.0,1420.6565286959685,1409.8146517965022,660.7487398630999,1476.526856043442,17.449050896191714,40.69188014167695,13.016708886560092,17.06823347748765,214.25772633641444,117.41175435934795,238.64805191574607,125.76732477908801,270.0561060511063,575.4915996914212,268.7029912802493,533.8707400716966,13825
F,MARRIED,DEU,PRIMARY,DENSE,OWNER_FREE,EMPLOYED,VERY_GOOD,N,N,N,N,Y,Y,Y,Y,N,N,N,4.931486185867862,3.0,6.0,0.0,146.60177607849965,10.832468710828584,61.752575303832266,6.300885608256073,44.482024645430734,46.67527146108828,30.669679340395266,0.0,7.0,4.0,2.4709787066051874,6.0,38.32290707775015,20.39786614022689,2.441951546260709,7.0,138.91836607486582,1111.9686130400412,284.3818951732477,1918.8738539885223,3.2282571138020635,26.306605566679803,42.063578231840296,61.41094400762012,23.930773318326814,122.30966685303757,250.26377420854445,66.5982733877158,83.06715813668212,379.8345022475171,638.2110964519671,93.3477193063324,57003
F,DIVORCED,ESP,LOWER_SEC,THIN,TENANT_REDUCED,EMPLOYED,VERY_GOOD,N,Y,Y,N,N,N,Y,Y,N,Y,Y,63.036691328897604,2.0,3.0,4.0,91.4980311801445,1.3234634305404498,60.975607938614495,51.253970978884645,9.758633793287936,58.33924861322598,105.14554437951954,4.0,4.0,7.0,2.917391337342068,0.0,5.130398114235977,26.139163826870696,8.39867951170131,3.0,858.4179298532824,1907.1255754014323,296.80466675026514,317.8971714620122,49.715328796101346,16.470384090396127,2.6143263069223828,25.443009198899357,147.936296409067,16.004645634232666,270.9519999568395,282.55109761830147,609.7792566413406,223.9334326994338,366.03236019657356,471.1925935886592,93817
F,DIVORCED,ITA,PRIMARY,DENSE,OWNER_FREE,RETIRED,FAIR,N,Y,Y,N,Y,Y,N,N,N,Y,Y,16.10108817563053,6.0,2.0,3.0,87.01309307788816,10.865763668200389,0.700277188899477,48.60075782434578,40.63614454659573,11.735607336871302,91.4718997173724,3.0,4.0,4.0,14.26305307189548,0.0,32.905039046706996,5.474204310412501,10.91236873011763,4.0,836.6969417804859,1207.1008799407496,1802.596853674818,351.3885151786875,12.222742908489497,51.872991366174766,10.252920567933383,33.271107045607835,138.63380396529485,125.60787112829352,8.165859712516014,308.03588297044877,151.46453645083602,660.9167618581599,227.05867820515948,354.6858822934139,3831
M,WIDOWED,DEU,PRIMARY,DENSE,TENANT_MARKET,RETIRED,VERY_GOOD,Y,Y,N,N,Y,N,N,Y,Y,Y,N,38.912828699758386,0.0,6.0,6.0,21.581676967308884,7.62143882970489,35.42871150381249,37.12244686304359,24.498510361966684,70.26599718498876,34.520026565040965,6.0,1.0,5.0,8.029978029670378,2.0,21.524358652907964,36.095394000012746,2.2683172336630926,1.0,1506.2985930939649,1259.1460423429803,1108.4147564330679,754.6610182578161,30.927993295290957,3.743277109609837,45.53643978891406,8.183571433528916,269.20003772834303,112.07520879991252,150.0615472694921,222.22039142868272,365.6877473877788,43.37274758589481,673.8511982663154,648.3942115298098,21003
M,DIVORCED,ITA,PRIMARY,THIN,TENANT_MARKET,OTHER_INACTIVE,FAIR,N,N,N,Y,Y,Y,Y,Y,Y,Y,Y,76.8194276654889,7.0,4.0,0.0,13.403772628275613,1.4226133644384673,7.619483471060134,14.422222463166989,44.22051678237921,70.20734357581999,114.62638476594945,7.0,7.0,0.0,0.3380452425882644,0.0,3.991283406293752,1.7556669778714582,6.72818684741071,7.0,1841.0561067014016,1957.8463238605896,1834.5570772635383,1603.1668851200193,5.577274897978792,5.188805213303146,2.279795929092743,4.213450279917293,33.22677038817362,309.81912428819913,301.34383093031636,316.94669395658843,731.7347533052775,714.1331120935109,455.773036481103,26.4005804601856,42796
F,MARRIED,ITA,LOWER_SEC,THIN,OWNER_FREE,EMPLOYED,FAIR,Y,Y,N,Y,Y,N,N,Y,N,N,Y,43.519567852068015,4.0,4.0,6.0,130.43622637552562,3.1527389852532166,50.25243973848052,46.45743524118225,26.90616790972168,44.605702488486834,111.09955447292907,1.0,1.0,1.0,10.260881105069155,4.0,15.313779889201502,18.54139665273788,6.339841556819277,1.0,366.05289427128025,1596.0344922003922,662.8571888043659,532.3119688363179,30.809637011809972,30.108309295446656,3.9198058334970374,53.91288822350031,247.6551967628858,271.4725427782666,92.55336487954472,148.38265955504403,452.20641133738064,459.1031461592282,415.4297125971509,690.4223777095791,50265
F,WIDOWED,DEU,PRIMARY,THIN,OWNER_FREE,OTHER_INACTIVE,VERY_GOOD,Y,N,Y,Y,Y,N,Y,N,N,Y,N,54.750599909877714,1.0,0.0,5.0,113.71951222821042,3.004357529606133,32.53986238289508,29.377516553042835,30.16317768647187,11.371114149292996,47.38268033588107,2.0,2.0,1.0,6.334541245460719,2.0,10.309245763976131,31.153915284252314,14.818524584514115,2.0,666.83973529303,1633.949247215756,1106.0021186734448,1066.4962666567255,19.501504573893953,54.793060538064125,33.39616501765193,45.45624252327729,208.55313404705097,277.08551389839886,175.65151404127067,227.83087534689756,556.9335924649118,104.06413877475856,39.78577188351634,590.9588353671803,36748
F,DIVORCED,DEU,LOWER_SEC,DENSE,TENANT_MARKET,EMPLOYED,FAIR,Y,N,Y,Y,N,Y,N,Y,N,Y,N,22.547358829835627,5.0,1.0,2.0,107.7585147624342,7.866189896733305,54.874111234830174,25.39629699893775,13.44952229603027,57.801868321627495,32.67623570663862,5.0,2.0,2.0,10.764735915209293,2.0,28.742071479330047,13.670772262198597,12.308510649559173,5.0,681.3943842917338,1302.45503646467,570.956066924795,1149.170783272194,40.77810107637799,16.391823598194346,41.5048589804984,19.780533756611028,205.06249688127974,209.45605944289485,93.59302654458403,219.14158283771852,252.66064253185397,592.4279435489946,177.40403229953978,208.39473491714926,28886
M,DIVORCED,ITA,PRIMARY,DENSE,OWNER_FREE,EMPLOYED,VERY_GOOD,N,N,N,Y,N,N,N,N,Y,Y,Y,6.26738684108536,3.0,5.0,7.0,11.61815864297011,9.297285896208644,60.587872504496495,10.3010444600232,2.10320428803083,31.033096112960216,102.63187078663668,0.0,7.0,3.0,12.13928862813289,0.0,35.89832402960665,23.95522229689867,4.409811543086991,0.0,1803.2312102140977,1174.8446792515329,346.3170634146255,1742.9985079696723,60.22804757107144,35.96691512808682,11.520603955393447,62.68262416485599,36.74927606851776,190.666201131182,71.80330864869254,307.4644949645567,39.024306624646655,375.9122279396374,519.583165197951,765.9560368092419,94264
M,MARRIED,DEU,LOWER_SEC,THIN,TENANT_REDUCED,EMPLOYED,VERY_GOOD,N,Y,Y,Y,Y,Y,N,N,Y,N,N,61.755829589888286,2.0,0.0,3.0,66.16806766927216,1.3117082438854737,65.37399680241043,58.22099403587703,37.11439685437382,21.952620068680336,50.16431346108069,4.0,4.0,0.0,12.547087347632367,6.0,7.0139835476223515,28.013875219408256,14.572505696681306,4.0,1139.3887116551207,1836.3834611464738,454.4974785572466,79.22168927781115,10.318814643506691,41.73580362433825,37.9948240959476,26.29222733597377,128.79652180306007,305.1973003621501,72.94407398621455,76.76717795581307,654.0917309498537,218.70797298912981,40.717683422063125,331.5427783823493,33768
M,MARRIED,DEU,LOWER_SEC,DENSE,OWNER_FREE,OTHER_INACTIVE,POOR,N,Y,Y,Y,N,N,Y,Y,Y,N,N,17.706269978970962,6.0,1.0,4.0,61.08800519178175,9.640512006696763,6.808692963325852,62.975067624677614,8.273149399145987,62.947857553117615,42.64032816533608,3.0,4.0,3.0,0.7338726694107738,6.0,32.29775698871387,8.698063410272436,12.166535143077471,3.0,1248.477128105096,1201.9161723391892,1758.6718384921094,55.10959769771522,54.44109070570879,9.792504508650966,40.747842032618735,34.20735374465032,123.20537038880754,175.2489869077894,313.4092080255293,78.46205716918107,119.89227667431231,620.8327044082142,146.3893965879392,450.3703369176842,87286
F,MARRIED,ESP,PRIMARY,DENSE,TENANT_REDUCED,OTHER_INACTIVE,VERY_GOOD,Y,Y,N,Y,N,Y,Y,N,N,N,Y,33.54395208415297,0.0,5.0,1.0,135.502520965023,6.781199148993125,32.78208101309608,43.40406511342858,19.90539915541191,1.9778500031753237,103.8539104168801,6.0,1.0,2.0,6.924174262265449,4.0,22.192932120977378,37.66573444839206,4.206200821545362,6.0,483.9123800736295,1448.2715788027908,1238.6696736201588,504.5001579116517,33.11486609812114,61.17605044900471,9.701964707098346,9.61072698687888,243.69677840898524,207.54148061345785,173.0167674028902,128.39296144105666,331.7113255814619,31.474209787935248,585.9349798121162,111.23900188712581,62430
M,WIDOWED,ITA,LOWER_SEC,THIN,TENANT_REDUCED,RETIRED,FAIR,N,N,N,N,N,N,N,N,N,N,N,71.17810615085637,7.0,7.0,7.0,155.65470393563942,22.442686927271644,74.96522239458213,60.91603586963559,42.97780119092549,76.54969509113144,73.07754498448504,0.0,0.0,0.0,0.6633361273431743,0.0,1.6723204713752082,0.5640125005238059,0.6252865054481894,0.0,95.23189647627815,1801.6542924657695,1855.012485591322,1830.8275997269404,59.23548562865201,60.8278932687218,58.2783812586959,57.461650776951835,295.7497027591593,312.53883203615163,304.039706349307,257.63235721054065,44.34255244276478,56.31133374874966,12.924953322853188,80.26475316080493,87898
F,MARRIED,ITA,LOWER_SEC,THIN,OWNER_FREE,EMPLOYED,FAIR,Y,Y,N,N,N,Y,Y,N,Y,Y,N,46.77039831967277,4.0,7.0,1.0,24.166312261514786,19.571092188005736,25.745500649234778,27.333536280693746,26.347871212309283,48.45863293215053,72.15220821451302,6.0,6.0,1.0,10.878270179497664,4.0,17.93218264345057,15.827372448210818,0.9478777942676524,6.0,1544.572394403554,1674.213802778379,540.7221764039682,765.8668921830891,38.737318184144016,36.5556505099137,59.357778888869724,10.120506548457014,74.58979901660656,242.7507338883422,108.85451372266614,100.99743232273335,319.6061100587469,393.9103521340962,92.19399435953656,679.8164387527427,16135
F,WIDOWED,DEU,LOWER_SEC,THIN,OWNER_FREE,OTHER_INACTIVE,VERY_GOOD,Y,N,Y,N,N,Y,N,Y,Y,N,Y,55.22345311785265,1.0,3.0,2.0,58.339321824268296,18.95686402640715,40.29130112501246,41.94862543927171,30.62220280433497,12.408314790301013,3.6356276748066447,5.0,5.0,1.0,6.235617201727294,2.0,13.390380319311607,33.35515998329813,8.613303971370692,5.0,1436.1594952707303,1625.4375477161348,1169.9026043327137,1321.6699966588083,40.04818319708303,9.715609361219254,29.048847855259343,18.969985469706543,84.10390018479059,277.5709364117157,192.61319033555867,186.31203723610776,293.48048074549126,633.7934017262553,431.3052457230199,510.59791124651684,87226
F,DIVORCED,DEU,PRIMARY,DENSE,TENANT_REDUCED,EMPLOYED,POOR,Y,N,Y,N,Y,N,Y,N,Y,N,Y,27.245646078043503,5.0,2.0,5.0,43.35796954381285,15.134627269404591,22.422512112299756,40.26797637205995,16.83808051026431,54.334173849173915,25.989216496073205,2.0,5.0,2.0,10.072911901814209,2.0,27.111025595611498,13.019458954598083,10.329684176513666,2.0,1252.6574330088733,1456.6345630067572,707.723891261974,1427.2963674345592,16.226257978187242,44.82746215180801,19.28910231340168,41.89754558079579,88.82271274012444,210.77249698696414,88.87526601809883,172.8907965724916,542.2056007833746,294.09102547041635,592.3690015269508,207.36704808126103,17794
M,DIVORCED,ESP,PRIMARY,DENSE,OWNER_FREE,EMPLOYED,VERY_GOOD,N,N,N,N,Y,Y,Y,Y,N,N,N,7.648287485623202,3.0,6.0,0.0,158.46048939449437,13.155685758999782,18.78996832021404,57.09018782257837,4.570146592853483,38.579064248708846,76.55125035846268,7.0,0.0,3.0,12.947997596590639,0.0,35.20572601577943,20.1094004988191,2.6049612055701563,7.0,110.07806130414346,1197.7794624341172,365.7657528873608,1955.9167691521375,4.73810662958344,27.192462356701604,54.797932204804994,6.554115864926188,287.2004434873997,194.81290150177614,72.31864130443014,262.22443723036525,743.0787436167122,491.26213772131035,160.62016484534905,736.9654407980364,70064
M,MARRIED,DEU,PRIMARY,THIN,TENANT_MARKET,EMPLOYED,VERY_GOOD,N,Y,Y,N,N,N,Y,Y,N,Y,Y,66.38628778410454,2.0,3.0,4.0,90.21038519955452,22.91917062888604,15.083171318500272,11.289772816140925,38.064673710912224,23.136980417167784,13.260028051287392,3.0,3.0,0.0,12.90432386554779,6.0,6.889316638088159,28.610165209762606,8.019919916616965,3.0,880.9746461028402,1772.598617619312,270.57747744191755,396.39062696524286,54.06943899868706,16.28162954640122,24.32199965021458,33.52065066550983,185.71540500777377,284.81538545573636,43.950628538822244,34.1627792403865,108.15650000837496,534.6616045291834,472.79644461110587,315.24660665258,83041
M,MARRIED,DEU,LOWER_SEC,DENSE,OWNER_FREE,RETIRED,POOR,N,Y,Y,N,Y,Y,N,N,N,Y,Y,14.117792501238778,6.0,2.0,3.0,98.59648535766942,12.556952284942088,75.07365389822755,12.48151467363753,10.102089876117535,64.96347402682395,16.050590453238634,4.0,3.0,3.0,0.7030908304080624,6.0,32.097792283306596,8.839426812250746,10.722228720941526,4.0,751.398020058579,1192.5788399165108,1920.8303393008932,408.0583930329417,14.968741851236405,52.263963959070615,20.615927649516173,26.48741335564163,172.81640459379523,188.84654441365046,308.15568601732605,36.90444368033512,602.3595808717065,119.86428050141572,586.715740498117,479.344248611164,95082
F,MARRIED,ITA,LOWER_SEC,DENSE,TENANT_REDUCED,OTHER_INACTIVE,VERY_GOOD,Y,Y,N,N,Y,N,N,Y,Y,Y,N,31.473250211733703,0.0,6.0,6.0,34.78553386659414,15.180894036934575,47.112031328337366,26.241306334565923,21.519174783849536,2.648887896563066,79.61060563944952,1.0,6.0,2.0,6.765574222858902,4.0,21.764069656042437,37.159318999585984,2.802412877821834,1.0,1577.2872838957937,1314.2952485259284,1025.2498690211123,831.8592517586278,30.0351827941627,3.8638295824999798,52.81460676132233,48.961185158367925,77.98431304859979,236.8293031246988,184.9386177721362,85.62508967433654,410.3275316940988,763.7693818404256,166.9427514345154,177.10879110285134,64483
F,MARRIED,DEU,LOWER_SEC,THIN,TENANT_MARKET,OTHER_INACTIVE,POOR,N,N,N,Y,Y,Y,Y,Y,Y,Y,Y,71.23804863525147,7.0,4.0,0.0,14.829750545933566,22.98954336535239,70.41112551415294,48.21926277812328,3.70576528444173,6.706750104435574,8.578508861979763,0.0,0.0,7.0,14.03536207486574,6.0,1.0767308829731816,3.1959680078963237,6.0902527107330675,7.0,1773.4330125216331,1866.45436114036,1964.7541534879351,1596.870838622936,0.49255929500832485,0.639514373256066,30.36221142817602,62.292157423576015,306.0658981728599,5.922001868690641,12.204049455003359,21.04489192535701,55.5640462556954,38.7398745762065,377.9092633759271,785.5053495203387,11855
M,DIVORCED,DEU,PRIMARY,THIN,OWNER_FREE,EMPLOYED,FAIR,Y,Y,N,Y,Y,N,N,Y,N,N,Y,46.263599733575994,4.0,4.0,6.0,122.02241191811443,18.363744672649137,22.831222629836933,20.20754189356743,18.03802567495468,34.46221534851609,11.374797368897427,6.0,6.0,6.0,4.981056042542779,2.0,18.34403576181065,15.02666042710441,6.70473052064544,1.0,341.8479891943631,1507.8305646371687,700.0840139532237,731.5383012507605,26.919627276830553,25.33009916643322,27.409289440132103,11.077486581070502,60.27676010250501,57.29187285567767,219.39051502897982,186.57154745525142,360.35666036972447,315.1566542218276,308.4892557868744,100.95487914672199,90674
M,MARRIED,ESP,LOWER_SEC,THIN,OWNER_FREE,RETIRED,VERY_GOOD,Y,N,Y,Y,Y,N,Y,N,N,Y,N,52.619734123907705,1.0,0.0,5.0,114.16962599064553,18.77003479529334,48.49158227277878,34.661993767595305,13.873219005100282,64.61390892056458,63.77876876131674,5.0,5.0,6.0,8.949907782794835,4.0,11.17226123544781,33.330017978620475,14.912228564565634,2.0,563.1863213419582,1528.7092482204766,1003.043897800595,1003.1292389437164,17.820204736169423,53.81484666036269,57.960998288605396,21.839100700885773,102.50951723395343,66.21728468495117,127.26149367918084,92.26388511543445,230.28386064815405,628.8887542937239,700.8581996045783,201.33127508993334,43621
M,MARRIED,ESP,LOWER_SEC,DENSE,TENANT_REDUCED,EMPLOYED,POOR,Y,N,Y,Y,N,Y,N,Y,N,Y,N,21.303405939697452,5.0,1.0,2.0,107.25763857340418,15.638631559822059,20.076308576948005,38.55521766587894,31.119682994021506,23.599479364612197,77.38474082162989,2.0,5.0,5.0,4.598147628749083,4.0,25.976115981599225,10.103109221742766,12.766842050597168,5.0,729.469424361256,1413.924713120962,579.4374187816392,1084.808398497038,45.01183604271255,16.445682550541957,52.24693390058577,42.62579759342944,114.4597307548099,109.662799215103,214.92515898409349,80.2642383267332,598.2364484954599,206.30128865911308,685.3626776417859,579.8916382623638,29335
F,MARRIED,DEU,PRIMARY,DENSE,OWNER_FREE,EMPLOYED,VERY_GOOD,N,N,N,Y,N,N,N,N,Y,Y,Y,1.9632282572927022,3.0,5.0,7.0,12.422669655751868,12.84766413988603,13.209842292704543,50.5304493123808,43.418022113576875,41.73748814501493,16.92868656045455,7.0,0.0,4.0,2.61243265069547,6.0,35.97229337093252,20.812563755567,4.552894190426653,0.0,1901.0868291183108,1046.4199521416965,393.0958702134761,1586.2452123748849,56.84687381990674,38.32193510925652,18.62513273518695,3.107667238062094,309.6358510932457,120.41999243075779,250.3225352867176,23.77418296088178,776.3033364223852,418.2123530290585,205.22251788392182,86.1457999570834,75494
F,WIDOWED,ITA,PRIMARY,THIN,TENANT_MARKET,EMPLOYED,VERY_GOOD,N,Y,Y,Y,Y,Y,N,N,Y,N,N,66.73544265896749,2.0,0.0,3.0,76.53048998041722,22.386841669274105,12.541619618450486,3.010768174006982,10.398035804133187,51.556635638929066,66.44971267639562,3.0,3.0,7.0,2.0805934882724184,0.0,8.070573657079779,28.767223833438152,14.654931582877154,4.0,1008.3485196095504,1784.8140051763094,345.6135810754326,110.65138282472549,13.43617569840579,43.65790390312169,56.710079412108676,37.207596652055656,165.13657678507133,4.574388513745298,267.58844736167924,267.7724348412766,176.31343087346247,519.2395700682176,784.4074916087445,461.1286061925284,78733
F,WIDOWED,ESP,LOWER_SEC,DENSE,OWNER_FREE,RETIRED,FAIR,N,Y,Y,Y,N,N,Y,Y,Y,N,N,16.617870069005654,6.0,1.0,4.0,72.05180528374383,12.827888691451298,73.58322749660869,3.3138674757923616,37.322495352752384,16.183517110454453,76.7680418973465,4.0,3.0,4.0,14.551425251951601,0.0,31.447859830584846,7.284660650089459,12.51864899851727,3.0,1068.4629030956094,1146.118369560128,1863.2183243847307,115.02494039188801,52.52962537798629,8.426055792377324,52.47740066348645,29.179389353544195,176.45881713640733,132.1352630365297,13.673162282579005,253.9756310426478,669.1912637163433,165.14320945290422,631.0160942392401,315.4681352652068,8477
M,WIDOWED,DEU,LOWER_SEC,DENSE,TENANT_MARKET,RETIRED,VERY_GOOD,Y,Y,N,Y,N,Y,Y,N,N,N,Y,30.082192631513117,0.0,5.0,1.0,130.46667826858925,16.58700318093008,41.75395335875639,16.378542605641858,28.19242087389056,77.98583402079765,27.066528589069996,1.0,6.0,5.0,8.946600676547472,2.0,21.823284694993983,37.928357674027225,4.362097751613502,6.0,369.2049823192895,1342.6984041659427,1121.0487066939509,684.9002179596177,35.73919568213336,57.59310374191094,17.932323543468637,50.6629159550704,65.78687130409196,84.00187621336178,151.43000249619033,164.66765194542867,452.227462852705,743.4482876547103,289.2785719358395,661.9865114733486,84409
M,WIDOWED,ITA,TERTIARY,DENSE,OWNER_FREE,EMPLOYED,VERY_GOOD,Y,Y,Y,Y,Y,Y,Y,Y,Y,Y,Y,76.53361760605328,7.0,7.0,7.0,155.5200935632103,0.6669302901360581,6.766580436496226,6.076144212190799,3.9756910469136275,2.529744875854564,10.542487577928782,0.0,0.0,0.0,0.2705084064850939,1.0,37.99275311745396,37.08357558030423,14.198439814040194,7.0,1760.9354295353496,1844.0996290886246,1989.0203419691215,1802.448711250185,56.16604088298714,60.09974173703613,34.586141802868774,3.127686709685832,22.595373822152634,24.513283694829145,34.93542900008757,38.116800112795254,4.1216216506049825,86.26239396343021,20.097699959686743,86.26358853982288,44988
F,MARRIED,ESP,TERTIARY,DENSE,TENANT_MARKET,RETIRED,VERY_GOOD,N,N,Y,Y,Y,N,N,Y,N,N,Y,45.18113887248583,4.0,7.0,1.0,24.192141712911408,4.604281856775735,56.53119312377673,38.66851506613429,20.073582622159304,33.53543332164028,12.429177775250015,6.0,6.0,1.0,10.04174097704933,5.0,20.461667677553688,23.324151261265555,14.156992911086597,1.0,423.1792697337408,1646.5093046532381,600.024144270955,923.7336157212656,35.36565294708518,36.068893062628625,38.46524264655744,50.794247406650065,276.45035199209445,58.37326396297712,229.436063008081,183.94016793729008,393.7312056707558,306.8689053617329,14.909690706712764,645.6155367230571,49416
F,WIDOWED,DEU,TERTIARY,DENSE,TENANT_REDUCED,EMPLOYED,FAIR,N,Y,N,Y,Y,N,Y,N,N,Y,N,56.104860254149834,1.0,3.0,2.0,45.10707654710452,4.3079084444285165,38.764656686526926,20.785700082484205,13.207772195494083,65.25283429874762,73.52170768780022,5.0,5.0,1.0,6.0356000847860924,3.0,25.96418590679787,6.1797663246987815,6.535698811676549,2.0,563.0064505284226,1508.4285966252583,1192.0685553742446,1417.573501930574,45.08222225620228,11.249899049758103,0.7772155352151842,41.43942587373321,201.33478720612453,65.75643593886947,157.4130250630765,100.66110719095727,230.4048632332471,624.3318360117402,421.0881737131523,586.4667421337899,94037
F,WIDOWED,DEU,TERTIARY,THIN,OWNER_FREE,RETIRED,VERY_GOOD,N,Y,N,Y,N,Y,N,Y,N,Y,N,28.896357690735734,5.0,2.0,5.0,51.051612190650495,6.49181624327876,56.323911294878855,17.88893677118792,34.50093626637232,26.89803980505623,80.78611484852918,2.0,5.0,2.0,10.507604265401103,3.0,12.931193320679919,25.438459507115212,4.859722835703347,5.0,655.6923325378411,1424.6207826290176,575.4356737421476,1313.6674565921098,18.050741498780525,43.75853551306937,8.939993136867495,18.663534217562677,235.33456668400083,91.6540663992418,212.58763131962095,108.48483336185724,558.1595160442389,252.3271036333803,583.227172840657,277.82703164837415,97383
M,DIVORCED,ESP,TERTIARY,THIN,TENANT_MARKET,RETIRED,POOR,Y,Y,Y,Y,N,N,N,N,Y,Y,Y,1.32844913295658,3.0,6.0,0.0,155.34692625929569,9.837319263060976,60.876418523355305,4.449811050539757,44.07278330000768,42.80426616587399,21.25491636511157,7.0,0.0,3.0,12.650336968528164,1.0,3.5209071162320913,17.825288799976814,12.229334468321408,0.0,1991.8140329083283,1156.7385478121203,314.4036132676466,1758.0343609863066,2.78877715616043,29.469888108652675,45.24878345815779,61.70149591470171,15.016170528853898,124.86971522203922,244.34774349929242,28.56969714604422,789.1273581352548,455.12846003434584,135.93106621280265,710.4774410400089,96470
M,MARRIED,DEU,TERTIARY,DENSE,OWNER_FREE,RETIRED,FAIR,Y,N,N,Y,Y,Y,N,N,Y,N,N,68.55358338985074,2.0,3.0,4.0,94.30505625541363,0.9942045888118034,63.66557905129046,48.585138983966154,6.07765032448794,57.14689573535685,61.71322632808008,3.0,3.0,0.0,12.431515563112441,7.0,31.44752463935882,13.378976497648376,6.801285394738645,4.0,1205.0081014750615,1966.462946298383,407.89517769123347,462.22062774194035,53.75621030536334,18.23200837172652,2.2718186217565184,24.649962721651097,121.87271883319019,28.973557500477074,262.69202658616433,249.70318176754932,153.73591613145558,514.1929815572888,490.01531490858275,312.0758611154592,95031
M,MARRIED,DEU,TERTIARY,THIN,TENANT_MARKET,EMPLOYED,VERY_GOOD,Y,N,N,Y,N,N,Y,Y,Y,N,N,13.843999580405708,6.0,2.0,3.0,82.9571880659093,10.06754129368963,6.673062075169426,48.484813346842955,36.76687674189024,18.583858672518602,82.3862449926684,4.0,3.0,3.0,0.30341835157231856,7.0,6.407938437475476,31.777620252635472,4.910653780206143,3.0,1214.9331450968186,1001.9666772151654,1900.3053757769924,490.96317854205904,13.381330611402877,52.43733991318481,13.426700354569725,33.22567748685869,127.71794995070766,137.720329776357,35.44438271774837,263.45949328821627,663.4523103911557,195.45347725926192,557.7614035870656,469.71061541686043,50024
F,MARRIED,ITA,TERTIARY,THIN,OWNER_FREE,EMPLOYED,FAIR,N,N,Y,Y,N,Y,Y,N,N,N,Y,37.57494081939761,0.0,6.0,6.0,24.40273971011062,7.064948864820787,30.909025948640657,34.83547936060997,25.87202870252615,74.39048610554073,23.09038611271214,1.0,6.0,2.0,6.849833502444996,5.0,17.022573771370762,1.7290637938158375,12.33150211284604,6.0,480.9661349671446,1354.9305329203494,1199.8021804030575,907.2146317895359,26.543612873524474,1.3749808024472987,42.89644165910911,14.392982475818133,247.10472632615677,82.74570659047997,147.30890373922887,189.59401911939693,473.1864482369099,705.6145996155233,181.9971964226297,119.75260969163637,85711
F,MARRIED,DEU,TERTIARY,DENSE,OWNER_FREE,EMPLOYED,VERY_GOOD,Y,Y,Y,N,N,N,N,N,N,N,N,78.33386803051071,7.0,4.0,0.0,13.79943635496622,1.6428083960729019,7.267448998805445,10.088357620808715,46.08353505726767,77.94571600120827,69.25776565716754,0.0,0.0,7.0,14.971465648917519,7.0,38.65854204780749,36.05222612878274,8.215615097827845,0.0,248.31066277086003,1833.343407033617,1862.1172153727214,1639.7701083216955,5.016372371403346,0.8148447431123736,1.0624081128660912,5.071628381427178,5.575224174191023,318.18072542112884,301.8589263375993,246.9942918166059,52.8949210552003,67.7915200251937,347.03364589455316,773.8603440428498,84162
M,DIVORCED,DEU,TERTIARY,DENSE,TENANT_MARKET,OTHER_INACTIVE,VERY_GOOD,N,N,Y,N,N,Y,Y,N,Y,Y,N,40.864429587127674,4.0,4.0,6.0,127.00416012718044,3.769254506880309,51.351679922738434,44.98544691622217,28.100171951250935,43.81363589590019,73.6688923383324,6.0,6.0,6.0,4.021443262184013,3.0,22.613319709424808,23.45801100542599,8.733334349458692,6.0,1657.4277805996367,1661.3224470454602,592.8335035478315,585.9794989056134,27.58091789785681,24.583703460784633,1.052937024300234,48.85192626819149,241.33044752910573,275.5097404128333,109.5140525313983,87.06828561536979,304.6735473477099,340.58249265914174,369.65671846528784,108.03440435507822,73650
M,MARRIED,ESP,TERTIARY,DENSE,TENANT_MARKET,EMPLOYED,POOR,N,Y,N,N,N,Y,N,Y,Y,N,Y,58.7674288396901,1.0,0.0,5.0,117.1411947243,4.161927874608652,35.28457958373892,30.099023907915154,32.99972837110873,16.723713431098055,4.506759083397802,5.0,5.0,6.0,8.055356547432794,5.0,27.420874334286147,8.97230900163809,0.9400137961927122,5.0,1372.0848208387865,1524.9517142667678,1117.9132739997942,1051.6802492458723,20.547408633532527,49.381773693108045,34.09198940559191,45.296244498099874,230.99611646142114,253.3137104223235,180.99192000879657,185.3268735350983,229.9916462980601,652.8931028450185,728.6843638496161,209.07868433823575,57274
M,MARRIED,ITA,TERTIARY,THIN,OWNER_FREE,OTHER_INACTIVE,VERY_GOOD,N,Y,N,N,Y,N,Y,N,Y,N,Y,21.616695914458994,5.0,1.0,2.0,101.78013018088983,6.84368152211526,53.43900558570458,27.673445601006854,13.67544969061057,57.3430297960992,25.23210412828541,2.0,5.0,5.0,4.773613242669572,5.0,11.795872085878376,27.926534970662463,2.036074972491577,2.0,1367.8886556382035,1477.3740569438273,583.4308136120285,1245.2322826226678,43.00011976444695,19.7965818354907,41.39996015230458,16.84250827569418,206.31352299059765,210.6120087208601,95.52087806254899,179.30402697934224,518.6356620701015,261.24003629630624,610.0484494077508,594.187800191842,30588
F,MARRIED,DEU,TERTIARY,THIN,TENANT_REDUCED,OTHER_INACTIVE,FAIR,Y,Y,Y,N,Y,Y,Y,Y,N,N,N,0.4722490389356132,3.0,5.0,7.0,3.448757333520144,10.15575287903238,65.27722383155906,12.687510797765208,4.795802964724133,35.60619866079116,78.16162725750499,7.0,0.0,4.0,2.8113631695223917,7.0,1.6754009196091681,15.46585056091665,10.020028373264683,7.0,217.85927100658097,1076.262631800202,383.2210173083156,1591.9286723263872,56.868397926728136,33.50495760282916,8.616036110131654,59.42375898498665,12.57876275075069,198.53041689543346,67.12980738253503,244.66050372972947,795.4545240867034,416.82160895082245,255.6268680454897,0.380272379994145,29302
F,DIVORCED,ESP,TERTIARY,DENSE,OWNER_FREE,OTHER_INACTIVE,FAIR,Y,N,N,N,N,N,Y,Y,N,Y,Y,68.82249083846,2.0,0.0,3.0,63.515532430234266,1.3869979055418384,67.66824386519696,57.81613058066776,40.96414562426581,25.465660851056967,3.693368470123616,3.0,3.0,7.0,2.5341858611117223,1.0,32.27736901723805,11.414884650815758,0.9403551930677546,3.0,936.896001114333,1866.2434668626468,340.85058501218526,72.66393759819509,9.021886176835691,43.41061467751657,33.71658668141734,28.23393886915395,142.31138257496266,294.8785667172158,47.74616487801956,3.4751233136079867,105.19109026753057,592.3472557950315,789.1808887509671,478.3676802432127,33960
F,WIDOWED,ESP,TERTIARY,THIN,TENANT_REDUCED,EMPLOYED,VERY_GOOD,Y,N,N,N,Y,Y,N,N,N,Y,Y,15.85088024322966,6.0,1.0,4.0,76.38469125588313,10.496566999246687,2.6110744286403578,61.81384364050773,7.209155565341546,63.86381678132331,19.147278636391007,4.0,3.0,4.0,14.86029447152755,1.0,8.307135670982152,30.316268317230865,2.102520730357612,4.0,951.0502406497891,1046.3540208955053,1945.5881862158406,78.51918340789747,49.83749369759547,11.985304885113369,44.00913217534196,37.247778132315744,138.8699495527859,194.7535531592566,283.5311464798075,36.899738436480284,681.7140312994449,136.66684251878092,615.0496725303115,323.074498950032,15164
M,DIVORCED,DEU,TERTIARY,THIN,OWNER_FREE,EMPLOYED,FAIR,N,N,Y,N,Y,N,N,Y,Y,Y,N,35.340531512382576,0.0,5.0,1.0,123.58833850788699,7.406186626661572,31.363840297917765,40.647088820224226,22.867451615309804,5.104278312446471,76.15911983655494,1.0,6.0,5.0,8.681941216316783,3.0,15.501125035456328,3.173281020594888,10.397937408025141,1.0,1509.5102048293793,1255.4157423102347,1244.202892471792,667.9508412284974,37.77660013779017,60.071994818808804,13.339510125106838,10.218157067193799,253.41216901929812,204.40066533125218,183.32080591226514,102.38611269247693,486.4968152042225,714.205161193389,241.10340109263066,604.9498645140301,38139
M,WIDOWED,ESP,PRIMARY,THIN,TENANT_MARKET,OTHER_INACTIVE,POOR,N,N,N,N,N,N,N,N,N,N,N,78.72754276049967,7.0,7.0,7.0,149.31984928193498,21.470386137987813,74.1679560073374,62.311492159960714,42.96330201686427,73.36564438105414,112.81921328378908,7.0,7.0,7.0,14.7379235701121,7.0,37.1504635883851,37.90944636089654,14.484899945872167,7.0,1757.180405561754,201.496111642841,132.3961955543092,7.3615774498822,5.27504499659933,6.027973721436574,1.8250339247042011,1.3368680065296004,24.519803933139947,18.194501695115207,34.200388974431284,37.012165723210344,73.11546860880485,10.275467200184941,52.69821285540549,7.8617837004601485,11493
F,MARRIED,ITA,PRIMARY,THIN,OWNER_FREE,EMPLOYED,POOR,Y,Y,N,N,N,Y,Y,N,Y,Y,N,45.6427529193681,4.0,7.0,1.0,33.86011985263024,18.005732211519476,27.9668348553298,26.39413403528601,27.22217179064891,45.69428620766159,117.2202126487588,1.0,1.0,6.0,4.55249596001337,3.0,23.105793085970454,21.308462862870908,14.156945506357324,1.0,472.6720187337272,363.65497333407484,1345.4844839923699,1155.5908117044664,24.782486133679445,24.780667312740313,3.7171923571912195,54.896064725783,271.862590058598,62.81416439689535,215.78084650066603,175.11059448414775,351.87445941621706,323.1325344933887,61.21060036538772,631.7200901949385,14600
F,WIDOWED,DEU,LOWER_SEC,THIN,OWNER_FREE,RETIRED,VERY_GOOD,Y,N,Y,N,N,Y,N,Y,Y,N,Y,53.635945962406765,1.0,3.0,2.0,52.30372116237015,19.987810624399707,40.83961778562788,45.272232354270926,34.14274949772585,10.578396275972056,54.23273088827639,2.0,2.0,6.0,8.052140417599118,5.0,26.630469759527003,7.028240690688406,6.30146643537465,2.0,538.1447458841224,393.41533506609585,918.0050084808638,541.5168419960291,17.182674263158823,54.20562238319585,34.03993569185578,45.59853849223533,222.5108577670203,74.17345057935019,130.27143177900354,95.89539329611017,217.6507216421203,637.7401255468925,415.66976172927576,552.4040146326364,11684
F,DIVORCED,DEU,LOWER_SEC,DENSE,TENANT_MARKET,EMPLOYED,FAIR,Y,N,Y,N,Y,N,Y,N,Y,N,Y,20.305935450413994,5.0,2.0,5.0,40.39989877412501,15.03430930320022,26.466164366037624,41.15173296921132,16.006658231166764,51.50524147603696,40.29375590370661,5.0,2.0,5.0,4.765681515464394,5.0,12.339021344956834,26.104432119532348,4.23000523918536,5.0,683.312846102193,608.3071507663112,1287.4464178139883,587.5549681310223,42.89025138017356,21.44177104904049,40.15296266215498,18.51900935430715,217.6320604437236,106.96603999849214,227.9196359162509,107.16018715874772,536.7115685599462,255.70845399635536,554.6797995659676,247.12836684985118,44596
M,DIVORCED,ITA,LOWER_SEC,DENSE,OWNER_FREE,EMPLOYED,VERY_GOOD,N,N,N,N,Y,Y,Y,Y,N,N,N,2.1676987899080147,3.0,6.0,0.0,143.0954543264196,13.116748936085795,17.959618612683002,58.4449338137626,2.8892680789940965,30.30384009795544,92.88247728146249,0.0,7.0,4.0,2.695440531710069,7.0,0.5525606157048242,17.522495768532806,12.772411634684131,0.0,1966.8573921090724,849.434036656614,1583.9418067418196,107.451167117304,58.378842368674654,33.363591351528186,13.404705005804756,57.786991756864985,8.37861145045273,150.98376894000813,260.7802823468908,5.4018706310045435,769.2191283064138,480.55690049652156,146.4871999866247,719.5326756396556,97070
M,MARRIED,DEU,PRIMARY,THIN,TENANT_MARKET,EMPLOYED,VERY_GOOD,N,Y,Y,N,N,N,Y,Y,N,Y,Y,64.39763304385697,2.0,3.0,4.0,83.37695111731055,22.915231542789826,17.267284304895533,10.93370754548443,36.64435232204913,24.602211291175877,46.09223420211689,4.0,4.0,7.0,2.429718648652269,1.0,31.041115814323902,12.051376452209993,6.2473087387813475,4.0,1032.7804032536098,207.69000638763302,1732.6100919558378,1747.9606342276193,14.390822132687871,45.64036105159318,32.47602734785585,24.783946511255785,144.2311898637517,29.579921784648075,255.4735128372033,253.38851814818824,190.15554803039748,576.1008478859702,497.34699898095596,397.8050283047165,77621
M,MARRIED,DEU,PRIMARY,DENSE,OWNER_FREE,RETIRED,POOR,N,Y,Y,N,Y,Y,N,N,N,Y,Y,16.191856953243907,6.0,2.0,3.0,87.48974936500169,13.841808201523964,75.88798134973469,11.328495925281524,9.181367456555801,65.28182318574395,43.60471292528868,3.0,4.0,4.0,14.426833581548518,1.0,6.147540758298987,33.108182283463734,4.272458245977129,3.0,1104.473573190585,812.8911176258306,146.9481014996864,1505.82867766243,53.56887169464034,12.300892973607787,45.501304968407446,35.198676244266466,141.2892976489265,128.76070316427,35.92907470482861,243.7386686961101,609.7664227207463,111.84456717851235,568.3064075034222,459.94032470078116,24663
F,MARRIED,ITA,PRIMARY,DENSE,TENANT_REDUCED,RETIRED,VERY_GOOD,Y,Y,N,N,Y,N,N,Y,Y,Y,N,38.590998273733135,0.0,6.0,6.0,31.54861946082944,15.119154779782324,46.91943143656098,28.82181345289202,22.88677817315283,2.6412619161228745,90.84373699854804,6.0,1.0,5.0,8.13777043011474,3.0,16.255377355753303,2.827239206073808,12.123642830647498,6.0,460.6049806232546,592.9304797994683,799.2056493029681,1242.3659100881816,33.47059488930966,59.193781062555786,12.979818829695937,8.050789159984916,244.59494601229918,84.01895645599325,124.04141503539212,173.85112112700213,494.04646581698086,722.2272893075306,189.46150957561724,118.42042313107724,97599
F,MARRIED,DEU,PRIMARY,THIN,TENANT_REDUCED,RETIRED,FAIR,N,N,N,Y,Y,Y,Y,Y,Y,Y,Y,75.87517270227374,7.0,4.0,0.0,1.3196282738963119,21.698695068968213,71.44942323819362,49.1248241197998,0.8685863540738453,7.4401777676885485,45.18379349549849,7.0,7.0,0.0,0.43795285461837463,1.0,35.32602382923671,36.259239700206294,8.78405361159039,0.0,13.955950561174172,84.13168689725427,202.39594222616782,388.55343231759184,56.679879928456096,56.00346585931059,34.19772866145075,5.623881712109578,10.892902594528788,318.90660696877995,317.28692338403323,267.5832551031118,88.3432516227301,62.200372699531364,396.6363479809663,728.5182859407731,15219
M,WIDOWED,DEU,PRIMARY,THIN,OWNER_FREE,EMPLOYED,FAIR,Y,Y,N,Y,Y,N,N,Y,N,N,Y,43.37834476666635,4.0,4.0,6.0,121.36892510281135,19.697502998252645,28.673006232936523,20.876830600630402,22.520856861700302,35.80588173533531,48.02589655335326,1.0,1.0,1.0,10.89714672875146,5.0,21.68409036114889,23.69891992325654,8.655275958782068,6.0,1658.7320607746924,418.9604045963818,1431.179562868022,1372.1984622957586,36.49424900007257,37.281921750680965,37.97403330004668,50.80215843566493,269.9719310780253,263.5293266656223,111.7683503492334,114.28351674846226,370.5286473237778,355.8002370671382,365.72303990717813,166.9397740780517,75084
M,MARRIED,ITA,LOWER_SEC,THIN,OWNER_FREE,RETIRED,VERY_GOOD,Y,N,Y,Y,Y,N,Y,N,N,Y,N,56.22615364879724,1.0,0.0,5.0,104.65982285622849,19.733545016924246,44.646707176644426,34.48284663549203,14.586385390104489,68.68630724232258,116.45916021906467,2.0,2.0,1.0,6.982534556862349,3.0,28.93299100245233,6.7335104972254864,0.1311931894592634,5.0,1265.5190426501997,324.74315115803563,863.2923511437112,808.4449224281743,40.51848688876401,12.209479025715607,6.33572446859569,46.00245151445614,236.0315396126856,263.3628322909647,194.61059302941712,179.48759112163367,207.22338466859924,607.3184772503341,714.5179827437497,285.63581442258504,48201
M,MARRIED,ESP,PRIMARY,DENSE,TENANT_MARKET,EMPLOYED,FAIR,Y,N,Y,Y,N,Y,N,Y,N,Y,N,27.15792688754665,5.0,1.0,2.0,117.27349004341107,16.63802090494855,26.55848575740047,36.85031005734368,32.18700793500876,23.170280021315516,92.63084401806472,5.0,2.0,2.0,10.367708670733787,3.0,12.304047003215558,28.729472002539147,2.7405257364855826,2.0,1274.271389690151,741.7206523516654,1262.0873559618444,979.372893995498,22.29436717900321,43.44823597682936,11.120882602266313,18.482767697593175,213.15292905919807,214.13942586936363,91.46257809492485,167.19808884084014,520.1572151111978,264.23740025293705,644.0454849646227,506.0653680176222,16701
F,MARRIED,DEU,LOWER_SEC,DENSE,OWNER_FREE,EMPLOYED,VERY_GOOD,N,N,N,Y,N,N,N,N,Y,Y,Y,5.926669663239273,3.0,5.0,7.0,18.437323835846644,12.589394576257295,15.862554235082744,50.72396576971643,42.497889619694085,40.269459553300216,31.46348605130838,0.0,7.0,3.0,12.193645628863019,1.0,2.530519064707793,18.17678959731152,10.269998661145447,7.0,135.47678791055128,968.4807455788662,1570.1467748949026,282.79264994136076,3.441038513686637,25.235723132643667,46.192096527693344,62.62012248612845,34.808546917635624,193.90509022138008,62.234164490245774,255.65568243580822,720.4669572006418,490.1703343031287,274.8116777978722,18.3078568819974,41075
F,DIVORCED,ITA,LOWER_SEC,THIN,TENANT_REDUCED,EMPLOYED,VERY_GOOD,N,Y,Y,Y,Y,Y,N,N,Y,N,N,66.99957730004984,2.0,0.0,3.0,61.904442174448306,21.288280484605615,18.372044830901366,0.069520562338524,10.005859871444489,51.61913812370125,107.92126041200709,4.0,4.0,0.0,12.436524830148135,7.0,33.09057990306926,11.270108794879874,0.08491662946736123,3.0,994.8674536443605,190.0300747808356,1530.2663099624685,1901.1733139772412,49.713099109372976,19.551050874463897,1.2889802027409516,29.8557424430336,129.95609252377105,305.93151381825464,43.2062524455012,8.838967984146075,163.40169303632294,592.7838827265628,713.424275317363,400.62502577063646,49833
F,DIVORCED,ITA,LOWER_SEC,DENSE,OWNER_FREE,RETIRED,FAIR,N,Y,Y,Y,N,N,Y,Y,Y,N,N,17.784062105147214,6.0,1.0,4.0,70.00879244959752,13.70662441181392,73.07273760458321,5.48150661778789,38.52128523284095,12.904130457822093,98.26732339458492,3.0,4.0,3.0,0.05792250661678766,7.0,8.59948987304913,33.36572416300089,2.0738902427592105,4.0,798.3514122375935,974.3155155911647,121.91573151649852,1961.5673795100302,9.8199968740128,51.59940164526023,11.27828479255569,35.039042194348454,151.4725514650857,192.63165556909414,318.9781167489899,38.43980489851374,601.5436782425504,163.83422515704797,637.7139651686587,317.40924036089217,75618
M,WIDOWED,DEU,PRIMARY,DENSE,TENANT_REDUCED,OTHER_INACTIVE,VERY_GOOD,Y,Y,N,Y,N,Y,Y,N,N,N,Y,35.85279842793128,0.0,5.0,1.0,133.80852787389188,16.94363920288297,47.06816672668441,20.17990047030091,27.157205342387176,77.11806735152925,37.387024933062364,6.0,1.0,2.0,6.232033424764803,5.0,18.50562278789488,2.6445217084179826,10.722112869497309,1.0,1652.8869438218023,626.2332287122009,841.4089261104785,1274.147975724501,26.067044487777046,6.6600498819124505,43.22562583189775,13.934657101065016,259.00685079476466,237.56653234263223,177.2589061351063,104.68728570775068,491.28654751753345,727.9643766200198,237.55760566302482,619.5743294809974,96590
M,DIVORCED,ESP,TERTIARY,DENSE,OWNER_FREE,EMPLOYED,VERY_GOOD,Y,Y,Y,Y,Y,Y,Y,Y,Y,Y,Y,72.47694436230512,7.0,7.0,7.0,155.35186180639255,1.8259078177970196,3.051186379921244,0.5446609933604728,3.9214064699415925,3.2197006509293864,57.01842367937435,7.0,7.0,7.0,14.588617473915589,6.0,0.06204900642546818,3.5102941282415627,0.7623859922039421,0.0,4.1519390481232135,104.82551026379808,221.40231779391115,54.35803980093437,3.1127044581966734,2.097460872302944,26.331084686464788,58.10486106280619,301.4071306720102,296.44529059685357,281.59014084629894,253.24908665282555,20.396954068033015,60.98886005051394,16.875337786575194,14.245384387221096,221
F,MARRIED,ITA,TERTIARY,DENSE,TENANT_MARKET,OTHER_INACTIVE,VERY_GOOD,N,N,Y,Y,Y,N,N,Y,N,N,Y,45.87875926499117,4.0,7.0,1.0,31.46257681321255,3.4849948169400893,53.24284720131186,36.675737418602594,22.21515363313898,30.653762980823647,55.64683141724273,1.0,1.0,6.0,4.227125886179994,2.0,15.48315538223462,15.142544744884447,0.41538002357001735,6.0,1708.4811085263323,442.74403953605054,1420.9105219912142,1247.0405956473019,29.511617639307925,30.070826766828674,28.743681615591576,14.997945948753486,65.86667474183167,264.8843363903643,101.37150143865838,109.32080008586561,368.2495625057576,344.5174496107837,1.9754578324508767,653.657845102012,40738
F,DIVORCED,DEU,TERTIARY,DENSE,TENANT_MARKET,EMPLOYED,POOR,N,Y,N,Y,Y,N,Y,N,N,Y,N,53.305907503548426,1.0,3.0,2.0,47.17962746542558,4.655643615492988,37.7035729770457,20.315586619170908,15.13659190821146,65.91259150464045,109.36555601596216,2.0,2.0,6.0,8.747475689296193,4.0,11.05350448982446,32.53798862180963,8.014741783906906,5.0,1461.209276452787,487.5415031298586,812.8293743431562,642.1155089367024,20.896931706409546,49.74315401455757,60.928422173955894,16.591160301514183,106.05249471509725,273.7415224986365,186.03333177949796,180.4308236766826,291.50691137279364,674.0588713253233,468.12402825645756,596.2996479253859,8112
F,WIDOWED,DEU,TERTIARY,THIN,OWNER_FREE,OTHER_INACTIVE,VERY_GOOD,N,Y,N,Y,N,Y,N,Y,N,Y,N,21.08000347055233,5.0,2.0,5.0,40.39360239424314,6.111731331750681,53.87811301171866,18.266128023329678,31.301150613924037,23.347678559313394,96.35630751530864,5.0,2.0,5.0,4.888335338292531,4.0,27.21831511591023,10.031882353005223,10.830251518947616,2.0,1328.8035911287097,599.7867817184026,1334.0279744571005,544.4769871857645,43.97761832868377,17.927018439359202,49.78750443626432,44.505073686474454,93.35262591218579,210.92793902643527,90.6777435394228,160.7956297046896,500.46913967680325,267.6052360949343,580.9772187238636,269.296734998204,77341
M,WIDOWED,ITA,TERTIARY,THIN,TENANT_REDUCED,OTHER_INACTIVE,FAIR,Y,Y,Y,Y,N,N,N,N,Y,Y,Y,0.7437329150621889,3.0,6.0,0.0,155.70468271715558,9.275602625567254,68.01611937891589,6.90457562926804,44.76452754285385,47.01563098155019,32.15598495207204,0.0,7.0,4.0,2.7931808422224043,6.0,38.72050066202463,20.547498690675003,2.604871861032952,7.0,176.617929385112,757.1102375599926,1573.7399690295874,39.62026201152639,60.16099690832356,35.92885022253868,21.233551960652832,2.727803477135246,300.2438439596569,188.23804233644353,59.28522416766192,263.64021764230085,723.7983511187123,460.64824166710815,192.16327592471774,769.5839413807167,70203
M,MARRIED,DEU,TERTIARY,DENSE,OWNER_FREE,RETIRED,FAIR,Y,N,N,Y,Y,Y,N,N,Y,N,N,64.40296596864376,2.0,3.0,4.0,94.50546936526764,1.9241039707628,66.96757500727371,54.57278341159594,10.743501518756323,51.1007324463628,112.06315973013078,4.0,4.0,7.0,2.5680486116243877,0.0,7.971415969759088,26.50483622765883,8.15184755694536,3.0,975.5254624678291,127.53888321988133,1703.9731663305988,1693.6036452659316,13.32925916448345,42.16162812248954,56.161968156560434,35.299530208937455,162.46159305793208,290.75875980618986,72.49667062690918,38.2983947897554,180.5501370251868,534.169479102142,457.90422922834097,307.5021962197993,24886
M,MARRIED,DEU,TERTIARY,THIN,TENANT_MARKET,EMPLOYED,VERY_GOOD,Y,N,N,Y,N,N,Y,Y,Y,N,N,16.019129888536824,6.0,2.0,3.0,92.24516014575121,10.40792571221406,3.488708445072141,53.1998544318724,37.018812883394006,12.867302270193633,102.79775370523964,3.0,4.0,4.0,14.990938736511522,0.0,30.505591805859172,8.77264947355418,10.735873398096828,4.0,896.1250248835366,979.6660458359503,135.14437598393593,1682.8807171191665,49.036167820188815,11.080306602867621,48.83433305841447,30.659164009613107,174.25146753813374,169.8151613918718,318.34722949221754,2.3067018287308008,682.2990998159671,197.8097704874952,518.0015328771324,418.5177573562638,50876
F,MARRIED,ESP,TERTIARY,THIN,OWNER_FREE,EMPLOYED,POOR,N,N,Y,Y,N,Y,Y,N,N,N,Y,34.587736480119936,0.0,6.0,6.0,20.83106080823691,6.75492156644287,31.87938576916669,37.1570350016049,24.46632703489215,70.09810921885985,33.06298763181091,6.0,1.0,5.0,8.014898559996901,2.0,20.136302674825743,37.69339052425856,2.7926200061375193,1.0,1735.1309426888665,720.7622162969108,794.5033169017485,1099.8780108315314,34.01901301131832,62.84060298127149,18.875452652508887,49.92301290562305,65.04941504442056,219.80511851477888,169.56871779360102,94.55273228678199,497.45579453206597,745.0434438246025,188.50481627856053,131.81913917416585,55536
F,MARRIED,DEU,TERTIARY,DENSE,OWNER_FREE,EMPLOYED,VERY_GOOD,Y,Y,Y,N,N,N,N,N,N,N,N,70.20724085183184,7.0,4.0,0.0,4.718515944721065,0.05269376480761956,5.4934850965581346,10.21560702546915,44.187105194164,72.95982450190151,110.09101296512827,7.0,7.0,0.0,0.7198268491769015,0.0,1.7256794579008656,1.0611441871558251,6.194284080203412,7.0,1878.568771939938,240.3436671473849,88.86445508784053,351.720530343459,57.5471507769912,62.61987912859963,58.77415586741606,60.531517314026644,317.62538844488137,16.366169005723005,8.80747342239231,6.572011359538338,97.72146393806979,91.0232257169418,396.05937398735387,798.2060608680832,41897
M,WIDOWED,DEU,TERTIARY,DENSE,TENANT_REDUCED,RETIRED,VERY_GOOD,N,N,Y,N,N,Y,Y,N,Y,Y,N,45.15683717940855,4.0,4.0,6.0,121.58831537578607,4.92982638515098,50.674984601304985,41.053543957140356,27.144470630959876,44.188389644825634,118.65090556691621,1.0,1.0,1.0,10.812621891922381,4.0,17.76018625995325,15.605732425585602,6.605691580916218,1.0,484.1957452256928,484.76873664928434,1254.3622292745542,1437.0689491646021,34.59595783013683,35.41306308690921,59.404502716561254,10.262896525245804,44.92289860314695,72.61555364578004,225.26790701336776,197.58039049372093,381.8306489185155,315.1606539038427,393.7138037272126,116.07993406111098,47845
M,MARRIED,ESP,TERTIARY,DENSE,TENANT_MARKET,EMPLOYED,FAIR,N,Y,N,N,N,Y,N,Y,Y,N,Y,55.15367508914683,1.0,0.0,5.0,102.71007650966472,3.7433684625340007,31.371612661347594,27.21061347079825,32.96644095901581,17.15715479026773,57.15002301846961,2.0,2.0,1.0,6.076611675744165,2.0,13.959733935386382,33.25547540745452,14.312189704066304,2.0,600.3900980850927,299.4170736515669,830.8335049534079,854.1268188969364,42.539069645081625,10.234452838104742,24.336217580897518,16.985150731592654,88.85787718019208,78.34037782929681,128.42275573812196,100.63571770854712,236.80659396827807,653.1090129916741,756.1115176010061,262.89439554339646,89038
M,MARRIED,ITA,TERTIARY,THIN,OWNER_FREE,OTHER_INACTIVE,VERY_GOOD,N,Y,N,N,Y,N,Y,N,Y,N,Y,22.463523263063525,5.0,1.0,2.0,111.92030315394034,7.402803526908306,55.65010681710869,25.032406102837022,12.139091671187417,58.08869576524078,37.18849659593619,5.0,2.0,2.0,10.12671589433071,2.0,25.529511020031485,12.934242740175915,12.323726731726175,5.0,708.5914517809666,742.1345103415033,1408.359692289443,899.2128859642226,18.03852808584749,46.82048073088255,19.69878167228404,41.74298685223988,97.8399041024822,83.24064104634611,200.48431581687132,80.18178001603131,582.9409437685752,235.65337956816066,687.6747823926648,558.6385121075454,16556
F,MARRIED,DEU,TERTIARY,THIN,TENANT_REDUCED,OTHER_INACTIVE,POOR,Y,Y,Y,N,Y,Y,Y,Y,N,N,N,6.708233653388762,3.0,5.0,7.0,0.2564411763519643,10.325494640791522,64.47770541814457,14.050109440198948,3.5378795692202623,35.05476525124994,100.92029483320466,0.0,7.0,3.0,12.180593477804928,0.0,38.46751995472043,21.130398694628237,4.512355631168807,0.0,1916.7406525336903,937.2106728982012,1648.3489475161518,329.5314709160806,6.61354337640745,27.293544303406144,54.39087542092429,3.952054739482087,284.3343416876408,123.94410832085258,249.5035278470742,15.005387283446575,704.4309218334926,414.2963327124677,297.7937145785692,59.55384250593122,68125
F,WIDOWED,ITA,TERTIARY,DENSE,OWNER_FREE,OTHER_INACTIVE,FAIR,Y,N,N,N,N,N,Y,Y,N,Y,Y,67.14909342926674,2.0,0.0,3.0,78.36085449292159,0.1475405913118506,67.24253799866494,56.79524813252775,40.60297197000682,23.470317949000957,47.63134861708395,4.0,4.0,0.0,12.043719428137882,6.0,8.67449201310021,25.794291872822427,14.023431951568678,4.0,1016.1737702715549,32.342815877409265,1588.9538760501457,1840.4304957161742,49.10811711828023,17.141916112985953,27.585831683980828,32.89563812040056,181.46812601234853,31.43366808396877,240.8101841914931,241.07848878354943,114.0252725204558,563.0722282034671,787.7625798331711,450.15879090442434,86999
F,WIDOWED,ESP,TERTIARY,THIN,TENANT_MARKET,EMPLOYED,VERY_GOOD,Y,N,N,N,Y,Y,N,N,N,Y,Y,11.629869345245055,6.0,1.0,4.0,78.1947361308452,10.674874389081085,1.283602691418348,62.789832873028644,6.393862522087761,65.41621719978434,33.8897380823144,3.0,4.0,3.0,0.34966746421468264,6.0,33.61704157061454,8.503455790540924,12.274049739978505,3.0,1205.4368382957725,832.9536314931049,9.1164753309329,1776.3040555223406,12.437262059250395,48.45891632380385,16.113408885598197,25.090308204155733,171.53282388989382,129.46702454869137,23.87660006320222,275.30065678920647,624.3711431291298,117.26096280918217,606.8201091851764,328.25489847069656,78856
M,WIDOWED,DEU,TERTIARY,THIN,OWNER_FREE,EMPLOYED,FAIR,N,N,Y,N,Y,N,N,Y,Y,Y,N,34.35772329568556,0.0,5.0,1.0,122.02043994743401,7.740953954431015,37.83411732156486,42.844706467089196,19.91202424560822,4.745361253300091,92.29874854987654,6.0,1.0,2.0,6.655208951908534,4.0,21.417471084816842,38.803331032881324,4.20266669317841,6.0,374.8798977414591,739.0184114232378,933.9313962061511,1470.3047087864884,27.326993897494315,3.0241044216665123,51.06044841535078,52.865491474335556,74.05896281866242,99.30406722153825,152.67929807394032,181.9712233887509,466.1847477522518,795.7696306292469,213.35939664974123,642.2258074271979,77435
F,MARRIED,DEU,TERTIARY,DENSE,OWNER_FREE,EMPLOYED,VERY_GOOD,Y,Y,Y,Y,Y,Y,Y,Y,Y,Y,Y,75.80136984083528,7.0,7.0,7.0,153.98649869521597,21.060371460719207,74.92422447210403,59.64484188747408,45.71169811987017,70.9262817431139,64.30005491764042,0.0,0.0,0.0,0.24424434451825028,0.0,1.6092700271883218,3.428627184727299,0.2642699552272437,0.0,181.51030954265852,241.610956851462,61.90805271739645,239.0996106538737,3.079036472089223,2.1324868549553737,0.22458812384693128,5.3360148837636086,11.97418581433615,23.052293113745108,16.166507793192352,73.51498634149269,787.3125342003673,798.9149075781098,729.7103495751317,781.622388483071,29117
M,WIDOWED,DEU,TERTIARY,DENSE,TENANT_MARKET,OTHER_INACTIVE,VERY_GOOD,N,N,Y,Y,Y,N,N,Y,N,N,Y,43.90290830794923,4.0,7.0,1.0,26.429408425105244,18.730488436539137,28.720524066511146,24.025738238674926,24.652740075566403,42.50243621652119,72.17763932109916,6.0,6.0,1.0,10.292412721587093,4.0,17.227763123555032,17.997783905690582,0.6560507087126461,6.0,1520.9082063658068,327.00911131816355,1270.9276680291541,1189.6765297980376,26.06415731520272,30.477067359046707,3.5294809126225575,48.428270222048695,257.0104001952607,65.95951100710342,221.49782000434794,237.27275635095927,441.86121943115575,487.3118115206908,738.9679594320032,172.80887227383477,13971
M,MARRIED,ITA,TERTIARY,DENSE,TENANT_REDUCED,EMPLOYED,FAIR,N,Y,N,Y,Y,N,Y,N,N,Y,N,55.1428078944022,1.0,3.0,2.0,53.44165934334947,18.157986584977,47.03300965619246,43.153912772262586,32.26853130886194,15.471139367792304,9.077361475146567,5.0,5.0,1.0,6.606123845262965,2.0,12.847934046190735,30.01279084188696,8.471400353138005,5.0,1360.4063188439802,440.6899548860175,773.5485711350113,579.125999093606,21.206132163378527,51.10238833276199,37.5879477135054,45.61666190973504,238.38815627725717,44.05465269755422,142.15534236652647,127.3508017273455,556.4834335767259,136.43973148063236,314.7991138695643,252.5245336569199,51815
M,MARRIED,ITA,TERTIARY,THIN,OWNER_FREE,OTHER_INACTIVE,VERY_GOOD,N,Y,N,Y,N,Y,N,Y,N,Y,N,20.894971295647775,5.0,2.0,5.0,43.84411120150515,15.15413059312817,20.78450915582635,45.82757579535894,15.157508961021518,57.95024111320703,17.062056276599748,2.0,5.0,2.0,10.478701365423074,2.0,25.476118574643383,10.269045069536302,10.291238653879871,2.0,1318.6058383548536,699.5709163708948,1430.970063671592,633.3711351275041,44.86557761505151,20.465180827742163,45.530962525097024,22.06441542639542,203.23572250966288,110.4559551643146,216.0806190614124,144.21402348153183,285.5105945192776,502.0727754365051,298.29678342169416,564.8293745604534,1205
F,MARRIED,DEU,TERTIARY,THIN,TENANT_MARKET,RETIRED,FAIR,Y,Y,Y,Y,N,N,N,N,Y,Y,Y,0.5714847104542945,3.0,6.0,0.0,149.12808318014265,13.138366309271277,10.847025946477581,56.88002043545284,1.7906067589877233,37.739213750080054,87.26674730703553,7.0,0.0,3.0,12.122376357440578,0.0,38.589705283186305,22.230948645210777,2.093062395023204,7.0,49.47216687716884,864.2196663662976,1657.5970857282662,97.65116824246721,57.025682980210675,35.77013066230643,11.444066293377615,60.62666533180767,33.8117321721875,147.63263445367377,273.0682862417719,47.08968149776269,61.99285072583098,379.73959741507406,678.3057863271313,95.8457652156768,70556
F,DIVORCED,ITA,TERTIARY,DENSE,OWNER_FREE,RETIRED,FAIR,Y,N,N,Y,Y,Y,N,N,Y,N,N,68.17992470979613,2.0,3.0,4.0,90.69417345490616,22.627422517783863,12.823468301649829,11.145300555768719,37.19860942112366,20.673417763155218,10.43036390500358,3.0,3.0,0.0,12.07680383381529,6.0,8.593415568370833,25.83418788641663,8.966886329698045,3.0,875.8609919019314,41.17017818008619,1607.3440360820773,1713.9050902991557,10.046330154046665,41.27858969833827,36.0237082864066,26.601928273758926,139.6842251429102,21.866159652612982,262.654928912111,288.5165804330647,620.2827518067286,214.25439364621738,366.2214827724997,424.9151490469535,60373
F,DIVORCED,ESP,TERTIARY,THIN,TENANT_REDUCED,EMPLOYED,VERY_GOOD,Y,N,N,Y,N,N,Y,Y,Y,N,N,17.15702344356179,6.0,2.0,3.0,88.44219776610906,12.299434449753429,78.40650374189372,14.786202580099099,10.48954620293361,68.03397618097388,18.367874460162454,4.0,3.0,3.0,0.25019885553695365,6.0,32.365912008546516,5.712460101807497,10.56099625884412,4.0,793.069085167271,750.2099591567631,68.39936213196204,1623.21347035058,50.68958671987906,13.451542554505034,44.44061690918927,34.9041345921364,135.50476586804567,152.65906902446733,24.462949242016805,293.46467052982496,186.98942357063515,645.5332748862115,295.1959359406535,374.675412282088,41410
M,WIDOWED,DEU,TERTIARY,THIN,OWNER_FREE,EMPLOYED,POOR,N,N,Y,Y,N,Y,Y,N,N,N,Y,31.66400863713007,0.0,6.0,6.0,23.09974439323183,15.364849023070406,41.45325236479533,24.682122381444287,19.484612531730118,3.7957512672184945,87.517372760563,1.0,6.0,2.0,6.543646195574559,4.0,22.466518375509136,36.67263739371245,2.483349519106917,1.0,1685.9602786279386,536.7252613745721,991.9913410622603,1115.5145715645297,36.457336311008234,61.339968536962715,13.141036655968934,9.102378859629288,276.70873907610286,94.65707126005356,154.6555615007234,234.01178670409368,372.9267232675842,70.35789676830692,631.7491597975984,606.4006804086293,18967
M,WIDOWED,ESP,TERTIARY,DENSE,OWNER_FREE,EMPLOYED,VERY_GOOD,Y,Y,Y,N,N,N,N,N,N,N,N,77.31581143518297,7.0,4.0,0.0,6.303370074177229,22.48711587697435,72.52105590096566,49.5303594039377,2.6770861014893943,6.805810830867664,2.6184167246117696,0.0,0.0,7.0,14.494929251859004,6.0,3.976536414688217,1.0522952560597125,6.907665757111307,7.0,1958.627064603056,219.8557303387302,171.55899829188766,455.7084706218021,56.19603293356623,57.49251514040233,35.95714764032516,1.206939922440516,38.94324695263266,300.23970463831233,318.1861122406799,315.5919705631746,726.9888787233169,753.6083540567508,470.42940996203873,6.215514696377372,38906
F,MARRIED,ITA,TERTIARY,DENSE,TENANT_MARKET,RETIRED,VERY_GOOD,N,N,Y,N,N,Y,Y,N,Y,Y,N,40.17771749603874,4.0,4.0,6.0,122.93575314903534,19.496214248649032,23.269954392167303,22.85322392220496,19.226272088524425,32.860049652461335,0.40020749470119,6.0,6.0,6.0,4.735218627850896,2.0,15.180950792841688,16.521160919398856,6.5332039036347975,1.0,250.8028712755439,325.01930107604085,1310.7810753418132,1361.9145254499092,33.481634304542936,35.51245769215887,38.81959275832798,54.55404110722391,247.60024134462049,276.08448059137703,109.12491843252032,143.38901390576783,468.33784445384526,422.4715754819024,493.92741567545494,634.0781020176906,28693
F,WIDOWED,DEU,TERTIARY,DENSE,TENANT_MARKET,EMPLOYED,FAIR,N,Y,N,N,N,Y,N,Y,Y,N,Y,55.00454147426162,1.0,0.0,5.0,101.0616346249506,19.397127851080384,40.803063173891644,34.94123276230039,15.90014476355528,62.88109268086667,69.2663970547348,5.0,5.0,6.0,8.35695831401378,4.0,12.954993692658057,32.3355958233689,14.244614037740293,2.0,568.1670216737634,270.0134423372434,955.5672810002532,980.0537287627319,42.120695971239684,10.240111025906678,5.464117473262134,46.75710132017481,232.76049983160496,254.92090175779126,187.56309121158046,222.38541545644554,541.1728495697076,139.82086396498528,8.224196785066074,572.5585038213432,65515
F,DIVORCED,DEU,TERTIARY,THIN,OWNER_FREE,RETIRED,VERY_GOOD,N,Y,N,N,Y,N,Y,N,Y,N,Y,24.827751107895903,5.0,1.0,2.0,113.1487827605134,15.599015391918785,21.612676273255758,35.822603593920846,33.93024099536638,21.774109270028305,81.33697282468822,2.0,5.0,5.0,4.915100864013732,4.0,26.41983052938935,12.55085850801181,12.017212532409683,5.0,587.3205096670309,558.8097120864896,1457.8945577080124,794.229030293327,20.089643419418238,43.71279663818426,11.722337060478086,21.193766695752167,208.65242657259512,223.46483004245243,118.2947314843147,234.76603388925795,240.95034551870856,583.1733994560204,159.67844327072442,261.3646934614283,89127
M,WIDOWED,ESP,TERTIARY,THIN,TENANT_MARKET,RETIRED,FAIR,Y,Y,Y,N,Y,Y,Y,Y,N,N,N,7.309766328117169,3.0,5.0,7.0,11.922231207256354,12.823044966497383,16.94746459384762,49.16270719622525,45.851957926917066,47.224526729027986,18.718102154557158,7.0,0.0,4.0,2.220287289049788,6.0,36.79558136793,21.936932251765164,4.497034890409987,0.0,1835.0216700814426,800.6271734438886,1682.439256580926,321.81354470425106,1.8159482072974185,24.720419822582784,45.59013683791833,61.67223772168662,0.6520502995580971,183.0233783475311,71.33361733158893,307.5483350753259,27.530581663703835,334.9411959320455,579.1324492393452,780.9526475934638,59741
M,MARRIED,DEU,TERTIARY,DENSE,OWNER_FREE,OTHER_INACTIVE,FAIR,Y,N,N,N,N,N,Y,Y,N,Y,Y,64.39706936162251,2.0,0.0,3.0,62.33843478860669,21.67467398112973,12.321496895516587,2.6428960003924438,9.296288477322044,54.48785871581082,72.97698807496026,3.0,3.0,7.0,2.7131338589095986,0.0,6.635498900140285,27.627763866017318,14.39364518189026,4.0,1141.4751431658142,22.451556737046406,1630.3661281369477,1882.6337607699388,53.04797557413683,18.100429933464977,5.924095391932141,25.271302845742376,148.6030806156936,310.95039875108324,50.278736277083105,74.30720583429456,689.206504611374,293.2462282491732,1.5795979392853128,307.91520955957077,19324
M,MARRIED,DEU,TERTIARY,THIN,TENANT_MARKET,EMPLOYED,VERY_GOOD,Y,N,N,N,Y,Y,N,N,N,Y,Y,14.670110043393786,6.0,1.0,4.0,75.67357312773161,13.56279381580423,74.2593485847589,2.4365988781179597,37.374824124685055,18.91233744822248,76.17693472625297,4.0,3.0,4.0,14.94142698769967,0.0,31.799014858624265,5.720257338222552,12.372737666686627,3.0,1173.3767540487477,810.9383981330718,114.14647271573249,1833.1796572206229,13.21820066937527,52.26668681556019,8.614111788701091,38.15354188140245,133.80352339519123,197.20878763381012,294.43891157370854,46.92218844432995,180.85573950516664,641.692924845804,188.21372212053797,475.6789469790856,78836
F,MARRIED,ITA,TERTIARY,THIN,OWNER_FREE,EMPLOYED,POOR,N,N,Y,N,Y,N,N,Y,Y,Y,N,35.26249385513988,0.0,5.0,1.0,121.95349092295915,16.390494048792263,42.304236731442195,22.666638168231493,28.674879466882704,73.79113521481553,21.040630914039347,1.0,6.0,5.0,8.780208405490264,2.0,23.33921868907482,36.20040228488123,4.546581415195605,6.0,390.98113285480395,670.4936805239447,769.0574997985402,1365.541350129183,30.972822648418887,3.9970589854062397,46.457478167706185,8.765741031660866,263.4365156771062,222.44939546064757,195.10206153314357,125.8051404115565,348.33343265272026,41.35483698247054,541.3561274497098,170.89486141612582,37145
F,MARRIED,DEU,LOWER_SEC,THIN,TENANT_REDUCED,OTHER_INACTIVE,FAIR,N,N,N,N,N,N,N,N,N,N,N,76.42374211825019,7.0,7.0,7.0,145.63803133330313,0.5735381411204734,7.8899208231151725,6.802211536149663,3.1371900447883014,1.1168341120709921,2.108680647291183,0.0,0.0,0.0,0.29268341413863697,1.0,36.15716456644714,35.927573349328014,14.108304295333253,7.0,1865.2883376401091,210.57143064682572,92.8260368670043,42.8953963753178,2.8409124265523276,1.0821835493025034,28.270220380658046,57.13661600060657,285.9190764870676,284.5814611815099,316.5399647068495,311.9408225220379,759.4128330501358,772.6114798171734,716.7369556885689,701.187895437625,19120
M,DIVORCED,DEU,PRIMARY,THIN,OWNER_FREE,EMPLOYED,POOR,Y,Y,N,N,N,Y,Y,N,Y,Y,N,47.110609232375815,4.0,7.0,1.0,29.719305908997956,3.3117746719718095,55.85262874750381,36.03785500441291,21.191932849019686,31.540257561302752,7.030665487288519,6.0,6.0,1.0,10.653643870683057,5.0,21.908424189690162,21.1684636672728,14.224060860111411,1.0,278.94916087079616,343.190194802219,1286.5408613587097,1225.9129404685084,28.329219939559906,25.094714077884916,30.95064807933727,11.482887740645843,73.53712171831653,269.7971963011172,92.48603420014973,121.1833250169547,462.02717262178504,443.9453959486264,784.2740297691439,173.68260110747525,97919
M,MARRIED,ESP,LOWER_SEC,THIN,OWNER_FREE,RETIRED,VERY_GOOD,Y,N,Y,N,N,Y,N,Y,Y,N,Y,51.11680395738463,1.0,3.0,2.0,55.893184310871426,4.762314284480427,31.264025192398318,16.100597125230692,14.896772878875549,62.94187283754751,67.11097553873326,5.0,5.0,1.0,6.526844187773603,3.0,25.538422159357165,6.940239801711499,6.975190594977825,2.0,522.5498680579866,368.8586782714212,993.2339898364896,595.455002557183,17.192870883694464,53.36478167603671,61.263351444241295,18.142453721356244,100.4767637314857,254.06733227986663,173.92589270326926,201.5121969690653,539.1513789008419,138.4558426505938,319.01029155275864,208.73493682981587,87209
M,MARRIED,ESP,LOWER_SEC,DENSE,TENANT_REDUCED,EMPLOYED,FAIR,Y,N,Y,N,Y,N,Y,N,Y,N,Y,26.77689371904115,5.0,2.0,5.0,42.694865502588435,6.064238214554989,51.115696018525405,21.69645544548751,30.517096151073705,23.445717663525024,75.74419900908148,2.0,5.0,2.0,10.267535249284348,3.0,10.733803115001542,28.186984706819878,4.397348618292852,5.0,681.6580439174026,585.833253948975,1408.8158063017327,662.6229560904717,42.40949479868234,21.500677892583916,53.36980699589604,44.377187413068775,111.21013957107883,226.23176637040754,117.36555261935862,220.96600404114355,268.9041748713369,535.992465924042,227.74433820114734,558.2257237089218,92140
F,MARRIED,DEU,PRIMARY,DENSE,OWNER_FREE,EMPLOYED,VERY_GOOD,N,N,N,N,Y,Y,Y,Y,N,N,N,8.691129393333505,3.0,6.0,0.0,157.33117228196517,10.502265858256521,65.11860104944058,0.11333888108738699,44.295638618141375,45.187724360759695,18.81624413413502,7.0,0.0,3.0,12.697771687369192,1.0,3.063822853254024,16.568840223486486,12.232115547709803,0.0,1796.2290634591716,867.2293729179162,1719.627185077813,242.58760052285436,57.09113799862525,37.96650099087955,19.01662710103609,6.362865968718938,294.14358986198033,195.2477946620317,45.245219279414705,317.3632234182377,44.46369220137548,332.27508748227336,651.5227291176,90.71700503329329,4502
F,WIDOWED,ESP,PRIMARY,THIN,TENANT_MARKET,EMPLOYED,VERY_GOOD,N,Y,Y,N,N,N,Y,Y,N,Y,Y,68.07842068415832,2.0,3.0,4.0,80.45601652791223,1.0065908455900667,60.356333771878845,54.276584395384475,8.979472209613185,52.565332227651226,61.369377767204355,3.0,3.0,0.0,12.503445402565436,7.0,33.66536738932449,11.428511486751237,6.369821626520204,4.0,1147.1959840061486,171.0098231816126,1595.0963358107615,1602.1631572025258,13.968273308185243,44.27086260645192,57.93805438473825,33.85626941437569,168.9865182567693,296.45134373602315,73.53784329645683,76.6874564416039,665.6333400104972,239.48942300065124,390.67658053577685,435.78649889014304,78497
F,WIDOWED,ESP,LOWER_SEC,DENSE,OWNER_FREE,RETIRED,POOR,N,Y,Y,N,Y,Y,N,N,N,Y,Y,11.62597755907499,6.0,2.0,3.0,88.1155732298067,9.021735152548413,7.731029298749756,51.51459640065849,36.53538326702399,15.792999476565054,84.08070447560635,4.0,3.0,3.0,0.0539975341158766,7.0,8.746485784929215,31.923836210233485,4.563153267718468,3.0,1240.475633300891,923.9961573698407,244.08635527360713,1658.4678018855393,50.2000736420107,9.099928604660695,51.15902011264481,26.247509145731833,196.93937649495766,175.3560588956868,318.46397590931474,71.48098855045193,122.0744845567786,671.607463326035,248.4712959642573,367.42700070846956,41962
M,DIVORCED,DEU,PRIMARY,DENSE,TENANT_MARKET,RETIRED,VERY_GOOD,Y,Y,N,N,Y,N,N,Y,Y,Y,N,35.39192345929848,0.0,6.0,6.0,22.800153692907752,7.665360188836169,33.60845292867198,38.07430703843547,25.41231519214789,77.70492760227492,25.248022533895664,1.0,6.0,2.0,6.900425377568855,5.0,15.335157965190898,0.38613293227346324,12.642818565000667,6.0,440.9139195916401,727.2954284444763,769.612451591383,1154.100115819454,34.62053808306047,62.696948875600576,22.16378410876131,53.48288229242571,60.70393287765521,229.02808125730405,169.62891890128498,132.15494858075877,363.1221084544335,20.385592955013397,689.6758486592868,667.1413595227175,40488
M,WIDOWED,ITA,PRIMARY,THIN,TENANT_MARKET,RETIRED,POOR,N,N,N,Y,Y,Y,Y,Y,Y,Y,Y,71.61943800783095,7.0,4.0,0.0,12.45192735232471,1.359807088199883,7.713008631595607,12.895220022603233,46.47302394288136,78.89159289033579,65.91623721059443,0.0,0.0,7.0,14.705501675237443,7.0,38.58239668630909,35.449469684449404,8.332435474870884,0.0,196.39543300568488,166.44077575725765,230.93269724807533,284.5044383989037,62.05786081763041,62.86808085677345,61.172556125115136,58.321074330802844,294.6044126837793,13.54487367895581,20.99274157419339,51.3658067971708,711.4125617648174,721.4789717312634,405.149095932328,6.522002461186882,65848
F,MARRIED,ITA,PRIMARY,THIN,OWNER_FREE,EMPLOYED,FAIR,Y,Y,N,Y,Y,N,N,Y,N,N,Y,44.99249591697079,4.0,4.0,6.0,124.29180345320796,4.751953027461417,58.25426104758131,44.54238174105687,24.463885705075466,48.20478829112609,64.1160825241528,6.0,6.0,6.0,4.621871780501364,3.0,22.374213146956215,23.523580756688666,8.809680786951734,6.0,1554.163937150303,457.0054010406696,1436.5674828081915,1404.3601533944677,35.39672048791226,36.5744344082967,60.553105885632384,14.22174315373239,43.90538485747187,70.7373177049276,205.02182231670793,213.61310682921297,489.31949693208793,418.90554247997903,423.64158890657853,625.9812931268494,90257
F,WIDOWED,DEU,PRIMARY,THIN,OWNER_FREE,OTHER_INACTIVE,VERY_GOOD,Y,N,Y,Y,Y,N,Y,N,N,Y,N,57.20461674651999,1.0,0.0,5.0,116.70081197473357,4.108311842551928,31.160858146603772,27.19198239518982,32.47122525590001,12.559292369928377,5.637689444966848,5.0,5.0,6.0,8.279783845532284,5.0,26.47949563485107,8.019844405768414,0.9758174276622723,5.0,1343.2578601585844,425.84980105193523,855.2099473460328,998.7285610664334,41.18384613912907,13.52124042748186,24.511180507180963,16.239559405629752,86.45978512437185,73.23708830005657,158.25942997471765,127.03625363122036,548.3651437355841,119.26559183636675,30.356975816549543,583.1327924623142,16183
F,DIVORCED,DEU,PRIMARY,DENSE,TENANT_REDUCED,EMPLOYED,POOR,Y,N,Y,Y,N,Y,N,Y,N,Y,N,21.1074077289722,5.0,1.0,2.0,107.31013233995854,7.659036461383915,53.30059039303894,26.8727076758601,13.806986589458552,57.57478577421369,23.31668831305921,2.0,5.0,5.0,4.203554935098061,5.0,12.5976190404155,26.149085414993586,2.0953890350526976,2.0,1270.2374583663225,690.0009871521628,1255.5734853207964,899.2924743523865,19.676658096718544,45.458284386137706,20.534879043896247,46.10419736810316,104.73819222672799,102.36045197898923,230.58452575977643,140.22106507068892,218.15249759075812,586.487007455538,144.44417574718028,244.6279081363465,35842
M,WIDOWED,ITA,LOWER_SEC,DENSE,OWNER_FREE,EMPLOYED,VERY_GOOD,N,N,N,Y,N,N,N,N,Y,Y,Y,1.1593439145068019,3.0,5.0,7.0,16.80025435672829,10.838300460160749,67.60352079288428,10.465478545407214,4.191579416691231,33.625297109284055,82.4138785489222,7.0,0.0,4.0,2.1371314886318546,7.0,1.5174983239304085,18.877448572134163,10.1692557126856,7.0,180.34491467376122,773.8603908680819,1736.6393612842635,432.3048506810146,1.2277114941774974,25.885682304211446,50.37866803391523,6.39503853659019,304.1091862456802,140.3878502432538,259.79069953878076,75.10899348474399,32.410477918157774,365.2732718261216,542.8620175452103,773.4770720473347,92606
M,MARRIED,DEU,PRIMARY,THIN,TENANT_MARKET,EMPLOYED,VERY_GOOD,N,Y,Y,Y,Y,Y,N,N,Y,N,N,61.85606910194281,2.0,0.0,3.0,75.63291253246872,1.003744874984532,68.56840462850637,59.79726911321986,37.9540010430169,28.0624657258481,6.910627180789845,3.0,3.0,7.0,2.9759384059980136,1.0,31.7543481641031,11.301588185053951,0.8648277144290005,3.0,811.4362973916366,31.9970960190208,1563.9576430073148,1985.426765812081,54.27993524565627,22.529904818832783,27.69399777403318,32.32549615037683,192.88631291907507,36.66768305412692,258.55377068280455,299.40839092830737,693.4068093319922,261.2687488792693,4.005118087014683,347.5644319480203,75232
M,MARRIED,DEU,PRIMARY,DENSE,OWNER_FREE,RETIRED,POOR,N,Y,Y,Y,N,N,Y,Y,Y,N,N,11.450892357456597,6.0,1.0,4.0,62.13576475787603,10.418705630709452,3.3631478604034695,59.66218875958391,8.455184787342006,68.26231034657079,21.06991478449541,4.0,3.0,4.0,14.230535926706636,1.0,7.034668765143548,32.649672759320296,2.4898114621148224,4.0,958.4897723014783,939.998030005994,162.5709630096595,1830.9300572785983,8.099628170439702,51.30387171760432,20.848103166939396,26.63925739629206,189.2930630738091,151.71326618197264,12.225906469579764,303.536631428114,125.39341718387904,689.1350785931514,174.24976469959745,449.46979814562553,62690
F,MARRIED,ITA,LOWER_SEC,DENSE,TENANT_REDUCED,OTHER_INACTIVE,VERY_GOOD,Y,Y,N,Y,N,Y,Y,N,N,N,Y,35.06246588610742,0.0,5.0,1.0,123.2216221677109,6.847340523175154,36.13980807154438,45.35556797944595,18.10978484204952,0.3520822006203883,84.53624734802693,1.0,6.0,5.0,8.741908658690495,3.0,17.352323510625947,0.4632767193375358,10.249969058363801,1.0,1659.9370304846889,533.2480408815369,969.8484151344115,1312.2352478016037,30.6286377717053,5.993662758477577,53.741459687348645,52.18955233736082,45.929992132574625,104.4966156186988,151.48288915474308,238.89633431966956,367.4096544741639,54.27234610454313,575.2167413012136,175.57783544376235,82717
M,DIVORCED,ITA,LOWER_SEC,THIN,TENANT_REDUCED,OTHER_INACTIVE,POOR,N,N,N,N,N,N,N,N,N,UNK,N,-1.0,-1.0,-1.0,-1.0,-1.0,-1.0,-1.0,-1.0,-1.0,-1.0,-1.0,-1.0,-1.0,-1.0,-1.0,-1.0,-1.0,-1.0,-1.0,-1.0,-1.0,-1.0,-1.0,-1.0,-1.0,-1.0,-1.0,-1.0,-1.0,-1.0,-1.0,-1.0,-1.0,-1.0,-1.0,-1.0,18276
M,WIDOWED,ITA,PRIMARY,THIN,TENANT_MARKET,OTHER_INACTIVE,FAIR,N,N,N,N,N,N,N,N,N,UNK,N,-1.0,-1.0,-1.0,-1.0,-1.0,-1.0,-1.0,-1.0,-1.0,-1.0,-1.0,-1.0,-1.0,-1.0,-1.0,-1.0,-1.0,-1.0,-1.0,-1.0,-1.0,-1.0,-1.0,-1.0,-1.0,-1.0,-1.0,-1.0,-1.0,-1.0,-1.0,-1.0,-1.0,-1.0,-1.0,-1.0,2842
M,WIDOWED,ITA,PRIMARY,THIN,TENANT_MARKET,RETIRED,POOR,N,N,N,N,N,N,N,N,N,UNK,N,-1.0,-1.0,-1.0,-1.0,-1.0,-1.0,-1.0,-1.0,-1.0,-1.0,-1.0,-1.0,-1.0,-1.0,-1.0,-1.0,-1.0,-1.0,-1.0,-1.0,-1.0,-1.0,-1.0,-1.0,-1.0,-1.0,-1.0,-1.0,-1.0,-1.0,-1.0,-1.0,-1.0,-1.0,-1.0,-1.0,79668
M,DIVORCED,ITA,PRIMARY,THIN,TENANT_REDUCED,OTHER_INACTIVE,FAIR,N,N,N,N,N,N,N,N,N,UNK,N,-1.0,-1.0,-1.0,-1.0,-1.0,-1.0,-1.0,-1.0,-1.0,-1.0,-1.0,-1.0,-1.0,-1.0,-1.0,-1.0,-1.0,-1.0,-1.0,-1.0,-1.0,-1.0,-1.0,-1.0,-1.0,-1.0,-1.0,-1.0,-1.0,-1.0,-1.0,-1.0,-1.0,-1.0,-1.0,-1.0,48440
M,DIVORCED,ITA,PRIMARY,THIN,TENANT_REDUCED,RETIRED,FAIR,N,N,N,N,N,N,N,N,N,UNK,N,-1.0,-1.0,-1.0,-1.0,-1.0,-1.0,-1.0,-1.0,-1.0,-1.0,-1.0,-1.0,-1.0,-1.0,-1.0,-1.0,-1.0,-1.0,-1.0,-1.0,-1.0,-1.0,-1.0,-1.0,-1.0,-1.0,-1.0,-1.0,-1.0,-1.0,-1.0,-1.0,-1.0,-1.0,-1.0,-1.0,92813
M,DIVORCED,ESP,PRIMARY,THIN,TENANT_REDUCED,RETIRED,POOR,N,N,N,N,N,N,N,N,N,NA,N,-1.0,-1.0,-1.0,-1.0,-1.0,-1.0,-1.0,-1.0,-1.0,-1.0,-1.0,-1.0,-1.0,-1.0,-1.0,-1.0,-1.0,-1.0,-1.0,-1.0,-1.0,-1.0,-1.0,-1.0,-1.0,-1.0,-1.0,-1.0,-1.0,-1.0,-1.0,-1.0,-1.0,-1.0,-1.0,-1.0,93312
M,WIDOWED,ITA,PRIMARY,THIN,TENANT_MARKET,RETIRED,POOR,N,N,N,N,N,N,N,N,N,NA,N,-1.0,-1.0,-1.0,-1.0,-1.0,-1.0,-1.0,-1.0,-1.0,-1.0,-1.0,-1.0,-1.0,-1.0,-1.0,-1.0,-1.0,-1.0,-1.0,-1.0,-1.0,-1.0,-1.0,-1.0,-1.0,-1.0,-1.0,-1.0,-1.0,-1.0,-1.0,-1.0,-1.0,-1.0,-1.0,-1.0,96131
M,DIVORCED,ESP,LOWER_SEC,THIN,TENANT_REDUCED,RETIRED,POOR,N,N,N,N,N,N,N,N,N,UNK,N,-1.0,-1.0,-1.0,-1.0,-1.0,-1.0,-1.0,-1.0,-1.0,-1.0,-1.0,-1.0,-1.0,-1.0,-1.0,-1.0,-1.0,-1.0,-1.0,-1.0,-1.0,-1.0,-1.0,-1.0,-1.0,-1.0,-1.0,-1.0,-1.0,-1.0,-1.0,-1.0,-1.0,-1.0,-1.0,-1.0,58548
M,DIVORCED,ESP,PRIMARY,THIN,TENANT_REDUCED,OTHER_INACTIVE,POOR,N,N,N,N,N,N,N,N,N,UNK,N,-1.0,-1.0,-1.0,-1.0,-1.0,-1.0,-1.0,-1.0,-1.0,-1.0,-1.0,-1.0,-1.0,-1.0,-1.0,-1.0,-1.0,-1.0,-1.0,-1.0,-1.0,-1.0,-1.0,-1.0,-1.0,-1.0,-1.0,-1.0,-1.0,-1.0,-1.0,-1.0,-1.0,-1.0,-1.0,-1.0,48343
M,WIDOWED,ESP,LOWER_SEC,THIN,TENANT_REDUCED,OTHER_INACTIVE,FAIR,N,N,N,N,N,N,N,N,N,NA,N,-1.0,-1.0,-1.0,-1.0,-1.0,-1.0,-1.0,-1.0,-1.0,-1.0,-1.0,-1.0,-1.0,-1.0,-1.0,-1.0,-1.0,-1.0,-1.0,-1.0,-1.0,-1.0,-1.0,-1.0,-1.0,-1.0,-1.0,-1.0,-1.0,-1.0,-1.0,-1.0,-1.0,-1.0,-1.0,-1.0,19867
M,DIVORCED,ITA,LOWER_SEC,THIN,TENANT_REDUCED,OTHER_INACTIVE,FAIR,N,N,N,N,N,N,N,N,N,NA,N,-1.0,-1.0,-1.0,-1.0,-1.0,-1.0,-1.0,-1.0,-1.0,-1.0,-1.0,-1.0,-1.0,-1.0,-1.0,-1.0,-1.0,-1.0,-1.0,-1.0,-1.0,-1.0,-1.0,-1.0,-1.0,-1.0,-1.0,-1.0,-1.0,-1.0,-1.0,-1.0,-1.0,-1.0,-1.0,-1.0,58786
M,DIVORCED,ESP,LOWER_SEC,THIN,TENANT_MARKET,RETIRED,FAIR,N,N,N,N,N,N,N,N,N,UNK,N,-1.0,-1.0,-1.0,-1.0,-1.0,-1.0,-1.0,-1.0,-1.0,-1.0,-1.0,-1.0,-1.0,-1.0,-1.0,-1.0,-1.0,-1.0,-1.0,-1.0,-1.0,-1.0,-1.0,-1.0,-1.0,-1.0,-1.0,-1.0,-1.0,-1.0,-1.0,-1.0,-1.0,-1.0,-1.0,-1.0,99086
M,DIVORCED,ESP,PRIMARY,THIN,TENANT_REDUCED,RETIRED,FAIR,N,N,N,N,N,N,N,N,N,NA,N,-1.0,-1.0,-1.0,-1.0,-1.0,-1.0,-1.0,-1.0,-1.0,-1.0,-1.0,-1.0,-1.0,-1.0,-1.0,-1.0,-1.0,-1.0,-1.0,-1.0,-1.0,-1.0,-1.0,-1.0,-1.0,-1.0,-1.0,-1.0,-1.0,-1.0,-1.0,-1.0,-1.0,-1.0,-1.0,-1.0,27890
M,DIVORCED,ESP,PRIMARY,THIN,TENANT_REDUCED,RETIRED,FAIR,N,N,N,N,N,N,N,N,N,NA,N,-1.0,-1.0,-1.0,-1.0,-1.0,-1.0,-1.0,-1.0,-1.0,-1.0,-1.0,-1.0,-1.0,-1.0,-1.0,-1.0,-1.0,-1.0,-1.0,-1.0,-1.0,-1.0,-1.0,-1.0,-1.0,-1.0,-1.0,-1.0,-1.0,-1.0,-1.0,-1.0,-1.0,-1.0,-1.0,-1.0,79085
M,DIVORCED,ITA,LOWER_SEC,THIN,TENANT_REDUCED,RETIRED,FAIR,N,N,N,N,N,N,N,N,N,NA,N,-1.0,-1.0,-1.0,-1.0,-1.0,-1.0,-1.0,-1.0,-1.0,-1.0,-1.0,-1.0,-1.0,-1.0,-1.0,-1.0,-1.0,-1.0,-1.0,-1.0,-1.0,-1.0,-1.0,-1.0,-1.0,-1.0,-1.0,-1.0,-1.0,-1.0,-1.0,-1.0,-1.0,-1.0,-1.0,-1.0,40620
M,DIVORCED,ITA,PRIMARY,THIN,TENANT_REDUCED,OTHER_INACTIVE,POOR,N,N,N,N,N,N,N,N,N,NA,N,-1.0,-1.0,-1.0,-1.0,-1.0,-1.0,-1.0,-1.0,-1.0,-1.0,-1.0,-1.0,-1.0,-1.0,-1.0,-1.0,-1.0,-1.0,-1.0,-1.0,-1.0,-1.0,-1.0,-1.0,-1.0,-1.0,-1.0,-1.0,-1.0,-1.0,-1.0,-1.0,-1.0,-1.0,-1.0,-1.0,81170
M,DIVORCED,ESP,LOWER_SEC,THIN,TENANT_REDUCED,OTHER_INACTIVE,FAIR,N,N,N,N,N,N,N,N,N,UNK,N,-1.0,-1.0,-1.0,-1.0,-1.0,-1.0,-1.0,-1.0,-1.0,-1.0,-1.0,-1.0,-1.0,-1.0,-1.0,-1.0,-1.0,-1.0,-1.0,-1.0,-1.0,-1.0,-1.0,-1.0,-1.0,-1.0,-1.0,-1.0,-1.0,-1.0,-1.0,-1.0,-1.0,-1.0,-1.0,-1.0,38990
M,DIVORCED,ESP,LOWER_SEC,THIN,TENANT_REDUCED,RETIRED,FAIR,N,N,N,N,N,N,N,N,N,UNK,N,-1.0,-1.0,-1.0,-1.0,-1.0,-1.0,-1.0,-1.0,-1.0,-1.0,-1.0,-1.0,-1.0,-1.0,-1.0,-1.0,-1.0,-1.0,-1.0,-1.0,-1.0,-1.0,-1.0,-1.0,-1.0,-1.0,-1.0,-1.0,-1.0,-1.0,-1.0,-1.0,-1.0,-1.0,-1.0,-1.0,92128
M,DIVORCED,ITA,LOWER_SEC,THIN,TENANT_REDUCED,OTHER_INACTIVE,FAIR,N,N,N,N,N,N,N,N,N,UNK,N,-1.0,-1.0,-1.0,-1.0,-1.0,-1.0,-1.0,-1.0,-1.0,-1.0,-1.0,-1.0,-1.0,-1.0,-1.0,-1.0,-1.0,-1.0,-1.0,-1.0,-1.0,-1.0,-1.0,-1.0,-1.0,-1.0,-1.0,-1.0,-1.0,-1.0,-1.0,-1.0,-1.0,-1.0,-1.0,-1.0,94224
M,DIVORCED,ESP,LOWER_SEC,THIN,TENANT_MARKET,RETIRED,POOR,N,N,N,N,N,N,N,N,N,UNK,N,-1.0,-1.0,-1.0,-1.0,-1.0,-1.0,-1.0,-1.0,-1.0,-1.0,-1.0,-1.0,-1.0,-1.0,-1.0,-1.0,-1.0,-1.0,-1.0,-1.0,-1.0,-1.0,-1.0,-1.0,-1.0,-1.0,-1.0,-1.0,-1.0,-1.0,-1.0,-1.0,-1.0,-1.0,-1.0,-1.0,61929
M,WIDOWED,ESP,LOWER_SEC,THIN,TENANT_REDUCED,OTHER_INACTIVE,FAIR,N,N,N,N,N,N,N,N,N,UNK,N,-1.0,-1.0,-1.0,-1.0,-1.0,-1.0,-1.0,-1.0,-1.0,-1.0,-1.0,-1.0,-1.0,-1.0,-1.0,-1.0,-1.0,-1.0,-1.0,-1.0,-1.0,-1.0,-1.0,-1.0,-1.0,-1.0,-1.0,-1.0,-1.0,-1.0,-1.0,-1.0,-1.0,-1.0,-1.0,-1.0,78926
M,DIVORCED,ESP,PRIMARY,THIN,TENANT_REDUCED,RETIRED,FAIR,N,N,N,N,N,N,N,N,N,NA,N,-1.0,-1.0,-1.0,-1.0,-1.0,-1.0,-1.0,-1.0,-1.0,-1.0,-1.0,-1.0,-1.0,-1.0,-1.0,-1.0,-1.0,-1.0,-1.0,-1.0,-1.0,-1.0,-1.0,-1.0,-1.0,-1.0,-1.0,-1.0,-1.0,-1.0,-1.0,-1.0,-1.0,-1.0,-1.0,-1.0,68101
M,DIVORCED,ESP,LOWER_SEC,THIN,TENANT_REDUCED,OTHER_INACTIVE,FAIR,N,N,N,N,N,N,N,N,N,UNK,N,-1.0,-1.0,-1.0,-1.0,-1.0,-1.0,-1.0,-1.0,-1.0,-1.0,-1.0,-1.0,-1.0,-1.0,-1.0,-1.0,-1.0,-1.0,-1.0,-1.0,-1.0,-1.0,-1.0,-1.0,-1.0,-1.0,-1.0,-1.0,-1.0,-1.0,-1.0,-1.0,-1.0,-1.0,-1.0,-1.0,90957
M,DIVORCED,ITA,PRIMARY,THIN,TENANT_MARKET,OTHER_INACTIVE,FAIR,N,N,N,N,N,N,N,N,N,NA,N,-1.0,-1.0,-1.0,-1.0,-1.0,-1.0,-1.0,-1.0,-1.0,-1.0,-1.0,-1.0,-1.0,-1.0,-1.0,-1.0,-1.0,-1.0,-1.0,-1.0,-1.0,-1.0,-1.0,-1.0,-1.0,-1.0,-1.0,-1.0,-1.0,-1.0,-1.0,-1.0,-1.0,-1.0,-1.0,-1.0,24342
M,DIVORCED,ESP,PRIMARY,THIN,TENANT_REDUCED,OTHER_INACTIVE,POOR,N,N,N,N,N,N,N,N,N,NA,N,-1.0,-1.0,-1.0,-1.0,-1.0,-1.0,-1.0,-1.0,-1.0,-1.0,-1.0,-1.0,-1.0,-1.0,-1.0,-1.0,-1.0,-1.0,-1.0,-1.0,-1.0,-1.0,-1.0,-1.0,-1.0,-1.0,-1.0,-1.0,-1.0,-1.0,-1.0,-1.0,-1.0,-1.0,-1.0,-1.0,4132
M,WIDOWED,ESP,LOWER_SEC,THIN,TENANT_REDUCED,OTHER_INACTIVE,FAIR,N,N,N,N,N,N,N,N,N,UNK,N,-1.0,-1.0,-1.0,-1.0,-1.0,-1.0,-1.0,-1.0,-1.0,-1.0,-1.0,-1.0,-1.0,-1.0,-1.0,-1.0,-1.0,-1.0,-1.0,-1.0,-1.0,-1.0,-1.0,-1.0,-1.0,-1.0,-1.0,-1.0,-1.0,-1.0,-1.0,-1.0,-1.0,-1.0,-1.0,-1.0,10875
M,DIVORCED,ESP,PRIMARY,THIN,TENANT_MARKET,OTHER_INACTIVE,FAIR,N,N,N,N,N,N,N,N,N,UNK,N,-1.0,-1.0,-1.0,-1.0,-1.0,-1.0,-1.0,-1.0,-1.0,-1.0,-1.0,-1.0,-1.0,-1.0,-1.0,-1.0,-1.0,-1.0,-1.0,-1.0,-1.0,-1.0,-1.0,-1.0,-1.0,-1.0,-1.0,-1.0,-1.0,-1.0,-1.0,-1.0,-1.0,-1.0,-1.0,-1.0,65808
M,WIDOWED,ESP,PRIMARY,THIN,TENANT_REDUCED,RETIRED,POOR,N,N,N,N,N,N,N,N,N,NA,N,-1.0,-1.0,-1.0,-1.0,-1.0,-1.0,-1.0,-1.0,-1.0,-1.0,-1.0,-1.0,-1.0,-1.0,-1.0,-1.0,-1.0,-1.0,-1.0,-1.0,-1.0,-1.0,-1.0,-1.0,-1.0,-1.0,-1.0,-1.0,-1.0,-1.0,-1.0,-1.0,-1.0,-1.0,-1.0,-1.0,26100
M,WIDOWED,ITA,LOWER_SEC,THIN,TENANT_MARKET,OTHER_INACTIVE,FAIR,N,N,N,N,N,N,N,N,N,NA,N,-1.0,-1.0,-1.0,-1.0,-1.0,-1.0,-1.0,-1.0,-1.0,-1.0,-1.0,-1.0,-1.0,-1.0,-1.0,-1.0,-1.0,-1.0,-1.0,-1.0,-1.0,-1.0,-1.0,-1.0,-1.0,-1.0,-1.0,-1.0,-1.0,-1.0,-1.0,-1.0,-1.0,-1.0,-1.0,-1.0,17302
M,WIDOWED,ESP,PRIMARY,THIN,TENANT_MARKET,OTHER_INACTIVE,FAIR,N,N,N,N,N,N,N,N,N,UNK,N,-1.0,-1.0,-1.0,-1.0,-1.0,-1.0,-1.0,-1.0,-1.0,-1.0,-1.0,-1.0,-1.0,-1.0,-1.0,-1.0,-1.0,-1.0,-1.0,-1.0,-1.0,-1.0,-1.0,-1.0,-1.0,-1.0,-1.0,-1.0,-1.0,-1.0,-1.0,-1.0,-1.0,-1.0,-1.0,-1.0,62211
M,DIVORCED,ITA,LOWER_SEC,THIN,TENANT_MARKET,RETIRED,FAIR,N,N,N,N,N,N,N,N,N,NA,N,-1.0,-1.0,-1.0,-1.0,-1.0,-1.0,-1.0,-1.0,-1.0,-1.0,-1.0,-1.0,-1.0,-1.0,-1.0,-1.0,-1.0,-1.0,-1.0,-1.0,-1.0,-1.0,-1.0,-1.0,-1.0,-1.0,-1.0,-1.0,-1.0,-1.0,-1.0,-1.0,-1.0,-1.0,-1.0,-1.0,26536
M,WIDOWED,ITA,PRIMARY,THIN,TENANT_REDUCED,RETIRED,FAIR,N,N,N,N,N,N,N,N,N,NA,N,-1.0,-1.0,-1.0,-1.0,-1.0,-1.0,-1.0,-1.0,-1.0,-1.0,-1.0,-1.0,-1.0,-1.0,-1.0,-1.0,-1.0,-1.0,-1.0,-1.0,-1.0,-1.0,-1.0,-1.0,-1.0,-1.0,-1.0,-1.0,-1.0,-1.0,-1.0,-1.0,-1.0,-1.0,-1.0,-1.0,62689
M,DIVORCED,ITA,LOWER_SEC,THIN,TENANT_MARKET,RETIRED,FAIR,N,N,N,N,N,N,N,N,N,UNK,N,-1.0,-1.0,-1.0,-1.0,-1.0,-1.0,-1.0,-1.0,-1.0,-1.0,-1.0,-1.0,-1.0,-1.0,-1.0,-1.0,-1.0,-1.0,-1.0,-1.0,-1.0,-1.0,-1.0,-1.0,-1.0,-1.0,-1.0,-1.0,-1.0,-1.0,-1.0,-1.0,-1.0,-1.0,-1.0,-1.0,7822
M,DIVORCED,ESP,PRIMARY,THIN,TENANT_MARKET,OTHER_INACTIVE,POOR,N,N,N,N,N,N,N,N,N,NA,N,-1.0,-1.0,-1.0,-1.0,-1.0,-1.0,-1.0,-1.0,-1.0,-1.0,-1.0,-1.0,-1.0,-1.0,-1.0,-1.0,-1.0,-1.0,-1.0,-1.0,-1.0,-1.0,-1.0,-1.0,-1.0,-1.0,-1.0,-1.0,-1.0,-1.0,-1.0,-1.0,-1.0,-1.0,-1.0,-1.0,78620
M,WIDOWED,ITA,LOWER_SEC,THIN,TENANT_MARKET,OTHER_INACTIVE,POOR,N,N,N,N,N,N,N,N,N,UNK,N,-1.0,-1.0,-1.0,-1.0,-1.0,-1.0,-1.0,-1.0,-1.0,-1.0,-1.0,-1.0,-1.0,-1.0,-1.0,-1.0,-1.0,-1.0,-1.0,-1.0,-1.0,-1.0,-1.0,-1.0,-1.0,-1.0,-1.0,-1.0,-1.0,-1.0,-1.0,-1.0,-1.0,-1.0,-1.0,-1.0,61516
M,DIVORCED,ESP,PRIMARY,THIN,TENANT_REDUCED,OTHER_INACTIVE,POOR,N,N,N,N,N,N,N,N,N,UNK,N,-1.0,-1.0,-1.0,-1.0,-1.0,-1.0,-1.0,-1.0,-1.0,-1.0,-1.0,-1.0,-1.0,-1.0,-1.0,-1.0,-1.0,-1.0,-1.0,-1.0,-1.0,-1.0,-1.0,-1.0,-1.0,-1.0,-1.0,-1.0,-1.0,-1.0,-1.0,-1.0,-1.0,-1.0,-1.0,-1.0,36507
M,WIDOWED,ITA,LOWER_SEC,THIN,TENANT_MARKET,OTHER_INACTIVE,POOR,N,N,N,N,N,N,N,N,N,UNK,N,-1.0,-1.0,-1.0,-1.0,-1.0,-1.0,-1.0,-1.0,-1.0,-1.0,-1.0,-1.0,-1.0,-1.0,-1.0,-1.0,-1.0,-1.0,-1.0,-1.0,-1.0,-1.0,-1.0,-1.0,-1.0,-1.0,-1.0,-1.0,-1.0,-1.0,-1.0,-1.0,-1.0,-1.0,-1.0,-1.0,32196
M,WIDOWED,ESP,PRIMARY,THIN,TENANT_MARKET,OTHER_INACTIVE,FAIR,N,N,N,N,N,N,N,N,N,UNK,N,-1.0,-1.0,-1.0,-1.0,-1.0,-1.0,-1.0,-1.0,-1.0,-1.0,-1.0,-1.0,-1.0,-1.0,-1.0,-1.0,-1.0,-1.0,-1.0,-1.0,-1.0,-1.0,-1.0,-1.0,-1.0,-1.0,-1.0,-1.0,-1.0,-1.0,-1.0,-1.0,-1.0,-1.0,-1.0,-1.0,66994
M,DIVORCED,ESP,LOWER_SEC,THIN,TENANT_REDUCED,RETIRED,POOR,N,N,N,N,N,N,N,N,N,NA,N,-1.0,-1.0,-1.0,-1.0,-1.0,-1.0,-1.0,-1.0,-1.0,-1.0,-1.0,-1.0,-1.0,-1.0,-1.0,-1.0,-1.0,-1.0,-1.0,-1.0,-1.0,-1.0,-1.0,-1.0,-1.0,-1.0,-1.0,-1.0,-1.0,-1.0,-1.0,-1.0,-1.0,-1.0,-1.0,-1.0,36354
M,WIDOWED,ITA,LOWER_SEC,THIN,TENANT_MARKET,RETIRED,FAIR,N,N,N,N,N,N,N,N,N,UNK,N,-1.0,-1.0,-1.0,-1.0,-1.0,-1.0,-1.0,-1.0,-1.0,-1.0,-1.0,-1.0,-1.0,-1.0,-1.0,-1.0,-1.0,-1.0,-1.0,-1.0,-1.0,-1.0,-1.0,-1.0,-1.0,-1.0,-1.0,-1.0,-1.0,-1.0,-1.0,-1.0,-1.0,-1.0,-1.0,-1.0,30981
M,DIVORCED,ESP,LOWER_SEC,THIN,TENANT_REDUCED,RETIRED,FAIR,N,N,N,N,N,N,N,N,N,NA,N,-1.0,-1.0,-1.0,-1.0,-1.0,-1.0,-1.0,-1.0,-1.0,-1.0,-1.0,-1.0,-1.0,-1.0,-1.0,-1.0,-1.0,-1.0,-1.0,-1.0,-1.0,-1.0,-1.0,-1.0,-1.0,-1.0,-1.0,-1.0,-1.0,-1.0,-1.0,-1.0,-1.0,-1.0,-1.0,-1.0,79903
M,DIVORCED,ITA,PRIMARY,THIN,TENANT_MARKET,RETIRED,POOR,N,N,N,N,N,N,N,N,N,UNK,N,-1.0,-1.0,-1.0,-1.0,-1.0,-1.0,-1.0,-1.0,-1.0,-1.0,-1.0,-1.0,-1.0,-1.0,-1.0,-1.0,-1.0,-1.0,-1.0,-1.0,-1.0,-1.0,-1.0,-1.0,-1.0,-1.0,-1.0,-1.0,-1.0,-1.0,-1.0,-1.0,-1.0,-1.0,-1.0,-1.0,96884
M,WIDOWED,ITA,PRIMARY,THIN,TENANT_REDUCED,OTHER_INACTIVE,POOR,N,N,N,N,N,N,N,N,N,UNK,N,-1.0,-1.0,-1.0,-1.0,-1.0,-1.0,-1.0,-1.0,-1.0,-1.0,-1.0,-1.0,-1.0,-1.0,-1.0,-1.0,-1.0,-1.0,-1.0,-1.0,-1.0,-1.0,-1.0,-1.0,-1.0,-1.0,-1.0,-1.0,-1.0,-1.0,-1.0,-1.0,-1.0,-1.0,-1.0,-1.0,52954
M,DIVORCED,ESP,PRIMARY,THIN,TENANT_REDUCED,RETIRED,POOR,N,N,N,N,N,N,N,N,N,UNK,N,-1.0,-1.0,-1.0,-1.0,-1.0,-1.0,-1.0,-1.0,-1.0,-1.0,-1.0,-1.0,-1.0,-1.0,-1.0,-1.0,-1.0,-1.0,-1.0,-1.0,-1.0,-1.0,-1.0,-1.0,-1.0,-1.0,-1.0,-1.0,-1.0,-1.0,-1.0,-1.0,-1.0,-1.0,-1.0,-1.0,49935
M,WIDOWED,ESP,PRIMARY,THIN,TENANT_MARKET,OTHER_INACTIVE,POOR,N,N,N,N,N,N,N,N,N,NA,N,-1.0,-1.0,-1.0,-1.0,-1.0,-1.0,-1.0,-1.0,-1.0,-1.0,-1.0,-1.0,-1.0,-1.0,-1.0,-1.0,-1.0,-1.0,-1.0,-1.0,-1.0,-1.0,-1.0,-1.0,-1.0,-1.0,-1.0,-1.0,-1.0,-1.0,-1.0,-1.0,-1.0,-1.0,-1.0,-1.0,49997
M,DIVORCED,ITA,LOWER_SEC,THIN,TENANT_MARKET,RETIRED,POOR,N,N,N,N,N,N,N,N,N,NA,N,-1.0,-1.0,-1.0,-1.0,-1.0,-1.0,-1.0,-1.0,-1.0,-1.0,-1.0,-1.0,-1.0,-1.0,-1.0,-1.0,-1.0,-1.0,-1.0,-1.0,-1.0,-1.0,-1.0,-1.0,-1.0,-1.0,-1.0,-1.0,-1.0,-1.0,-1.0,-1.0,-1.0,-1.0,-1.0,-1.0,40842
M,DIVORCED,ITA,LOWER_SEC,THIN,TENANT_MARKET,OTHER_INACTIVE,POOR,N,N,N,N,N,N,N,N,N,NA,N,-1.0,-1.0,-1.0,-1.0,-1.0,-1.0,-1.0,-1.0,-1.0,-1.0,-1.0,-1.0,-1.0,-1.0,-1.0,-1.0,-1.0,-1.0,-1.0,-1.0,-1.0,-1.0,-1.0,-1.0,-1.0,-1.0,-1.0,-1.0,-1.0,-1.0,-1.0,-1.0,-1.0,-1.0,-1.0,-1.0,60626
M,DIVORCED,ITA,LOWER_SEC,THIN,TENANT_MARKET,OTHER_INACTIVE,FAIR,N,N,N,N,N,N,N,N,N,NA,N,-1.0,-1.0,-1.0,-1.0,-1.0,-1.0,-1.0,-1.0,-1.0,-1.0,-1.0,-1.0,-1.0,-1.0,-1.0,-1.0,-1.0,-1.0,-1.0,-1.0,-1.0,-1.0,-1.0,-1.0,-1.0,-1.0,-1.0,-1.0,-1.0,-1.0,-1.0,-1.0,-1.0,-1.0,-1.0,-1.0,79819
M,WIDOWED,ESP,LOWER_SEC,THIN,TENANT_MARKET,RETIRED,FAIR,N,N,N,N,N,N,N,N,N,UNK,N,-1.0,-1.0,-1.0,-1.0,-1.0,-1.0,-1.0,-1.0,-1.0,-1.0,-1.0,-1.0,-1.0,-1.0,-1.0,-1.0,-1.0,-1.0,-1.0,-1.0,-1.0,-1.0,-1.0,-1.0,-1.0,-1.0,-1.0,-1.0,-1.0,-1.0,-1.0,-1.0,-1.0,-1.0,-1.0,-1.0,68820
M,WIDOWED,ESP,PRIMARY,THIN,TENANT_MARKET,OTHER_INACTIVE,FAIR,N,N,N,N,N,N,N,N,N,UNK,N,-1.0,-1.0,-1.0,-1.0,-1.0,-1.0,-1.0,-1.0,-1.0,-1.0,-1.0,-1.0,-1.0,-1.0,-1.0,-1.0,-1.0,-1.0,-1.0,-1.0,-1.0,-1.0,-1.0,-1.0,-1.0,-1.0,-1.0,-1.0,-1.0,-1.0,-1.0,-1.0,-1.0,-1.0,-1.0,-1.0,3130
M,WIDOWED,ITA,LOWER_SEC,THIN,TENANT_REDUCED,RETIRED,POOR,N,N,N,N,N,N,N,N,N,UNK,N,-1.0,-1.0,-1.0,-1.0,-1.0,-1.0,-1.0,-1.0,-1.0,-1.0,-1.0,-1.0,-1.0,-1.0,-1.0,-1.0,-1.0,-1.0,-1.0,-1.0,-1.0,-1.0,-1.0,-1.0,-1.0,-1.0,-1.0,-1.0,-1.0,-1.0,-1.0,-1.0,-1.0,-1.0,-1.0,-1.0,61126
M,WIDOWED,ITA,PRIMARY,THIN,TENANT_REDUCED,RETIRED,FAIR,N,N,N,N,N,N,N,N,N,NA,N,-1.0,-1.0,-1.0,-1.0,-1.0,-1.0,-1.0,-1.0,-1.0,-1.0,-1.0,-1.0,-1.0,-1.0,-1.0,-1.0,-1.0,-1.0,-1.0,-1.0,-1.0,-1.0,-1.0,-1.0,-1.0,-1.0,-1.0,-1.0,-1.0,-1.0,-1.0,-1.0,-1.0,-1.0,-1.0,-1.0,46501
M,DIVORCED,ESP,LOWER_SEC,THIN,TENANT_REDUCED,RETIRED,POOR,N,N,N,N,N,N,N,N,N,NA,N,-1.0,-1.0,-1.0,-1.0,-1.0,-1.0,-1.0,-1.0,-1.0,-1.0,-1.0,-1.0,-1.0,-1.0,-1.0,-1.0,-1.0,-1.0,-1.0,-1.0,-1.0,-1.0,-1.0,-1.0,-1.0,-1.0,-1.0,-1.0,-1.0,-1.0,-1.0,-1.0,-1.0,-1.0,-1.0,-1.0,52877
M,WIDOWED,ESP,PRIMARY,THIN,TENANT_REDUCED,RETIRED,FAIR,N,N,N,N,N,N,N,N,N,UNK,N,-1.0,-1.0,-1.0,-1.0,-1.0,-1.0,-1.0,-1.0,-1.0,-1.0,-1.0,-1.0,-1.0,-1.0,-1.0,-1.0,-1.0,-1.0,-1.0,-1.0,-1.0,-1.0,-1.0,-1.0,-1.0,-1.0,-1.0,-1.0,-1.0,-1.0,-1.0,-1.0,-1.0,-1.0,-1.0,-1.0,18640
M,DIVORCED,ESP,PRIMARY,THIN,TENANT_MARKET,RETIRED,FAIR,N,N,N,N,N,N,N,N,N,UNK,N,-1.0,-1.0,-1.0,-1.0,-1.0,-1.0,-1.0,-1.0,-1.0,-1.0,-1.0,-1.0,-1.0,-1.0,-1.0,-1.0,-1.0,-1.0,-1.0,-1.0,-1.0,-1.0,-1.0,-1.0,-1.0,-1.0,-1.0,-1.0,-1.0,-1.0,-1.0,-1.0,-1.0,-1.0,-1.0,-1.0,75
M,DIVORCED,ITA,PRIMARY,THIN,TENANT_MARKET,RETIRED,POOR,N,N,N,N,N,N,N,N,N,UNK,N,-1.0,-1.0,-1.0,-1.0,-1.0,-1.0,-1.0,-1.0,-1.0,-1.0,-1.0,-1.0,-1.0,-1.0,-1.0,-1.0,-1.0,-1.0,-1.0,-1.0,-1.0,-1.0,-1.0,-1.0,-1.0,-1.0,-1.0,-1.0,-1.0,-1.0,-1.0,-1.0,-1.0,-1.0,-1.0,-1.0,69037
M,WIDOWED,ITA,LOWER_SEC,THIN,TENANT_REDUCED,OTHER_INACTIVE,POOR,N,N,N,N,N,N,N,N,N,NA,N,-1.0,-1.0,-1.0,-1.0,-1.0,-1.0,-1.0,-1.0,-1.0,-1.0,-1.0,-1.0,-1.0,-1.0,-1.0,-1.0,-1.0,-1.0,-1.0,-1.0,-1.0,-1.0,-1.0,-1.0,-1.0,-1.0,-1.0,-1.0,-1.0,-1.0,-1.0,-1.0,-1.0,-1.0,-1.0,-1.0,32603
M,DIVORCED,ITA,PRIMARY,THIN,TENANT_REDUCED,OTHER_INACTIVE,POOR,N,N,N,N,N,N,N,N,N,UNK,N,-1.0,-1.0,-1.0,-1.0,-1.0,-1.0,-1.0,-1.0,-1.0,-1.0,-1.0,-1.0,-1.0,-1.0,-1.0,-1.0,-1.0,-1.0,-1.0,-1.0,-1.0,-1.0,-1.0,-1.0,-1.0,-1.0,-1.0,-1.0,-1.0,-1.0,-1.0,-1.0,-1.0,-1.0,-1.0,-1.0,20192
M,WIDOWED,ITA,PRIMARY,THIN,TENANT_MARKET,OTHER_INACTIVE,FAIR,N,N,N,N,N,N,N,N,N,NA,N,-1.0,-1.0,-1.0,-1.0,-1.0,-1.0,-1.0,-1.0,-1.0,-1.0,-1.0,-1.0,-1.0,-1.0,-1.0,-1.0,-1.0,-1.0,-1.0,-1.0,-1.0,-1.0,-1.0,-1.0,-1.0,-1.0,-1.0,-1.0,-1.0,-1.0,-1.0,-1.0,-1.0,-1.0,-1.0,-1.0,20866
M,WIDOWED,ITA,LOWER_SEC,THIN,TENANT_MARKET,RETIRED,FAIR,N,N,N,N,N,N,N,N,N,NA,N,-1.0,-1.0,-1.0,-1.0,-1.0,-1.0,-1.0,-1.0,-1.0,-1.0,-1.0,-1.0,-1.0,-1.0,-1.0,-1.0,-1.0,-1.0,-1.0,-1.0,-1.0,-1.0,-1.0,-1.0,-1.0,-1.0,-1.0,-1.0,-1.0,-1.0,-1.0,-1.0,-1.0,-1.0,-1.0,-1.0,48073
M,DIVORCED,ITA,LOWER_SEC,THIN,TENANT_REDUCED,RETIRED,FAIR,N,N,N,N,N,N,N,N,N,UNK,N,-1.0,-1.0,-1.0,-1.0,-1.0,-1.0,-1.0,-1.0,-1.0,-1.0,-1.0,-1.0,-1.0,-1.0,-1.0,-1.0,-1.0,-1.0,-1.0,-1.0,-1.0,-1.0,-1.0,-1.0,-1.0,-1.0,-1.0,-1.0,-1.0,-1.0,-1.0,-1.0,-1.0,-1.0,-1.0,-1.0,80313
M,DIVORCED,ITA,PRIMARY,THIN,TENANT_MARKET,RETIRED,POOR,N,N,N,N,N,N,N,N,N,UNK,N,-1.0,-1.0,-1.0,-1.0,-1.0,-1.0,-1.0,-1.0,-1.0,-1.0,-1.0,-1.0,-1.0,-1.0,-1.0,-1.0,-1.0,-1.0,-1.0,-1.0,-1.0,-1.0,-1.0,-1.0,-1.0,-1.0,-1.0,-1.0,-1.0,-1.0,-1.0,-1.0,-1.0,-1.0,-1.0,-1.0,85655
M,WIDOWED,ITA,PRIMARY,THIN,TENANT_MARKET,RETIRED,POOR,N,N,N,N,N,N,N,N,N,NA,N,-1.0,-1.0,-1.0,-1.0,-1.0,-1.0,-1.0,-1.0,-1.0,-1.0,-1.0,-1.0,-1.0,-1.0,-1.0,-1.0,-1.0,-1.0,-1.0,-1.0,-1.0,-1.0,-1.0,-1.0,-1.0,-1.0,-1.0,-1.0,-1.0,-1.0,-1.0,-1.0,-1.0,-1.0,-1.0,-1.0,94735
M,WIDOWED,ESP,PRIMARY,THIN,TENANT_REDUCED,OTHER_INACTIVE,POOR,N,N,N,N,N,N,N,N,N,UNK,N,-1.0,-1.0,-1.0,-1.0,-1.0,-1.0,-1.0,-1.0,-1.0,-1.0,-1.0,-1.0,-1.0,-1.0,-1.0,-1.0,-1.0,-1.0,-1.0,-1.0,-1.0,-1.0,-1.0,-1.0,-1.0,-1.0,-1.0,-1.0,-1.0,-1.0,-1.0,-1.0,-1.0,-1.0,-1.0,-1.0,6412
M,WIDOWED,ESP,LOWER_SEC,THIN,TENANT_REDUCED,OTHER_INACTIVE,POOR,N,N,N,N,N,N,N,N,N,UNK,N,-1.0,-1.0,-1.0,-1.0,-1.0,-1.0,-1.0,-1.0,-1.0,-1.0,-1.0,-1.0,-1.0,-1.0,-1.0,-1.0,-1.0,-1.0,-1.0,-1.0,-1.0,-1.0,-1.0,-1.0,-1.0,-1.0,-1.0,-1.0,-1.0,-1.0,-1.0,-1.0,-1.0,-1.0,-1.0,-1.0,63819
M,DIVORCED,ITA,LOWER_SEC,THIN,TENANT_REDUCED,OTHER_INACTIVE,FAIR,N,N,N,N,N,N,N,N,N,NA,N,-1.0,-1.0,-1.0,-1.0,-1.0,-1.0,-1.0,-1.0,-1.0,-1.0,-1.0,-1.0,-1.0,-1.0,-1.0,-1.0,-1.0,-1.0,-1.0,-1.0,-1.0,-1.0,-1.0,-1.0,-1.0,-1.0,-1.0,-1.0,-1.0,-1.0,-1.0,-1.0,-1.0,-1.0,-1.0,-1.0,65678
M,DIVORCED,ITA,PRIMARY,THIN,TENANT_REDUCED,RETIRED,POOR,N,N,N,N,N,N,N,N,N,NA,N,-1.0,-1.0,-1.0,-1.0,-1.0,-1.0,-1.0,-1.0,-1.0,-1.0,-1.0,-1.0,-1.0,-1.0,-1.0,-1.0,-1.0,-1.0,-1.0,-1.0,-1.0,-1.0,-1.0,-1.0,-1.0,-1.0,-1.0,-1.0,-1.0,-1.0,-1.0,-1.0,-1.0,-1.0,-1.0,-1.0,54690
M,DIVORCED,ESP,LOWER_SEC,THIN,TENANT_REDUCED,OTHER_INACTIVE,FAIR,N,N,N,N,N,N,N,N,N,NA,N,-1.0,-1.0,-1.0,-1.0,-1.0,-1.0,-1.0,-1.0,-1.0,-1.0,-1.0,-1.0,-1.0,-1.0,-1.0,-1.0,-1.0,-1.0,-1.0,-1.0,-1.0,-1.0,-1.0,-1.0,-1.0,-1.0,-1.0,-1.0,-1.0,-1.0,-1.0,-1.0,-1.0,-1.0,-1.0,-1.0,295
M,DIVORCED,ITA,PRIMARY,THIN,TENANT_MARKET,OTHER_INACTIVE,FAIR,N,N,N,N,N,N,N,N,N,NA,N,-1.0,-1.0,-1.0,-1.0,-1.0,-1.0,-1.0,-1.0,-1.0,-1.0,-1.0,-1.0,-1.0,-1.0,-1.0,-1.0,-1.0,-1.0,-1.0,-1.0,-1.0,-1.0,-1.0,-1.0,-1.0,-1.0,-1.0,-1.0,-1.0,-1.0,-1.0,-1.0,-1.0,-1.0,-1.0,-1.0,10444
M,DIVORCED,ESP,LOWER_SEC,THIN,TENANT_MARKET,OTHER_INACTIVE,FAIR,N,N,N,N,N,N,N,N,N,UNK,N,-1.0,-1.0,-1.0,-1.0,-1.0,-1.0,-1.0,-1.0,-1.0,-1.0,-1.0,-1.0,-1.0,-1.0,-1.0,-1.0,-1.0,-1.0,-1.0,-1.0,-1.0,-1.0,-1.0,-1.0,-1.0,-1.0,-1.0,-1.0,-1.0,-1.0,-1.0,-1.0,-1.0,-1.0,-1.0,-1.0,71083
M,DIVORCED,ITA,LOWER_SEC,THIN,TENANT_MARKET,RETIRED,POOR,N,N,N,N,N,N,N,N,N,NA,N,-1.0,-1.0,-1.0,-1.0,-1.0,-1.0,-1.0,-1.0,-1.0,-1.0,-1.0,-1.0,-1.0,-1.0,-1.0,-1.0,-1.0,-1.0,-1.0,-1.0,-1.0,-1.0,-1.0,-1.0,-1.0,-1.0,-1.0,-1.0,-1.0,-1.0,-1.0,-1.0,-1.0,-1.0,-1.0,-1.0,12063
M,DIVORCED,ESP,LOWER_SEC,THIN,TENANT_MARKET,RETIRED,FAIR,N,N,N,N,N,N,N,N,N,UNK,N,-1.0,-1.0,-1.0,-1.0,-1.0,-1.0,-1.0,-1.0,-1.0,-1.0,-1.0,-1.0,-1.0,-1.0,-1.0,-1.0,-1.0,-1.0,-1.0,-1.0,-1.0,-1.0,-1.0,-1.0,-1.0,-1.0,-1.0,-1.0,-1.0,-1.0,-1.0,-1.0,-1.0,-1.0,-1.0,-1.0,13576
M,DIVORCED,ITA,LOWER_SEC,THIN,TENANT_MARKET,RETIRED,POOR,N,N,N,N,N,N,N,N,N,NA,N,-1.0,-1.0,-1.0,-1.0,-1.0,-1.0,-1.0,-1.0,-1.0,-1.0,-1.0,-1.0,-1.0,-1.0,-1.0,-1.0,-1.0,-1.0,-1.0,-1.0,-1.0,-1.0,-1.0,-1.0,-1.0,-1.0,-1.0,-1.0,-1.0,-1.0,-1.0,-1.0,-1.0,-1.0,-1.0,-1.0,2245
M,WIDOWED,ESP,LOWER_SEC,THIN,TENANT_REDUCED,RETIRED,FAIR,N,N,N,N,N,N,N,N,N,NA,N,-1.0,-1.0,-1.0,-1.0,-1.0,-1.0,-1.0,-1.0,-1.0,-1.0,-1.0,-1.0,-1.0,-1.0,-1.0,-1.0,-1.0,-1.0,-1.0,-1.0,-1.0,-1.0,-1.0,-1.0,-1.0,-1.0,-1.0,-1.0,-1.0,-1.0,-1.0,-1.0,-1.0,-1.0,-1.0,-1.0,70397
M,WIDOWED,ITA,LOWER_SEC,THIN,TENANT_REDUCED,RETIRED,POOR,N,N,N,N,N,N,N,N,N,UNK,N,-1.0,-1.0,-1.0,-1.0,-1.0,-1.0,-1.0,-1.0,-1.0,-1.0,-1.0,-1.0,-1.0,-1.0,-1.0,-1.0,-1.0,-1.0,-1.0,-1.0,-1.0,-1.0,-1.0,-1.0,-1.0,-1.0,-1.0,-1.0,-1.0,-1.0,-1.0,-1.0,-1.0,-1.0,-1.0,-1.0,53330
M,DIVORCED,ESP,PRIMARY,THIN,TENANT_MARKET,RETIRED,FAIR,N,N,N,N,N,N,N,N,N,NA,N,-1.0,-1.0,-1.0,-1.0,-1.0,-1.0,-1.0,-1.0,-1.0,-1.0,-1.0,-1.0,-1.0,-1.0,-1.0,-1.0,-1.0,-1.0,-1.0,-1.0,-1.0,-1.0,-1.0,-1.0,-1.0,-1.0,-1.0,-1.0,-1.0,-1.0,-1.0,-1.0,-1.0,-1.0,-1.0,-1.0,6433
M,WIDOWED,ITA,PRIMARY,THIN,TENANT_MARKET,OTHER_INACTIVE,FAIR,N,N,N,N,N,N,N,N,N,NA,N,-1.0,-1.0,-1.0,-1.0,-1.0,-1.0,-1.0,-1.0,-1.0,-1.0,-1.0,-1.0,-1.0,-1.0,-1.0,-1.0,-1.0,-1.0,-1.0,-1.0,-1.0,-1.0,-1.0,-1.0,-1.0,-1.0,-1.0,-1.0,-1.0,-1.0,-1.0,-1.0,-1.0,-1.0,-1.0,-1.0,62519
M,WIDOWED,ESP,PRIMARY,THIN,TENANT_REDUCED,RETIRED,FAIR,N,N,N,N,N,N,N,N,N,NA,N,-1.0,-1.0,-1.0,-1.0,-1.0,-1.0,-1.0,-1.0,-1.0,-1.0,-1.0,-1.0,-1.0,-1.0,-1.0,-1.0,-1.0,-1.0,-1.0,-1.0,-1.0,-1.0,-1.0,-1.0,-1.0,-1.0,-1.0,-1.0,-1.0,-1.0,-1.0,-1.0,-1.0,-1.0,-1.0,-1.0,53466
M,WIDOWED,ITA,PRIMARY,THIN,TENANT_MARKET,OTHER_INACTIVE,FAIR,N,N,N,N,N,N,N,N,N,NA,N,-1.0,-1.0,-1.0,-1.0,-1.0,-1.0,-1.0,-1.0,-1.0,-1.0,-1.0,-1.0,-1.0,-1.0,-1.0,-1.0,-1.0,-1.0,-1.0,-1.0,-1.0,-1.0,-1.0,-1.0,-1.0,-1.0,-1.0,-1.0,-1.0,-1.0,-1.0,-1.0,-1.0,-1.0,-1.0,-1.0,92656
M,WIDOWED,ESP,LOWER_SEC,THIN,TENANT_REDUCED,RETIRED,POOR,N,N,N,N,N,N,N,N,N,NA,N,-1.0,-1.0,-1.0,-1.0,-1.0,-1.0,-1.0,-1.0,-1.0,-1.0,-1.0,-1.0,-1.0,-1.0,-1.0,-1.0,-1.0,-1.0,-1.0,-1.0,-1.0,-1.0,-1.0,-1.0,-1.0,-1.0,-1.0,-1.0,-1.0,-1.0,-1.0,-1.0,-1.0,-1.0,-1.0,-1.0,17428
M,WIDOWED,ITA,LOWER_SEC,THIN,TENANT_MARKET,RETIRED,POOR,N,N,N,N,N,N,N,N,N,UNK,N,-1.0,-1.0,-1.0,-1.0,-1.0,-1.0,-1.0,-1.0,-1.0,-1.0,-1.0,-1.0,-1.0,-1.0,-1.0,-1.0,-1.0,-1.0,-1.0,-1.0,-1.0,-1.0,-1.0,-1.0,-1.0,-1.0,-1.0,-1.0,-1.0,-1.0,-1.0,-1.0,-1.0,-1.0,-1.0,-1.0,86445
M,WIDOWED,ITA,LOWER_SEC,THIN,TENANT_REDUCED,OTHER_INACTIVE,FAIR,N,N,N,N,N,N,N,N,N,UNK,N,-1.0,-1.0,-1.0,-1.0,-1.0,-1.0,-1.0,-1.0,-1.0,-1.0,-1.0,-1.0,-1.0,-1.0,-1.0,-1.0,-1.0,-1.0,-1.0,-1.0,-1.0,-1.0,-1.0,-1.0,-1.0,-1.0,-1.0,-1.0,-1.0,-1.0,-1.0,-1.0,-1.0,-1.0,-1.0,-1.0,8049
M,WIDOWED,ESP,LOWER_SEC,THIN,TENANT_MARKET,OTHER_INACTIVE,FAIR,N,N,N,N,N,N,N,N,N,UNK,N,-1.0,-1.0,-1.0,-1.0,-1.0,-1.0,-1.0,-1.0,-1.0,-1.0,-1.0,-1.0,-1.0,-1.0,-1.0,-1.0,-1.0,-1.0,-1.0,-1.0,-1.0,-1.0,-1.0,-1.0,-1.0,-1.0,-1.0,-1.0,-1.0,-1.0,-1.0,-1.0,-1.0,-1.0,-1.0,-1.0,58897
M,WIDOWED,ESP,PRIMARY,THIN,TENANT_MARKET,OTHER_INACTIVE,FAIR,N,N,N,N,N,N,N,N,N,UNK,N,-1.0,-1.0,-1.0,-1.0,-1.0,-1.0,-1.0,-1.0,-1.0,-1.0,-1.0,-1.0,-1.0,-1.0,-1.0,-1.0,-1.0,-1.0,-1.0,-1.0,-1.0,-1.0,-1.0,-1.0,-1.0,-1.0,-1.0,-1.0,-1.0,-1.0,-1.0,-1.0,-1.0,-1.0,-1.0,-1.0,68424
M,DIVORCED,ESP,PRIMARY,THIN,TENANT_MARKET,RETIRED,FAIR,N,N,N,N,N,N,N,N,N,UNK,N,-1.0,-1.0,-1.0,-1.0,-1.0,-1.0,-1.0,-1.0,-1.0,-1.0,-1.0,-1.0,-1.0,-1.0,-1.0,-1.0,-1.0,-1.0,-1.0,-1.0,-1.0,-1.0,-1.0,-1.0,-1.0,-1.0,-1.0,-1.0,-1.0,-1.0,-1.0,-1.0,-1.0,-1.0,-1.0,-1.0,74443
M,DIVORCED,ESP,LOWER_SEC,THIN,TENANT_MARKET,OTHER_INACTIVE,POOR,N,N,N,N,N,N,N,N,N,NA,N,-1.0,-1.0,-1.0,-1.0,-1.0,-1.0,-1.0,-1.0,-1.0,-1.0,-1.0,-1.0,-1.0,-1.0,-1.0,-1.0,-1.0,-1.0,-1.0,-1.0,-1.0,-1.0,-1.0,-1.0,-1.0,-1.0,-1.0,-1.0,-1.0,-1.0,-1.0,-1.0,-1.0,-1.0,-1.0,-1.0,6004
M,WIDOWED,ESP,LOWER_SEC,THIN,TENANT_REDUCED,RETIRED,POOR,N,N,N,N,N,N,N,N,N,UNK,N,-1.0,-1.0,-1.0,-1.0,-1.0,-1.0,-1.0,-1.0,-1.0,-1.0,-1.0,-1.0,-1.0,-1.0,-1.0,-1.0,-1.0,-1.0,-1.0,-1.0,-1.0,-1.0,-1.0,-1.0,-1.0,-1.0,-1.0,-1.0,-1.0,-1.0,-1.0,-1.0,-1.0,-1.0,-1.0,-1.0,13450
M,DIVORCED,ITA,LOWER_SEC,THIN,TENANT_REDUCED,RETIRED,FAIR,N,N,N,N,N,N,N,N,N,NA,N,-1.0,-1.0,-1.0,-1.0,-1.0,-1.0,-1.0,-1.0,-1.0,-1.0,-1.0,-1.0,-1.0,-1.0,-1.0,-1.0,-1.0,-1.0,-1.0,-1.0,-1.0,-1.0,-1.0,-1.0,-1.0,-1.0,-1.0,-1.0,-1.0,-1.0,-1.0,-1.0,-1.0,-1.0,-1.0,-1.0,12257
M,DIVORCED,ITA,PRIMARY,THIN,TENANT_MARKET,RETIRED,POOR,N,N,N,N,N,N,N,N,N,UNK,N,-1.0,-1.0,-1.0,-1.0,-1.0,-1.0,-1.0,-1.0,-1.0,-1.0,-1.0,-1.0,-1.0,-1.0,-1.0,-1.0,-1.0,-1.0,-1.0,-1.0,-1.0,-1.0,-1.0,-1.0,-1.0,-1.0,-1.0,-1.0,-1.0,-1.0,-1.0,-1.0,-1.0,-1.0,-1.0,-1.0,98741
M,DIVORCED,ITA,LOWER_SEC,THIN,TENANT_REDUCED,RETIRED,FAIR,N,N,N,N,N,N,N,N,N,UNK,N,-1.0,-1.0,-1.0,-1.0,-1.0,-1.0,-1.0,-1.0,-1.0,-1.0,-1.0,-1.0,-1.0,-1.0,-1.0,-1.0,-1.0,-1.0,-1.0,-1.0,-1.0,-1.0,-1.0,-1.0,-1.0,-1.0,-1.0,-1.0,-1.0,-1.0,-1.0,-1.0,-1.0,-1.0,-1.0,-1.0,86726
M,DIVORCED,ITA,LOWER_SEC,THIN,TENANT_MARKET,OTHER_INACTIVE,POOR,N,N,N,N,N,N,N,N,N,NA,N,-1.0,-1.0,-1.0,-1.0,-1.0,-1.0,-1.0,-1.0,-1.0,-1.0,-1.0,-1.0,-1.0,-1.0,-1.0,-1.0,-1.0,-1.0,-1.0,-1.0,-1.0,-1.0,-1.0,-1.0,-1.0,-1.0,-1.0,-1.0,-1.0,-1.0,-1.0,-1.0,-1.0,-1.0,-1.0,-1.0,89711
M,DIVORCED,ITA,LOWER_SEC,THIN,TENANT_MARKET,RETIRED,POOR,N,N,N,N,N,N,N,N,N,UNK,N,-1.0,-1.0,-1.0,-1.0,-1.0,-1.0,-1.0,-1.0,-1.0,-1.0,-1.0,-1.0,-1.0,-1.0,-1.0,-1.0,-1.0,-1.0,-1.0,-1.0,-1.0,-1.0,-1.0,-1.0,-1.0,-1.0,-1.0,-1.0,-1.0,-1.0,-1.0,-1.0,-1.0,-1.0,-1.0,-1.0,22563
M,WIDOWED,ESP,PRIMARY,THIN,TENANT_MARKET,RETIRED,POOR,N,N,N,N,N,N,N,N,N,UNK,N,-1.0,-1.0,-1.0,-1.0,-1.0,-1.0,-1.0,-1.0,-1.0,-1.0,-1.0,-1.0,-1.0,-1.0,-1.0,-1.0,-1.0,-1.0,-1.0,-1.0,-1.0,-1.0,-1.0,-1.0,-1.0,-1.0,-1.0,-1.0,-1.0,-1.0,-1.0,-1.0,-1.0,-1.0,-1.0,-1.0,85152
M,DIVORCED,ITA,LOWER_SEC,THIN,TENANT_MARKET,RETIRED,FAIR,N,N,N,N,N,N,N,N,N,NA,N,-1.0,-1.0,-1.0,-1.0,-1.0,-1.0,-1.0,-1.0,-1.0,-1.0,-1.0,-1.0,-1.0,-1.0,-1.0,-1.0,-1.0,-1.0,-1.0,-1.0,-1.0,-1.0,-1.0,-1.0,-1.0,-1.0,-1.0,-1.0,-1.0,-1.0,-1.0,-1.0,-1.0,-1.0,-1.0,-1.0,64292
M,DIVORCED,ITA,LOWER_SEC,THIN,TENANT_REDUCED,RETIRED,POOR,N,N,N,N,N,N,N,N,N,NA,N,-1.0,-1.0,-1.0,-1.0,-1.0,-1.0,-1.0,-1.0,-1.0,-1.0,-1.0,-1.0,-1.0,-1.0,-1.0,-1.0,-1.0,-1.0,-1.0,-1.0,-1.0,-1.0,-1.0,-1.0,-1.0,-1.0,-1.0,-1.0,-1.0,-1.0,-1.0,-1.0,-1.0,-1.0,-1.0,-1.0,94777
M,DIVORCED,ESP,LOWER_SEC,THIN,TENANT_MARKET,RETIRED,POOR,N,N,N,N,N,N,N,N,N,NA,N,-1.0,-1.0,-1.0,-1.0,-1.0,-1.0,-1.0,-1.0,-1.0,-1.0,-1.0,-1.0,-1.0,-1.0,-1.0,-1.0,-1.0,-1.0,-1.0,-1.0,-1.0,-1.0,-1.0,-1.0,-1.0,-1.0,-1.0,-1.0,-1.0,-1.0,-1.0,-1.0,-1.0,-1.0,-1.0,-1.0,98636
M,WIDOWED,ITA,LOWER_SEC,THIN,TENANT_REDUCED,OTHER_INACTIVE,POOR,N,N,N,N,N,N,N,N,N,UNK,N,-1.0,-1.0,-1.0,-1.0,-1.0,-1.0,-1.0,-1.0,-1.0,-1.0,-1.0,-1.0,-1.0,-1.0,-1.0,-1.0,-1.0,-1.0,-1.0,-1.0,-1.0,-1.0,-1.0,-1.0,-1.0,-1.0,-1.0,-1.0,-1.0,-1.0,-1.0,-1.0,-1.0,-1.0,-1.0,-1.0,3441
M,DIVORCED,ITA,PRIMARY,THIN,TENANT_REDUCED,OTHER_INACTIVE,POOR,N,N,N,N,N,N,N,N,N,NA,N,-1.0,-1.0,-1.0,-1.0,-1.0,-1.0,-1.0,-1.0,-1.0,-1.0,-1.0,-1.0,-1.0,-1.0,-1.0,-1.0,-1.0,-1.0,-1.0,-1.0,-1.0,-1.0,-1.0,-1.0,-1.0,-1.0,-1.0,-1.0,-1.0,-1.0,-1.0,-1.0,-1.0,-1.0,-1.0,-1.0,67068
M,WIDOWED,ESP,LOWER_SEC,THIN,TENANT_REDUCED,RETIRED,POOR,N,N,N,N,N,N,N,N,N,UNK,N,-1.0,-1.0,-1.0,-1.0,-1.0,-1.0,-1.0,-1.0,-1.0,-1.0,-1.0,-1.0,-1.0,-1.0,-1.0,-1.0,-1.0,-1.0,-1.0,-1.0,-1.0,-1.0,-1.0,-1.0,-1.0,-1.0,-1.0,-1.0,-1.0,-1.0,-1.0,-1.0,-1.0,-1.0,-1.0,-1.0,81842
M,DIVORCED,ITA,LOWER_SEC,THIN,TENANT_MARKET,RETIRED,POOR,N,N,N,N,N,N,N,N,N,NA,N,-1.0,-1.0,-1.0,-1.0,-1.0,-1.0,-1.0,-1.0,-1.0,-1.0,-1.0,-1.0,-1.0,-1.0,-1.0,-1.0,-1.0,-1.0,-1.0,-1.0,-1.0,-1.0,-1.0,-1.0,-1.0,-1.0,-1.0,-1.0,-1.0,-1.0,-1.0,-1.0,-1.0,-1.0,-1.0,-1.0,94134
M,DIVORCED,ESP,PRIMARY,THIN,TENANT_MARKET,RETIRED,FAIR,N,N,N,N,N,N,N,N,N,UNK,N,-1.0,-1.0,-1.0,-1.0,-1.0,-1.0,-1.0,-1.0,-1.0,-1.0,-1.0,-1.0,-1.0,-1.0,-1.0,-1.0,-1.0,-1.0,-1.0,-1.0,-1.0,-1.0,-1.0,-1.0,-1.0,-1.0,-1.0,-1.0,-1.0,-1.0,-1.0,-1.0,-1.0,-1.0,-1.0,-1.0,48269
M,DIVORCED,ITA,PRIMARY,THIN,TENANT_MARKET,OTHER_INACTIVE,FAIR,N,N,N,N,N,N,N,N,N,UNK,N,-1.0,-1.0,-1.0,-1.0,-1.0,-1.0,-1.0,-1.0,-1.0,-1.0,-1.0,-1.0,-1.0,-1.0,-1.0,-1.0,-1.0,-1.0,-1.0,-1.0,-1.0,-1.0,-1.0,-1.0,-1.0,-1.0,-1.0,-1.0,-1.0,-1.0,-1.0,-1.0,-1.0,-1.0,-1.0,-1.0,94520
M,WIDOWED,ITA,PRIMARY,THIN,TENANT_MARKET,RETIRED,POOR,N,N,N,N,N,N,N,N,N,NA,N,-1.0,-1.0,-1.0,-1.0,-1.0,-1.0,-1.0,-1.0,-1.0,-1.0,-1.0,-1.0,-1.0,-1.0,-1.0,-1.0,-1.0,-1.0,-1.0,-1.0,-1.0,-1.0,-1.0,-1.0,-1.0,-1.0,-1.0,-1.0,-1.0,-1.0,-1.0,-1.0,-1.0,-1.0,-1.0,-1.0,36102
M,DIVORCED,ESP,LOWER_SEC,THIN,TENANT_MARKET,OTHER_INACTIVE,FAIR,N,N,N,N,N,N,N,N,N,NA,N,-1.0,-1.0,-1.0,-1.0,-1.0,-1.0,-1.0,-1.0,-1.0,-1.0,-1.0,-1.0,-1.0,-1.0,-1.0,-1.0,-1.0,-1.0,-1.0,-1.0,-1.0,-1.0,-1.0,-1.0,-1.0,-1.0,-1.0,-1.0,-1.0,-1.0,-1.0,-1.0,-1.0,-1.0,-1.0,-1.0,95480
M,DIVORCED,ITA,LOWER_SEC,THIN,TENANT_REDUCED,OTHER_INACTIVE,FAIR,N,N,N,N,N,N,N,N,N,UNK,N,-1.0,-1.0,-1.0,-1.0,-1.0,-1.0,-1.0,-1.0,-1.0,-1.0,-1.0,-1.0,-1.0,-1.0,-1.0,-1.0,-1.0,-1.0,-1.0,-1.0,-1.0,-1.0,-1.0,-1.0,-1.0,-1.0,-1.0,-1.0,-1.0,-1.0,-1.0,-1.0,-1.0,-1.0,-1.0,-1.0,5140
M,DIVORCED,ITA,LOWER_SEC,THIN,TENANT_REDUCED,OTHER_INACTIVE,FAIR,N,N,N,N,N,N,N,N,N,UNK,N,-1.0,-1.0,-1.0,-1.0,-1.0,-1.0,-1.0,-1.0,-1.0,-1.0,-1.0,-1.0,-1.0,-1.0,-1.0,-1.0,-1.0,-1.0,-1.0,-1.0,-1.0,-1.0,-1.0,-1.0,-1.0,-1.0,-1.0,-1.0,-1.0,-1.0,-1.0,-1.0,-1.0,-1.0,-1.0,-1.0,14682
M,DIVORCED,ITA,PRIMARY,THIN,TENANT_REDUCED,OTHER_INACTIVE,POOR,N,N,N,N,N,N,N,N,N,NA,N,-1.0,-1.0,-1.0,-1.0,-1.0,-1.0,-1.0,-1.0,-1.0,-1.0,-1.0,-1.0,-1.0,-1.0,-1.0,-1.0,-1.0,-1.0,-1.0,-1.0,-1.0,-1.0,-1.0,-1.0,-1.0,-1.0,-1.0,-1.0,-1.0,-1.0,-1.0,-1.0,-1.0,-1.0,-1.0,-1.0,40794
M,DIVORCED,ESP,LOWER_SEC,THIN,TENANT_MARKET,RETIRED,POOR,N,N,N,N,N,N,N,N,N,NA,N,-1.0,-1.0,-1.0,-1.0,-1.0,-1.0,-1.0,-1.0,-1.0,-1.0,-1.0,-1.0,-1.0,-1.0,-1.0,-1.0,-1.0,-1.0,-1.0,-1.0,-1.0,-1.0,-1.0,-1.0,-1.0,-1.0,-1.0,-1.0,-1.0,-1.0,-1.0,-1.0,-1.0,-1.0,-1.0,-1.0,31476
M,WIDOWED,ESP,PRIMARY,THIN,TENANT_MARKET,RETIRED,POOR,N,N,N,N,N,N,N,N,N,UNK,N,-1.0,-1.0,-1.0,-1.0,-1.0,-1.0,-1.0,-1.0,-1.0,-1.0,-1.0,-1.0,-1.0,-1.0,-1.0,-1.0,-1.0,-1.0,-1.0,-1.0,-1.0,-1.0,-1.0,-1.0,-1.0,-1.0,-1.0,-1.0,-1.0,-1.0,-1.0,-1.0,-1.0,-1.0,-1.0,-1.0,56187
M,DIVORCED,ITA,LOWER_SEC,THIN,TENANT_REDUCED,RETIRED,FAIR,N,N,N,N,N,N,N,N,N,NA,N,-1.0,-1.0,-1.0,-1.0,-1.0,-1.0,-1.0,-1.0,-1.0,-1.0,-1.0,-1.0,-1.0,-1.0,-1.0,-1.0,-1.0,-1.0,-1.0,-1.0,-1.0,-1.0,-1.0,-1.0,-1.0,-1.0,-1.0,-1.0,-1.0,-1.0,-1.0,-1.0,-1.0,-1.0,-1.0,-1.0,9527
M,DIVORCED,ITA,LOWER_SEC,THIN,TENANT_REDUCED,OTHER_INACTIVE,POOR,N,N,N,N,N,N,N,N,N,NA,N,-1.0,-1.0,-1.0,-1.0,-1.0,-1.0,-1.0,-1.0,-1.0,-1.0,-1.0,-1.0,-1.0,-1.0,-1.0,-1.0,-1.0,-1.0,-1.0,-1.0,-1.0,-1.0,-1.0,-1.0,-1.0,-1.0,-1.0,-1.0,-1.0,-1.0,-1.0,-1.0,-1.0,-1.0,-1.0,-1.0,38064
M,DIVORCED,ITA,PRIMARY,THIN,TENANT_REDUCED,RETIRED,POOR,N,N,N,N,N,N,N,N,N,NA,N,-1.0,-1.0,-1.0,-1.0,-1.0,-1.0,-1.0,-1.0,-1.0,-1.0,-1.0,-1.0,-1.0,-1.0,-1.0,-1.0,-1.0,-1.0,-1.0,-1.0,-1.0,-1.0,-1.0,-1.0,-1.0,-1.0,-1.0,-1.0,-1.0,-1.0,-1.0,-1.0,-1.0,-1.0,-1.0,-1.0,13432
M,WIDOWED,ITA,LOWER_SEC,THIN,TENANT_MARKET,OTHER_INACTIVE,POOR,N,N,N,N,N,N,N,N,N,UNK,N,-1.0,-1.0,-1.0,-1.0,-1.0,-1.0,-1.0,-1.0,-1.0,-1.0,-1.0,-1.0,-1.0,-1.0,-1.0,-1.0,-1.0,-1.0,-1.0,-1.0,-1.0,-1.0,-1.0,-1.0,-1.0,-1.0,-1.0,-1.0,-1.0,-1.0,-1.0,-1.0,-1.0,-1.0,-1.0,-1.0,68448
M,DIVORCED,ESP,PRIMARY,THIN,TENANT_MARKET,OTHER_INACTIVE,FAIR,N,N,N,N,N,N,N,N,N,UNK,N,-1.0,-1.0,-1.0,-1.0,-1.0,-1.0,-1.0,-1.0,-1.0,-1.0,-1.0,-1.0,-1.0,-1.0,-1.0,-1.0,-1.0,-1.0,-1.0,-1.0,-1.0,-1.0,-1.0,-1.0,-1.0,-1.0,-1.0,-1.0,-1.0,-1.0,-1.0,-1.0,-1.0,-1.0,-1.0,-1.0,56345
M,DIVORCED,ESP,LOWER_SEC,THIN,TENANT_MARKET,OTHER_INACTIVE,FAIR,N,N,N,N,N,N,N,N,N,UNK,N,-1.0,-1.0,-1.0,-1.0,-1.0,-1.0,-1.0,-1.0,-1.0,-1.0,-1.0,-1.0,-1.0,-1.0,-1.0,-1.0,-1.0,-1.0,-1.0,-1.0,-1.0,-1.0,-1.0,-1.0,-1.0,-1.0,-1.0,-1.0,-1.0,-1.0,-1.0,-1.0,-1.0,-1.0,-1.0,-1.0,85222
M,DIVORCED,ITA,PRIMARY,THIN,TENANT_REDUCED,OTHER_INACTIVE,FAIR,N,N,N,N,N,N,N,N,N,UNK,N,-1.0,-1.0,-1.0,-1.0,-1.0,-1.0,-1.0,-1.0,-1.0,-1.0,-1.0,-1.0,-1.0,-1.0,-1.0,-1.0,-1.0,-1.0,-1.0,-1.0,-1.0,-1.0,-1.0,-1.0,-1.0,-1.0,-1.0,-1.0,-1.0,-1.0,-1.0,-1.0,-1.0,-1.0,-1.0,-1.0,72171
M,WIDOWED,ESP,PRIMARY,THIN,TENANT_MARKET,RETIRED,POOR,N,N,N,N,N,N,N,N,N,UNK,N,-1.0,-1.0,-1.0,-1.0,-1.0,-1.0,-1.0,-1.0,-1.0,-1.0,-1.0,-1.0,-1.0,-1.0,-1.0,-1.0,-1.0,-1.0,-1.0,-1.0,-1.0,-1.0,-1.0,-1.0,-1.0,-1.0,-1.0,-1.0,-1.0,-1.0,-1.0,-1.0,-1.0,-1.0,-1.0,-1.0,70972
M,DIVORCED,ESP,PRIMARY,THIN,TENANT_MARKET,RETIRED,POOR,N,N,N,N,N,N,N,N,N,UNK,N,-1.0,-1.0,-1.0,-1.0,-1.0,-1.0,-1.0,-1.0,-1.0,-1.0,-1.0,-1.0,-1.0,-1.0,-1.0,-1.0,-1.0,-1.0,-1.0,-1.0,-1.0,-1.0,-1.0,-1.0,-1.0,-1.0,-1.0,-1.0,-1.0,-1.0,-1.0,-1.0,-1.0,-1.0,-1.0,-1.0,9838
M,DIVORCED,ESP,LOWER_SEC,THIN,TENANT_MARKET,OTHER_INACTIVE,FAIR,N,N,N,N,N,N,N,N,N,NA,N,-1.0,-1.0,-1.0,-1.0,-1.0,-1.0,-1.0,-1.0,-1.0,-1.0,-1.0,-1.0,-1.0,-1.0,-1.0,-1.0,-1.0,-1.0,-1.0,-1.0,-1.0,-1.0,-1.0,-1.0,-1.0,-1.0,-1.0,-1.0,-1.0,-1.0,-1.0,-1.0,-1.0,-1.0,-1.0,-1.0,84158
M,DIVORCED,ITA,PRIMARY,THIN,TENANT_REDUCED,OTHER_INACTIVE,FAIR,N,N,N,N,N,N,N,N,N,UNK,N,-1.0,-1.0,-1.0,-1.0,-1.0,-1.0,-1.0,-1.0,-1.0,-1.0,-1.0,-1.0,-1.0,-1.0,-1.0,-1.0,-1.0,-1.0,-1.0,-1.0,-1.0,-1.0,-1.0,-1.0,-1.0,-1.0,-1.0,-1.0,-1.0,-1.0,-1.0,-1.0,-1.0,-1.0,-1.0,-1.0,88001
M,DIVORCED,ESP,LOWER_SEC,THIN,TENANT_REDUCED,OTHER_INACTIVE,POOR,N,N,N,N,N,N,N,N,N,NA,N,-1.0,-1.0,-1.0,-1.0,-1.0,-1.0,-1.0,-1.0,-1.0,-1.0,-1.0,-1.0,-1.0,-1.0,-1.0,-1.0,-1.0,-1.0,-1.0,-1.0,-1.0,-1.0,-1.0,-1.0,-1.0,-1.0,-1.0,-1.0,-1.0,-1.0,-1.0,-1.0,-1.0,-1.0,-1.0,-1.0,59490
M,DIVORCED,ITA,PRIMARY,THIN,TENANT_MARKET,RETIRED,POOR,N,N,N,N,N,N,N,N,N,NA,N,-1.0,-1.0,-1.0,-1.0,-1.0,-1.0,-1.0,-1.0,-1.0,-1.0,-1.0,-1.0,-1.0,-1.0,-1.0,-1.0,-1.0,-1.0,-1.0,-1.0,-1.0,-1.0,-1.0,-1.0,-1.0,-1.0,-1.0,-1.0,-1.0,-1.0,-1.0,-1.0,-1.0,-1.0,-1.0,-1.0,61
M,DIVORCED,ITA,PRIMARY,THIN,TENANT_REDUCED,RETIRED,POOR,N,N,N,N,N,N,N,N,N,UNK,N,-1.0,-1.0,-1.0,-1.0,-1.0,-1.0,-1.0,-1.0,-1.0,-1.0,-1.0,-1.0,-1.0,-1.0,-1.0,-1.0,-1.0,-1.0,-1.0,-1.0,-1.0,-1.0,-1.0,-1.0,-1.0,-1.0,-1.0,-1.0,-1.0,-1.0,-1.0,-1.0,-1.0,-1.0,-1.0,-1.0,77668
M,DIVORCED,ESP,LOWER_SEC,THIN,TENANT_REDUCED,OTHER_INACTIVE,FAIR,N,N,N,N,N,N,N,N,N,NA,N,-1.0,-1.0,-1.0,-1.0,-1.0,-1.0,-1.0,-1.0,-1.0,-1.0,-1.0,-1.0,-1.0,-1.0,-1.0,-1.0,-1.0,-1.0,-1.0,-1.0,-1.0,-1.0,-1.0,-1.0,-1.0,-1.0,-1.0,-1.0,-1.0,-1.0,-1.0,-1.0,-1.0,-1.0,-1.0,-1.0,61657
M,DIVORCED,ESP,PRIMARY,THIN,TENANT_MARKET,RETIRED,FAIR,N,N,N,N,N,N,N,N,N,UNK,N,-1.0,-1.0,-1.0,-1.0,-1.0,-1.0,-1.0,-1.0,-1.0,-1.0,-1.0,-1.0,-1.0,-1.0,-1.0,-1.0,-1.0,-1.0,-1.0,-1.0,-1.0,-1.0,-1.0,-1.0,-1.0,-1.0,-1.0,-1.0,-1.0,-1.0,-1.0,-1.0,-1.0,-1.0,-1.0,-1.0,95844
M,DIVORCED,ESP,LOWER_SEC,THIN,TENANT_MARKET,RETIRED,POOR,N,N,N,N,N,N,N,N,N,NA,N,-1.0,-1.0,-1.0,-1.0,-1.0,-1.0,-1.0,-1.0,-1.0,-1.0,-1.0,-1.0,-1.0,-1.0,-1.0,-1.0,-1.0,-1.0,-1.0,-1.0,-1.0,-1.0,-1.0,-1.0,-1.0,-1.0,-1.0,-1.0,-1.0,-1.0,-1.0,-1.0,-1.0,-1.0,-1.0,-1.0,62695
M,WIDOWED,ESP,LOWER_SEC,THIN,TENANT_MARKET,RETIRED,POOR,N,N,N,N,N,N,N,N,N,NA,N,-1.0,-1.0,-1.0,-1.0,-1.0,-1.0,-1.0,-1.0,-1.0,-1.0,-1.0,-1.0,-1.0,-1.0,-1.0,-1.0,-1.0,-1.0,-1.0,-1.0,-1.0,-1.0,-1.0,-1.0,-1.0,-1.0,-1.0,-1.0,-1.0,-1.0,-1.0,-1.0,-1.0,-1.0,-1.0,-1.0,51559
M,DIVORCED,ESP,PRIMARY,THIN,TENANT_REDUCED,OTHER_INACTIVE,FAIR,N,N,N,N,N,N,N,N,N,NA,N,-1.0,-1.0,-1.0,-1.0,-1.0,-1.0,-1.0,-1.0,-1.0,-1.0,-1.0,-1.0,-1.0,-1.0,-1.0,-1.0,-1.0,-1.0,-1.0,-1.0,-1.0,-1.0,-1.0,-1.0,-1.0,-1.0,-1.0,-1.0,-1.0,-1.0,-1.0,-1.0,-1.0,-1.0,-1.0,-1.0,81716
M,DIVORCED,ITA,LOWER_SEC,THIN,TENANT_REDUCED,RETIRED,FAIR,N,N,N,N,N,N,N,N,N,UNK,N,-1.0,-1.0,-1.0,-1.0,-1.0,-1.0,-1.0,-1.0,-1.0,-1.0,-1.0,-1.0,-1.0,-1.0,-1.0,-1.0,-1.0,-1.0,-1.0,-1.0,-1.0,-1.0,-1.0,-1.0,-1.0,-1.0,-1.0,-1.0,-1.0,-1.0,-1.0,-1.0,-1.0,-1.0,-1.0,-1.0,82060
M,DIVORCED,ESP,LOWER_SEC,THIN,TENANT_MARKET,RETIRED,POOR,N,N,N,N,N,N,N,N,N,NA,N,-1.0,-1.0,-1.0,-1.0,-1.0,-1.0,-1.0,-1.0,-1.0,-1.0,-1.0,-1.0,-1.0,-1.0,-1.0,-1.0,-1.0,-1.0,-1.0,-1.0,-1.0,-1.0,-1.0,-1.0,-1.0,-1.0,-1.0,-1.0,-1.0,-1.0,-1.0,-1.0,-1.0,-1.0,-1.0,-1.0,94295
M,WIDOWED,ESP,PRIMARY,THIN,TENANT_REDUCED,OTHER_INACTIVE,FAIR,N,N,N,N,N,N,N,N,N,NA,N,-1.0,-1.0,-1.0,-1.0,-1.0,-1.0,-1.0,-1.0,-1.0,-1.0,-1.0,-1.0,-1.0,-1.0,-1.0,-1.0,-1.0,-1.0,-1.0,-1.0,-1.0,-1.0,-1.0,-1.0,-1.0,-1.0,-1.0,-1.0,-1.0,-1.0,-1.0,-1.0,-1.0,-1.0,-1.0,-1.0,6799
M,DIVORCED,ESP,PRIMARY,THIN,TENANT_REDUCED,OTHER_INACTIVE,FAIR,N,N,N,N,N,N,N,N,N,NA,N,-1.0,-1.0,-1.0,-1.0,-1.0,-1.0,-1.0,-1.0,-1.0,-1.0,-1.0,-1.0,-1.0,-1.0,-1.0,-1.0,-1.0,-1.0,-1.0,-1.0,-1.0,-1.0,-1.0,-1.0,-1.0,-1.0,-1.0,-1.0,-1.0,-1.0,-1.0,-1.0,-1.0,-1.0,-1.0,-1.0,60384
M,DIVORCED,ITA,PRIMARY,THIN,TENANT_MARKET,RETIRED,FAIR,N,N,N,N,N,N,N,N,N,NA,N,-1.0,-1.0,-1.0,-1.0,-1.0,-1.0,-1.0,-1.0,-1.0,-1.0,-1.0,-1.0,-1.0,-1.0,-1.0,-1.0,-1.0,-1.0,-1.0,-1.0,-1.0,-1.0,-1.0,-1.0,-1.0,-1.0,-1.0,-1.0,-1.0,-1.0,-1.0,-1.0,-1.0,-1.0,-1.0,-1.0,24459
M,WIDOWED,ITA,PRIMARY,THIN,TENANT_MARKET,RETIRED,POOR,N,N,N,N,N,N,N,N,N,UNK,N,-1.0,-1.0,-1.0,-1.0,-1.0,-1.0,-1.0,-1.0,-1.0,-1.0,-1.0,-1.0,-1.0,-1.0,-1.0,-1.0,-1.0,-1.0,-1.0,-1.0,-1.0,-1.0,-1.0,-1.0,-1.0,-1.0,-1.0,-1.0,-1.0,-1.0,-1.0,-1.0,-1.0,-1.0,-1.0,-1.0,84650
M,WIDOWED,ESP,PRIMARY,THIN,TENANT_REDUCED,OTHER_INACTIVE,POOR,N,N,N,N,N,N,N,N,N,UNK,N,-1.0,-1.0,-1.0,-1.0,-1.0,-1.0,-1.0,-1.0,-1.0,-1.0,-1.0,-1.0,-1.0,-1.0,-1.0,-1.0,-1.0,-1.0,-1.0,-1.0,-1.0,-1.0,-1.0,-1.0,-1.0,-1.0,-1.0,-1.0,-1.0,-1.0,-1.0,-1.0,-1.0,-1.0,-1.0,-1.0,6146
M,WIDOWED,ITA,PRIMARY,THIN,TENANT_MARKET,OTHER_INACTIVE,FAIR,N,N,N,N,N,N,N,N,N,NA,N,-1.0,-1.0,-1.0,-1.0,-1.0,-1.0,-1.0,-1.0,-1.0,-1.0,-1.0,-1.0,-1.0,-1.0,-1.0,-1.0,-1.0,-1.0,-1.0,-1.0,-1.0,-1.0,-1.0,-1.0,-1.0,-1.0,-1.0,-1.0,-1.0,-1.0,-1.0,-1.0,-1.0,-1.0,-1.0,-1.0,28390
M,WIDOWED,ITA,PRIMARY,THIN,TENANT_MARKET,RETIRED,POOR,N,N,N,N,N,N,N,N,N,NA,N,-1.0,-1.0,-1.0,-1.0,-1.0,-1.0,-1.0,-1.0,-1.0,-1.0,-1.0,-1.0,-1.0,-1.0,-1.0,-1.0,-1.0,-1.0,-1.0,-1.0,-1.0,-1.0,-1.0,-1.0,-1.0,-1.0,-1.0,-1.0,-1.0,-1.0,-1.0,-1.0,-1.0,-1.0,-1.0,-1.0,23243
M,WIDOWED,ITA,PRIMARY,THIN,TENANT_MARKET,OTHER_INACTIVE,FAIR,N,N,N,N,N,N,N,N,N,UNK,N,-1.0,-1.0,-1.0,-1.0,-1.0,-1.0,-1.0,-1.0,-1.0,-1.0,-1.0,-1.0,-1.0,-1.0,-1.0,-1.0,-1.0,-1.0,-1.0,-1.0,-1.0,-1.0,-1.0,-1.0,-1.0,-1.0,-1.0,-1.0,-1.0,-1.0,-1.0,-1.0,-1.0,-1.0,-1.0,-1.0,7651
M,WIDOWED,ESP,PRIMARY,THIN,TENANT_REDUCED,RETIRED,FAIR,N,N,N,N,N,N,N,N,N,NA,N,-1.0,-1.0,-1.0,-1.0,-1.0,-1.0,-1.0,-1.0,-1.0,-1.0,-1.0,-1.0,-1.0,-1.0,-1.0,-1.0,-1.0,-1.0,-1.0,-1.0,-1.0,-1.0,-1.0,-1.0,-1.0,-1.0,-1.0,-1.0,-1.0,-1.0,-1.0,-1.0,-1.0,-1.0,-1.0,-1.0,39917
M,DIVORCED,ESP,PRIMARY,THIN,TENANT_MARKET,RETIRED,FAIR,N,N,N,N,N,N,N,N,N,NA,N,-1.0,-1.0,-1.0,-1.0,-1.0,-1.0,-1.0,-1.0,-1.0,-1.0,-1.0,-1.0,-1.0,-1.0,-1.0,-1.0,-1.0,-1.0,-1.0,-1.0,-1.0,-1.0,-1.0,-1.0,-1.0,-1.0,-1.0,-1.0,-1.0,-1.0,-1.0,-1.0,-1.0,-1.0,-1.0,-1.0,41600
M,DIVORCED,ITA,PRIMARY,THIN,TENANT_REDUCED,RETIRED,FAIR,N,N,N,N,N,N,N,N,N,NA,N,-1.0,-1.0,-1.0,-1.0,-1.0,-1.0,-1.0,-1.0,-1.0,-1.0,-1.0,-1.0,-1.0,-1.0,-1.0,-1.0,-1.0,-1.0,-1.0,-1.0,-1.0,-1.0,-1.0,-1.0,-1.0,-1.0,-1.0,-1.0,-1.0,-1.0,-1.0,-1.0,-1.0,-1.0,-1.0,-1.0,90487
M,WIDOWED,ESP,PRIMARY,THIN,TENANT_REDUCED,RETIRED,FAIR,N,N,N,N,N,N,N,N,N,NA,N,-1.0,-1.0,-1.0,-1.0,-1.0,-1.0,-1.0,-1.0,-1.0,-1.0,-1.0,-1.0,-1.0,-1.0,-1.0,-1.0,-1.0,-1.0,-1.0,-1.0,-1.0,-1.0,-1.0,-1.0,-1.0,-1.0,-1.0,-1.0,-1.0,-1.0,-1.0,-1.0,-1.0,-1.0,-1.0,-1.0,24960
M,DIVORCED,ITA,LOWER_SEC,THIN,TENANT_REDUCED,RETIRED,FAIR,N,N,N,N,N,N,N,N,N,UNK,N,-1.0,-1.0,-1.0,-1.0,-1.0,-1.0,-1.0,-1.0,-1.0,-1.0,-1.0,-1.0,-1.0,-1.0,-1.0,-1.0,-1.0,-1.0,-1.0,-1.0,-1.0,-1.0,-1.0,-1.0,-1.0,-1.0,-1.0,-1.0,-1.0,-1.0,-1.0,-1.0,-1.0,-1.0,-1.0,-1.0,3176
M,WIDOWED,ESP,LOWER_SEC,THIN,TENANT_MARKET,RETIRED,POOR,N,N,N,N,N,N,N,N,N,NA,N,-1.0,-1.0,-1.0,-1.0,-1.0,-1.0,-1.0,-1.0,-1.0,-1.0,-1.0,-1.0,-1.0,-1.0,-1.0,-1.0,-1.0,-1.0,-1.0,-1.0,-1.0,-1.0,-1.0,-1.0,-1.0,-1.0,-1.0,-1.0,-1.0,-1.0,-1.0,-1.0,-1.0,-1.0,-1.0,-1.0,42656
M,DIVORCED,ESP,PRIMARY,THIN,TENANT_MARKET,OTHER_INACTIVE,FAIR,N,N,N,N,N,N,N,N,N,UNK,N,-1.0,-1.0,-1.0,-1.0,-1.0,-1.0,-1.0,-1.0,-1.0,-1.0,-1.0,-1.0,-1.0,-1.0,-1.0,-1.0,-1.0,-1.0,-1.0,-1.0,-1.0,-1.0,-1.0,-1.0,-1.0,-1.0,-1.0,-1.0,-1.0,-1.0,-1.0,-1.0,-1.0,-1.0,-1.0,-1.0,73989
M,DIVORCED,ESP,LOWER_SEC,THIN,TENANT_MARKET,RETIRED,POOR,N,N,N,N,N,N,N,N,N,NA,N,-1.0,-1.0,-1.0,-1.0,-1.0,-1.0,-1.0,-1.0,-1.0,-1.0,-1.0,-1.0,-1.0,-1.0,-1.0,-1.0,-1.0,-1.0,-1.0,-1.0,-1.0,-1.0,-1.0,-1.0,-1.0,-1.0,-1.0,-1.0,-1.0,-1.0,-1.0,-1.0,-1.0,-1.0,-1.0,-1.0,85632
M,DIVORCED,ITA,PRIMARY,THIN,TENANT_REDUCED,OTHER_INACTIVE,FAIR,N,N,N,N,N,N,N,N,N,UNK,N,-1.0,-1.0,-1.0,-1.0,-1.0,-1.0,-1.0,-1.0,-1.0,-1.0,-1.0,-1.0,-1.0,-1.0,-1.0,-1.0,-1.0,-1.0,-1.0,-1.0,-1.0,-1.0,-1.0,-1.0,-1.0,-1.0,-1.0,-1.0,-1.0,-1.0,-1.0,-1.0,-1.0,-1.0,-1.0,-1.0,33279
M,DIVORCED,ITA,PRIMARY,THIN,TENANT_MARKET,RETIRED,FAIR,N,N,N,N,N,N,N,N,N,NA,N,-1.0,-1.0,-1.0,-1.0,-1.0,-1.0,-1.0,-1.0,-1.0,-1.0,-1.0,-1.0,-1.0,-1.0,-1.0,-1.0,-1.0,-1.0,-1.0,-1.0,-1.0,-1.0,-1.0,-1.0,-1.0,-1.0,-1.0,-1.0,-1.0,-1.0,-1.0,-1.0,-1.0,-1.0,-1.0,-1.0,92789
M,DIVORCED,ITA,LOWER_SEC,THIN,TENANT_MARKET,RETIRED,FAIR,N,N,N,N,N,N,N,N,N,UNK,N,-1.0,-1.0,-1.0,-1.0,-1.0,-1.0,-1.0,-1.0,-1.0,-1.0,-1.0,-1.0,-1.0,-1.0,-1.0,-1.0,-1.0,-1.0,-1.0,-1.0,-1.0,-1.0,-1.0,-1.0,-1.0,-1.0,-1.0,-1.0,-1.0,-1.0,-1.0,-1.0,-1.0,-1.0,-1.0,-1.0,45786
M,WIDOWED,ESP,LOWER_SEC,THIN,TENANT_REDUCED,RETIRED,FAIR,N,N,N,N,N,N,N,N,N,UNK,N,-1.0,-1.0,-1.0,-1.0,-1.0,-1.0,-1.0,-1.0,-1.0,-1.0,-1.0,-1.0,-1.0,-1.0,-1.0,-1.0,-1.0,-1.0,-1.0,-1.0,-1.0,-1.0,-1.0,-1.0,-1.0,-1.0,-1.0,-1.0,-1.0,-1.0,-1.0,-1.0,-1.0,-1.0,-1.0,-1.0,45468
M,DIVORCED,ITA,LOWER_SEC,THIN,TENANT_MARKET,OTHER_INACTIVE,FAIR,N,N,N,N,N,N,N,N,N,UNK,N,-1.0,-1.0,-1.0,-1.0,-1.0,-1.0,-1.0,-1.0,-1.0,-1.0,-1.0,-1.0,-1.0,-1.0,-1.0,-1.0,-1.0,-1.0,-1.0,-1.0,-1.0,-1.0,-1.0,-1.0,-1.0,-1.0,-1.0,-1.0,-1.0,-1.0,-1.0,-1.0,-1.0,-1.0,-1.0,-1.0,10833
M,WIDOWED,ITA,LOWER_SEC,THIN,TENANT_REDUCED,RETIRED,FAIR,N,N,N,N,N,N,N,N,N,NA,N,-1.0,-1.0,-1.0,-1.0,-1.0,-1.0,-1.0,-1.0,-1.0,-1.0,-1.0,-1.0,-1.0,-1.0,-1.0,-1.0,-1.0,-1.0,-1.0,-1.0,-1.0,-1.0,-1.0,-1.0,-1.0,-1.0,-1.0,-1.0,-1.0,-1.0,-1.0,-1.0,-1.0,-1.0,-1.0,-1.0,79409
M,DIVORCED,ITA,PRIMARY,THIN,TENANT_MARKET,RETIRED,FAIR,N,N,N,N,N,N,N,N,N,NA,N,-1.0,-1.0,-1.0,-1.0,-1.0,-1.0,-1.0,-1.0,-1.0,-1.0,-1.0,-1.0,-1.0,-1.0,-1.0,-1.0,-1.0,-1.0,-1.0,-1.0,-1.0,-1.0,-1.0,-1.0,-1.0,-1.0,-1.0,-1.0,-1.0,-1.0,-1.0,-1.0,-1.0,-1.0,-1.0,-1.0,38485
M,WIDOWED,ESP,PRIMARY,THIN,TENANT_MARKET,RETIRED,POOR,N,N,N,N,N,N,N,N,N,UNK,N,-1.0,-1.0,-1.0,-1.0,-1.0,-1.0,-1.0,-1.0,-1.0,-1.0,-1.0,-1.0,-1.0,-1.0,-1.0,-1.0,-1.0,-1.0,-1.0,-1.0,-1.0,-1.0,-1.0,-1.0,-1.0,-1.0,-1.0,-1.0,-1.0,-1.0,-1.0,-1.0,-1.0,-1.0,-1.0,-1.0,44192
M,WIDOWED,ITA,LOWER_SEC,THIN,TENANT_REDUCED,RETIRED,FAIR,N,N,N,N,N,N,N,N,N,UNK,N,-1.0,-1.0,-1.0,-1.0,-1.0,-1.0,-1.0,-1.0,-1.0,-1.0,-1.0,-1.0,-1.0,-1.0,-1.0,-1.0,-1.0,-1.0,-1.0,-1.0,-1.0,-1.0,-1.0,-1.0,-1.0,-1.0,-1.0,-1.0,-1.0,-1.0,-1.0,-1.0,-1.0,-1.0,-1.0,-1.0,12737
M,WIDOWED,ITA,LOWER_SEC,THIN,TENANT_MARKET,OTHER_INACTIVE,POOR,N,N,N,N,N,N,N,N,N,NA,N,-1.0,-1.0,-1.0,-1.0,-1.0,-1.0,-1.0,-1.0,-1.0,-1.0,-1.0,-1.0,-1.0,-1.0,-1.0,-1.0,-1.0,-1.0,-1.0,-1.0,-1.0,-1.0,-1.0,-1.0,-1.0,-1.0,-1.0,-1.0,-1.0,-1.0,-1.0,-1.0,-1.0,-1.0,-1.0,-1.0,18461
M,DIVORCED,ESP,LOWER_SEC,THIN,TENANT_MARKET,OTHER_INACTIVE,FAIR,N,N,N,N,N,N,N,N,N,NA,N,-1.0,-1.0,-1.0,-1.0,-1.0,-1.0,-1.0,-1.0,-1.0,-1.0,-1.0,-1.0,-1.0,-1.0,-1.0,-1.0,-1.0,-1.0,-1.0,-1.0,-1.0,-1.0,-1.0,-1.0,-1.0,-1.0,-1.0,-1.0,-1.0,-1.0,-1.0,-1.0,-1.0,-1.0,-1.0,-1.0,29911
M,DIVORCED,ESP,LOWER_SEC,THIN,TENANT_REDUCED,OTHER_INACTIVE,FAIR,N,N,N,N,N,N,N,N,N,UNK,N,-1.0,-1.0,-1.0,-1.0,-1.0,-1.0,-1.0,-1.0,-1.0,-1.0,-1.0,-1.0,-1.0,-1.0,-1.0,-1.0,-1.0,-1.0,-1.0,-1.0,-1.0,-1.0,-1.0,-1.0,-1.0,-1.0,-1.0,-1.0,-1.0,-1.0,-1.0,-1.0,-1.0,-1.0,-1.0,-1.0,73981
M,WIDOWED,ESP,PRIMARY,THIN,TENANT_REDUCED,OTHER_INACTIVE,POOR,N,N,N,N,N,N,N,N,N,UNK,N,-1.0,-1.0,-1.0,-1.0,-1.0,-1.0,-1.0,-1.0,-1.0,-1.0,-1.0,-1.0,-1.0,-1.0,-1.0,-1.0,-1.0,-1.0,-1.0,-1.0,-1.0,-1.0,-1.0,-1.0,-1.0,-1.0,-1.0,-1.0,-1.0,-1.0,-1.0,-1.0,-1.0,-1.0,-1.0,-1.0,56910
M,DIVORCED,ITA,LOWER_SEC,THIN,TENANT_MARKET,RETIRED,FAIR,N,N,N,N,N,N,N,N,N,NA,N,-1.0,-1.0,-1.0,-1.0,-1.0,-1.0,-1.0,-1.0,-1.0,-1.0,-1.0,-1.0,-1.0,-1.0,-1.0,-1.0,-1.0,-1.0,-1.0,-1.0,-1.0,-1.0,-1.0,-1.0,-1.0,-1.0,-1.0,-1.0,-1.0,-1.0,-1.0,-1.0,-1.0,-1.0,-1.0,-1.0,67670
M,DIVORCED,ITA,PRIMARY,THIN,TENANT_MARKET,RETIRED,FAIR,N,N,N,N,N,N,N,N,N,NA,N,-1.0,-1.0,-1.0,-1.0,-1.0,-1.0,-1.0,-1.0,-1.0,-1.0,-1.0,-1.0,-1.0,-1.0,-1.0,-1.0,-1.0,-1.0,-1.0,-1.0,-1.0,-1.0,-1.0,-1.0,-1.0,-1.0,-1.0,-1.0,-1.0,-1.0,-1.0,-1.0,-1.0,-1.0,-1.0,-1.0,7063
M,DIVORCED,ESP,LOWER_SEC,THIN,TENANT_REDUCED,OTHER_INACTIVE,POOR,N,N,N,N,N,N,N,N,N,UNK,N,-1.0,-1.0,-1.0,-1.0,-1.0,-1.0,-1.0,-1.0,-1.0,-1.0,-1.0,-1.0,-1.0,-1.0,-1.0,-1.0,-1.0,-1.0,-1.0,-1.0,-1.0,-1.0,-1.0,-1.0,-1.0,-1.0,-1.0,-1.0,-1.0,-1.0,-1.0,-1.0,-1.0,-1.0,-1.0,-1.0,45736
M,WIDOWED,ESP,PRIMARY,THIN,TENANT_REDUCED,RETIRED,FAIR,N,N,N,N,N,N,N,N,N,UNK,N,-1.0,-1.0,-1.0,-1.0,-1.0,-1.0,-1.0,-1.0,-1.0,-1.0,-1.0,-1.0,-1.0,-1.0,-1.0,-1.0,-1.0,-1.0,-1.0,-1.0,-1.0,-1.0,-1.0,-1.0,-1.0,-1.0,-1.0,-1.0,-1.0,-1.0,-1.0,-1.0,-1.0,-1.0,-1.0,-1.0,57254
M,DIVORCED,ESP,LOWER_SEC,THIN,TENANT_MARKET,OTHER_INACTIVE,FAIR,N,N,N,N,N,N,N,N,N,NA,N,-1.0,-1.0,-1.0,-1.0,-1.0,-1.0,-1.0,-1.0,-1.0,-1.0,-1.0,-1.0,-1.0,-1.0,-1.0,-1.0,-1.0,-1.0,-1.0,-1.0,-1.0,-1.0,-1.0,-1.0,-1.0,-1.0,-1.0,-1.0,-1.0,-1.0,-1.0,-1.0,-1.0,-1.0,-1.0,-1.0,15268
M,WIDOWED,ESP,PRIMARY,THIN,TENANT_REDUCED,RETIRED,FAIR,N,N,N,N,N,N,N,N,N,NA,N,-1.0,-1.0,-1.0,-1.0,-1.0,-1.0,-1.0,-1.0,-1.0,-1.0,-1.0,-1.0,-1.0,-1.0,-1.0,-1.0,-1.0,-1.0,-1.0,-1.0,-1.0,-1.0,-1.0,-1.0,-1.0,-1.0,-1.0,-1.0,-1.0,-1.0,-1.0,-1.0,-1.0,-1.0,-1.0,-1.0,33492
M,WIDOWED,ESP,PRIMARY,THIN,TENANT_MARKET,RETIRED,FAIR,N,N,N,N,N,N,N,N,N,NA,N,-1.0,-1.0,-1.0,-1.0,-1.0,-1.0,-1.0,-1.0,-1.0,-1.0,-1.0,-1.0,-1.0,-1.0,-1.0,-1.0,-1.0,-1.0,-1.0,-1.0,-1.0,-1.0,-1.0,-1.0,-1.0,-1.0,-1.0,-1.0,-1.0,-1.0,-1.0,-1.0,-1.0,-1.0,-1.0,-1.0,28349
M,WIDOWED,ITA,PRIMARY,THIN,TENANT_REDUCED,RETIRED,FAIR,N,N,N,N,N,N,N,N,N,NA,N,-1.0,-1.0,-1.0,-1.0,-1.0,-1.0,-1.0,-1.0,-1.0,-1.0,-1.0,-1.0,-1.0,-1.0,-1.0,-1.0,-1.0,-1.0,-1.0,-1.0,-1.0,-1.0,-1.0,-1.0,-1.0,-1.0,-1.0,-1.0,-1.0,-1.0,-1.0,-1.0,-1.0,-1.0,-1.0,-1.0,21646
M,DIVORCED,ITA,LOWER_SEC,THIN,TENANT_MARKET,OTHER_INACTIVE,FAIR,N,N,N,N,N,N,N,N,N,NA,N,-1.0,-1.0,-1.0,-1.0,-1.0,-1.0,-1.0,-1.0,-1.0,-1.0,-1.0,-1.0,-1.0,-1.0,-1.0,-1.0,-1.0,-1.0,-1.0,-1.0,-1.0,-1.0,-1.0,-1.0,-1.0,-1.0,-1.0,-1.0,-1.0,-1.0,-1.0,-1.0,-1.0,-1.0,-1.0,-1.0,89699
M,DIVORCED,ITA,LOWER_SEC,THIN,TENANT_MARKET,OTHER_INACTIVE,FAIR,N,N,N,N,N,N,N,N,N,NA,N,-1.0,-1.0,-1.0,-1.0,-1.0,-1.0,-1.0,-1.0,-1.0,-1.0,-1.0,-1.0,-1.0,-1.0,-1.0,-1.0,-1.0,-1.0,-1.0,-1.0,-1.0,-1.0,-1.0,-1.0,-1.0,-1.0,-1.0,-1.0,-1.0,-1.0,-1.0,-1.0,-1.0,-1.0,-1.0,-1.0,66434
M,WIDOWED,ITA,LOWER_SEC,THIN,TENANT_MARKET,OTHER_INACTIVE,FAIR,N,N,N,N,N,N,N,N,N,UNK,N,-1.0,-1.0,-1.0,-1.0,-1.0,-1.0,-1.0,-1.0,-1.0,-1.0,-1.0,-1.0,-1.0,-1.0,-1.0,-1.0,-1.0,-1.0,-1.0,-1.0,-1.0,-1.0,-1.0,-1.0,-1.0,-1.0,-1.0,-1.0,-1.0,-1.0,-1.0,-1.0,-1.0,-1.0,-1.0,-1.0,11994
M,DIVORCED,ESP,PRIMARY,THIN,TENANT_REDUCED,RETIRED,POOR,N,N,N,N,N,N,N,N,N,NA,N,-1.0,-1.0,-1.0,-1.0,-1.0,-1.0,-1.0,-1.0,-1.0,-1.0,-1.0,-1.0,-1.0,-1.0,-1.0,-1.0,-1.0,-1.0,-1.0,-1.0,-1.0,-1.0,-1.0,-1.0,-1.0,-1.0,-1.0,-1.0,-1.0,-1.0,-1.0,-1.0,-1.0,-1.0,-1.0,-1.0,14745
M,WIDOWED,ITA,PRIMARY,THIN,TENANT_MARKET,OTHER_INACTIVE,POOR,N,N,N,N,N,N,N,N,N,NA,N,-1.0,-1.0,-1.0,-1.0,-1.0,-1.0,-1.0,-1.0,-1.0,-1.0,-1.0,-1.0,-1.0,-1.0,-1.0,-1.0,-1.0,-1.0,-1.0,-1.0,-1.0,-1.0,-1.0,-1.0,-1.0,-1.0,-1.0,-1.0,-1.0,-1.0,-1.0,-1.0,-1.0,-1.0,-1.0,-1.0,92014
M,WIDOWED,ESP,LOWER_SEC,THIN,TENANT_REDUCED,RETIRED,POOR,N,N,N,N,N,N,N,N,N,UNK,N,-1.0,-1.0,-1.0,-1.0,-1.0,-1.0,-1.0,-1.0,-1.0,-1.0,-1.0,-1.0,-1.0,-1.0,-1.0,-1.0,-1.0,-1.0,-1.0,-1.0,-1.0,-1.0,-1.0,-1.0,-1.0,-1.0,-1.0,-1.0,-1.0,-1.0,-1.0,-1.0,-1.0,-1.0,-1.0,-1.0,20947
M,DIVORCED,ESP,PRIMARY,THIN,TENANT_MARKET,RETIRED,POOR,N,N,N,N,N,N,N,N,N,UNK,N,-1.0,-1.0,-1.0,-1.0,-1.0,-1.0,-1.0,-1.0,-1.0,-1.0,-1.0,-1.0,-1.0,-1.0,-1.0,-1.0,-1.0,-1.0,-1.0,-1.0,-1.0,-1.0,-1.0,-1.0,-1.0,-1.0,-1.0,-1.0,-1.0,-1.0,-1.0,-1.0,-1.0,-1.0,-1.0,-1.0,55695
M,DIVORCED,ITA,PRIMARY,THIN,TENANT_MARKET,RETIRED,FAIR,N,N,N,N,N,N,N,N,N,NA,N,-1.0,-1.0,-1.0,-1.0,-1.0,-1.0,-1.0,-1.0,-1.0,-1.0,-1.0,-1.0,-1.0,-1.0,-1.0,-1.0,-1.0,-1.0,-1.0,-1.0,-1.0,-1.0,-1.0,-1.0,-1.0,-1.0,-1.0,-1.0,-1.0,-1.0,-1.0,-1.0,-1.0,-1.0,-1.0,-1.0,24456
M,DIVORCED,ESP,PRIMARY,THIN,TENANT_REDUCED,OTHER_INACTIVE,FAIR,N,N,N,N,N,N,N,N,N,UNK,N,-1.0,-1.0,-1.0,-1.0,-1.0,-1.0,-1.0,-1.0,-1.0,-1.0,-1.0,-1.0,-1.0,-1.0,-1.0,-1.0,-1.0,-1.0,-1.0,-1.0,-1.0,-1.0,-1.0,-1.0,-1.0,-1.0,-1.0,-1.0,-1.0,-1.0,-1.0,-1.0,-1.0,-1.0,-1.0,-1.0,85235
M,DIVORCED,ESP,PRIMARY,THIN,TENANT_REDUCED,OTHER_INACTIVE,FAIR,N,N,N,N,N,N,N,N,N,NA,N,-1.0,-1.0,-1.0,-1.0,-1.0,-1.0,-1.0,-1.0,-1.0,-1.0,-1.0,-1.0,-1.0,-1.0,-1.0,-1.0,-1.0,-1.0,-1.0,-1.0,-1.0,-1.0,-1.0,-1.0,-1.0,-1.0,-1.0,-1.0,-1.0,-1.0,-1.0,-1.0,-1.0,-1.0,-1.0,-1.0,35586
M,WIDOWED,ESP,PRIMARY,THIN,TENANT_MARKET,OTHER_INACTIVE,FAIR,N,N,N,N,N,N,N,N,N,UNK,N,-1.0,-1.0,-1.0,-1.0,-1.0,-1.0,-1.0,-1.0,-1.0,-1.0,-1.0,-1.0,-1.0,-1.0,-1.0,-1.0,-1.0,-1.0,-1.0,-1.0,-1.0,-1.0,-1.0,-1.0,-1.0,-1.0,-1.0,-1.0,-1.0,-1.0,-1.0,-1.0,-1.0,-1.0,-1.0,-1.0,42904
M,WIDOWED,ESP,LOWER_SEC,THIN,TENANT_MARKET,RETIRED,FAIR,N,N,N,N,N,N,N,N,N,UNK,N,-1.0,-1.0,-1.0,-1.0,-1.0,-1.0,-1.0,-1.0,-1.0,-1.0,-1.0,-1.0,-1.0,-1.0,-1.0,-1.0,-1.0,-1.0,-1.0,-1.0,-1.0,-1.0,-1.0,-1.0,-1.0,-1.0,-1.0,-1.0,-1.0,-1.0,-1.0,-1.0,-1.0,-1.0,-1.0,-1.0,55376
M,DIVORCED,ESP,LOWER_SEC,THIN,TENANT_REDUCED,RETIRED,POOR,N,N,N,N,N,N,N,N,N,NA,N,-1.0,-1.0,-1.0,-1.0,-1.0,-1.0,-1.0,-1.0,-1.0,-1.0,-1.0,-1.0,-1.0,-1.0,-1.0,-1.0,-1.0,-1.0,-1.0,-1.0,-1.0,-1.0,-1.0,-1.0,-1.0,-1.0,-1.0,-1.0,-1.0,-1.0,-1.0,-1.0,-1.0,-1.0,-1.0,-1.0,77873
M,DIVORCED,ESP,PRIMARY,THIN,TENANT_MARKET,OTHER_INACTIVE,POOR,N,N,N,N,N,N,N,N,N,UNK,N,-1.0,-1.0,-1.0,-1.0,-1.0,-1.0,-1.0,-1.0,-1.0,-1.0,-1.0,-1.0,-1.0,-1.0,-1.0,-1.0,-1.0,-1.0,-1.0,-1.0,-1.0,-1.0,-1.0,-1.0,-1.0,-1.0,-1.0,-1.0,-1.0,-1.0,-1.0,-1.0,-1.0,-1.0,-1.0,-1.0,1882
M,WIDOWED,ESP,PRIMARY,THIN,TENANT_REDUCED,OTHER_INACTIVE,FAIR,N,N,N,N,N,N,N,N,N,UNK,N,-1.0,-1.0,-1.0,-1.0,-1.0,-1.0,-1.0,-1.0,-1.0,-1.0,-1.0,-1.0,-1.0,-1.0,-1.0,-1.0,-1.0,-1.0,-1.0,-1.0,-1.0,-1.0,-1.0,-1.0,-1.0,-1.0,-1.0,-1.0,-1.0,-1.0,-1.0,-1.0,-1.0,-1.0,-1.0,-1.0,53011
M,DIVORCED,ITA,PRIMARY,THIN,TENANT_REDUCED,RETIRED,FAIR,N,N,N,N,N,N,N,N,N,NA,N,-1.0,-1.0,-1.0,-1.0,-1.0,-1.0,-1.0,-1.0,-1.0,-1.0,-1.0,-1.0,-1.0,-1.0,-1.0,-1.0,-1.0,-1.0,-1.0,-1.0,-1.0,-1.0,-1.0,-1.0,-1.0,-1.0,-1.0,-1.0,-1.0,-1.0,-1.0,-1.0,-1.0,-1.0,-1.0,-1.0,19944
M,DIVORCED,ESP,PRIMARY,THIN,TENANT_REDUCED,OTHER_INACTIVE,POOR,N,N,N,N,N,N,N,N,N,NA,N,-1.0,-1.0,-1.0,-1.0,-1.0,-1.0,-1.0,-1.0,-1.0,-1.0,-1.0,-1.0,-1.0,-1.0,-1.0,-1.0,-1.0,-1.0,-1.0,-1.0,-1.0,-1.0,-1.0,-1.0,-1.0,-1.0,-1.0,-1.0,-1.0,-1.0,-1.0,-1.0,-1.0,-1.0,-1.0,-1.0,48826
M,WIDOWED,ITA,LOWER_SEC,THIN,TENANT_MARKET,OTHER_INACTIVE,POOR,N,N,N,N,N,N,N,N,N,UNK,N,-1.0,-1.0,-1.0,-1.0,-1.0,-1.0,-1.0,-1.0,-1.0,-1.0,-1.0,-1.0,-1.0,-1.0,-1.0,-1.0,-1.0,-1.0,-1.0,-1.0,-1.0,-1.0,-1.0,-1.0,-1.0,-1.0,-1.0,-1.0,-1.0,-1.0,-1.0,-1.0,-1.0,-1.0,-1.0,-1.0,17683
M,WIDOWED,ITA,PRIMARY,THIN,TENANT_MARKET,RETIRED,FAIR,N,N,N,N,N,N,N,N,N,UNK,N,-1.0,-1.0,-1.0,-1.0,-1.0,-1.0,-1.0,-1.0,-1.0,-1.0,-1.0,-1.0,-1.0,-1.0,-1.0,-1.0,-1.0,-1.0,-1.0,-1.0,-1.0,-1.0,-1.0,-1.0,-1.0,-1.0,-1.0,-1.0,-1.0,-1.0,-1.0,-1.0,-1.0,-1.0,-1.0,-1.0,60451
M,DIVORCED,ESP,PRIMARY,THIN,TENANT_REDUCED,RETIRED,FAIR,N,N,N,N,N,N,N,N,N,UNK,N,-1.0,-1.0,-1.0,-1.0,-1.0,-1.0,-1.0,-1.0,-1.0,-1.0,-1.0,-1.0,-1.0,-1.0,-1.0,-1.0,-1.0,-1.0,-1.0,-1.0,-1.0,-1.0,-1.0,-1.0,-1.0,-1.0,-1.0,-1.0,-1.0,-1.0,-1.0,-1.0,-1.0,-1.0,-1.0,-1.0,37383
M,WIDOWED,ITA,LOWER_SEC,THIN,TENANT_MARKET,RETIRED,FAIR,N,N,N,N,N,N,N,N,N,NA,N,-1.0,-1.0,-1.0,-1.0,-1.0,-1.0,-1.0,-1.0,-1.0,-1.0,-1.0,-1.0,-1.0,-1.0,-1.0,-1.0,-1.0,-1.0,-1.0,-1.0,-1.0,-1.0,-1.0,-1.0,-1.0,-1.0,-1.0,-1.0,-1.0,-1.0,-1.0,-1.0,-1.0,-1.0,-1.0,-1.0,84550
M,WIDOWED,ITA,LOWER_SEC,THIN,TENANT_REDUCED,RETIRED,FAIR,N,N,N,N,N,N,N,N,N,UNK,N,-1.0,-1.0,-1.0,-1.0,-1.0,-1.0,-1.0,-1.0,-1.0,-1.0,-1.0,-1.0,-1.0,-1.0,-1.0,-1.0,-1.0,-1.0,-1.0,-1.0,-1.0,-1.0,-1.0,-1.0,-1.0,-1.0,-1.0,-1.0,-1.0,-1.0,-1.0,-1.0,-1.0,-1.0,-1.0,-1.0,4352
M,DIVORCED,ESP,LOWER_SEC,THIN,TENANT_MARKET,OTHER_INACTIVE,FAIR,N,N,N,N,N,N,N,N,N,NA,N,-1.0,-1.0,-1.0,-1.0,-1.0,-1.0,-1.0,-1.0,-1.0,-1.0,-1.0,-1.0,-1.0,-1.0,-1.0,-1.0,-1.0,-1.0,-1.0,-1.0,-1.0,-1.0,-1.0,-1.0,-1.0,-1.0,-1.0,-1.0,-1.0,-1.0,-1.0,-1.0,-1.0,-1.0,-1.0,-1.0,45265
M,WIDOWED,ESP,PRIMARY,THIN,TENANT_REDUCED,OTHER_INACTIVE,POOR,N,N,N,N,N,N,N,N,N,UNK,N,-1.0,-1.0,-1.0,-1.0,-1.0,-1.0,-1.0,-1.0,-1.0,-1.0,-1.0,-1.0,-1.0,-1.0,-1.0,-1.0,-1.0,-1.0,-1.0,-1.0,-1.0,-1.0,-1.0,-1.0,-1.0,-1.0,-1.0,-1.0,-1.0,-1.0,-1.0,-1.0,-1.0,-1.0,-1.0,-1.0,84365
M,DIVORCED,ESP,PRIMARY,THIN,TENANT_REDUCED,RETIRED,FAIR,N,N,N,N,N,N,N,N,N,UNK,N,-1.0,-1.0,-1.0,-1.0,-1.0,-1.0,-1.0,-1.0,-1.0,-1.0,-1.0,-1.0,-1.0,-1.0,-1.0,-1.0,-1.0,-1.0,-1.0,-1.0,-1.0,-1.0,-1.0,-1.0,-1.0,-1.0,-1.0,-1.0,-1.0,-1.0,-1.0,-1.0,-1.0,-1.0,-1.0,-1.0,30481
M,DIVORCED,ESP,PRIMARY,THIN,TENANT_REDUCED,RETIRED,FAIR,N,N,N,N,N,N,N,N,N,NA,N,-1.0,-1.0,-1.0,-1.0,-1.0,-1.0,-1.0,-1.0,-1.0,-1.0,-1.0,-1.0,-1.0,-1.0,-1.0,-1.0,-1.0,-1.0,-1.0,-1.0,-1.0,-1.0,-1.0,-1.0,-1.0,-1.0,-1.0,-1.0,-1.0,-1.0,-1.0,-1.0,-1.0,-1.0,-1.0,-1.0,20594
M,DIVORCED,ITA,LOWER_SEC,THIN,TENANT_MARKET,RETIRED,FAIR,N,N,N,N,N,N,N,N,N,UNK,N,-1.0,-1.0,-1.0,-1.0,-1.0,-1.0,-1.0,-1.0,-1.0,-1.0,-1.0,-1.0,-1.0,-1.0,-1.0,-1.0,-1.0,-1.0,-1.0,-1.0,-1.0,-1.0,-1.0,-1.0,-1.0,-1.0,-1.0,-1.0,-1.0,-1.0,-1.0,-1.0,-1.0,-1.0,-1.0,-1.0,49730
M,DIVORCED,ITA,PRIMARY,THIN,TENANT_MARKET,RETIRED,FAIR,N,N,N,N,N,N,N,N,N,UNK,N,-1.0,-1.0,-1.0,-1.0,-1.0,-1.0,-1.0,-1.0,-1.0,-1.0,-1.0,-1.0,-1.0,-1.0,-1.0,-1.0,-1.0,-1.0,-1.0,-1.0,-1.0,-1.0,-1.0,-1.0,-1.0,-1.0,-1.0,-1.0,-1.0,-1.0,-1.0,-1.0,-1.0,-1.0,-1.0,-1.0,84038
M,DIVORCED,ESP,PRIMARY,THIN,TENANT_MARKET,RETIRED,POOR,N,N,N,N,N,N,N,N,N,UNK,N,-1.0,-1.0,-1.0,-1.0,-1.0,-1.0,-1.0,-1.0,-1.0,-1.0,-1.0,-1.0,-1.0,-1.0,-1.0,-1.0,-1.0,-1.0,-1.0,-1.0,-1.0,-1.0,-1.0,-1.0,-1.0,-1.0,-1.0,-1.0,-1.0,-1.0,-1.0,-1.0,-1.0,-1.0,-1.0,-1.0,460
M,WIDOWED,ESP,PRIMARY,THIN,TENANT_MARKET,OTHER_INACTIVE,FAIR,N,N,N,N,N,N,N,N,N,UNK,N,-1.0,-1.0,-1.0,-1.0,-1.0,-1.0,-1.0,-1.0,-1.0,-1.0,-1.0,-1.0,-1.0,-1.0,-1.0,-1.0,-1.0,-1.0,-1.0,-1.0,-1.0,-1.0,-1.0,-1.0,-1.0,-1.0,-1.0,-1.0,-1.0,-1.0,-1.0,-1.0,-1.0,-1.0,-1.0,-1.0,39203
M,DIVORCED,ITA,PRIMARY,THIN,TENANT_REDUCED,OTHER_INACTIVE,FAIR,N,N,N,N,N,N,N,N,N,NA,N,-1.0,-1.0,-1.0,-1.0,-1.0,-1.0,-1.0,-1.0,-1.0,-1.0,-1.0,-1.0,-1.0,-1.0,-1.0,-1.0,-1.0,-1.0,-1.0,-1.0,-1.0,-1.0,-1.0,-1.0,-1.0,-1.0,-1.0,-1.0,-1.0,-1.0,-1.0,-1.0,-1.0,-1.0,-1.0,-1.0,72609
M,WIDOWED,ESP,LOWER_SEC,THIN,TENANT_REDUCED,RETIRED,FAIR,N,N,N,N,N,N,N,N,N,NA,N,-1.0,-1.0,-1.0,-1.0,-1.0,-1.0,-1.0,-1.0,-1.0,-1.0,-1.0,-1.0,-1.0,-1.0,-1.0,-1.0,-1.0,-1.0,-1.0,-1.0,-1.0,-1.0,-1.0,-1.0,-1.0,-1.0,-1.0,-1.0,-1.0,-1.0,-1.0,-1.0,-1.0,-1.0,-1.0,-1.0,59446
M,WIDOWED,ESP,LOWER_SEC,THIN,TENANT_MARKET,RETIRED,FAIR,N,N,N,N,N,N,N,N,N,NA,N,-1.0,-1.0,-1.0,-1.0,-1.0,-1.0,-1.0,-1.0,-1.0,-1.0,-1.0,-1.0,-1.0,-1.0,-1.0,-1.0,-1.0,-1.0,-1.0,-1.0,-1.0,-1.0,-1.0,-1.0,-1.0,-1.0,-1.0,-1.0,-1.0,-1.0,-1.0,-1.0,-1.0,-1.0,-1.0,-1.0,18246
M,WIDOWED,ESP,PRIMARY,THIN,TENANT_MARKET,OTHER_INACTIVE,POOR,N,N,N,N,N,N,N,N,N,NA,N,-1.0,-1.0,-1.0,-1.0,-1.0,-1.0,-1.0,-1.0,-1.0,-1.0,-1.0,-1.0,-1.0,-1.0,-1.0,-1.0,-1.0,-1.0,-1.0,-1.0,-1.0,-1.0,-1.0,-1.0,-1.0,-1.0,-1.0,-1.0,-1.0,-1.0,-1.0,-1.0,-1.0,-1.0,-1.0,-1.0,36744
M,WIDOWED,ITA,PRIMARY,THIN,TENANT_MARKET,RETIRED,FAIR,N,N,N,N,N,N,N,N,N,NA,N,-1.0,-1.0,-1.0,-1.0,-1.0,-1.0,-1.0,-1.0,-1.0,-1.0,-1.0,-1.0,-1.0,-1.0,-1.0,-1.0,-1.0,-1.0,-1.0,-1.0,-1.0,-1.0,-1.0,-1.0,-1.0,-1.0,-1.0,-1.0,-1.0,-1.0,-1.0,-1.0,-1.0,-1.0,-1.0,-1.0,89263
M,WIDOWED,ESP,LOWER_SEC,THIN,TENANT_REDUCED,RETIRED,FAIR,N,N,N,N,N,N,N,N,N,NA,N,-1.0,-1.0,-1.0,-1.0,-1.0,-1.0,-1.0,-1.0,-1.0,-1.0,-1.0,-1.0,-1.0,-1.0,-1.0,-1.0,-1.0,-1.0,-1.0,-1.0,-1.0,-1.0,-1.0,-1.0,-1.0,-1.0,-1.0,-1.0,-1.0,-1.0,-1.0,-1.0,-1.0,-1.0,-1.0,-1.0,53741
M,DIVORCED,ESP,LOWER_SEC,THIN,TENANT_MARKET,OTHER_INACTIVE,POOR,N,N,N,N,N,N,N,N,N,NA,N,-1.0,-1.0,-1.0,-1.0,-1.0,-1.0,-1.0,-1.0,-1.0,-1.0,-1.0,-1.0,-1.0,-1.0,-1.0,-1.0,-1.0,-1.0,-1.0,-1.0,-1.0,-1.0,-1.0,-1.0,-1.0,-1.0,-1.0,-1.0,-1.0,-1.0,-1.0,-1.0,-1.0,-1.0,-1.0,-1.0,93989
M,DIVORCED,ITA,LOWER_SEC,THIN,TENANT_MARKET,OTHER_INACTIVE,POOR,N,N,N,N,N,N,N,N,N,NA,N,-1.0,-1.0,-1.0,-1.0,-1.0,-1.0,-1.0,-1.0,-1.0,-1.0,-1.0,-1.0,-1.0,-1.0,-1.0,-1.0,-1.0,-1.0,-1.0,-1.0,-1.0,-1.0,-1.0,-1.0,-1.0,-1.0,-1.0,-1.0,-1.0,-1.0,-1.0,-1.0,-1.0,-1.0,-1.0,-1.0,60795
M,DIVORCED,ESP,LOWER_SEC,THIN,TENANT_MARKET,RETIRED,POOR,N,N,N,N,N,N,N,N,N,UNK,N,-1.0,-1.0,-1.0,-1.0,-1.0,-1.0,-1.0,-1.0,-1.0,-1.0,-1.0,-1.0,-1.0,-1.0,-1.0,-1.0,-1.0,-1.0,-1.0,-1.0,-1.0,-1.0,-1.0,-1.0,-1.0,-1.0,-1.0,-1.0,-1.0,-1.0,-1.0,-1.0,-1.0,-1.0,-1.0,-1.0,89193
M,DIVORCED,ESP,PRIMARY,THIN,TENANT_REDUCED,OTHER_INACTIVE,POOR,N,N,N,N,N,N,N,N,N,UNK,N,-1.0,-1.0,-1.0,-1.0,-1.0,-1.0,-1.0,-1.0,-1.0,-1.0,-1.0,-1.0,-1.0,-1.0,-1.0,-1.0,-1.0,-1.0,-1.0,-1.0,-1.0,-1.0,-1.0,-1.0,-1.0,-1.0,-1.0,-1.0,-1.0,-1.0,-1.0,-1.0,-1.0,-1.0,-1.0,-1.0,15148
M,DIVORCED,ITA,PRIMARY,THIN,TENANT_REDUCED,RETIRED,FAIR,N,N,N,N,N,N,N,N,N,NA,N,-1.0,-1.0,-1.0,-1.0,-1.0,-1.0,-1.0,-1.0,-1.0,-1.0,-1.0,-1.0,-1.0,-1.0,-1.0,-1.0,-1.0,-1.0,-1.0,-1.0,-1.0,-1.0,-1.0,-1.0,-1.0,-1.0,-1.0,-1.0,-1.0,-1.0,-1.0,-1.0,-1.0,-1.0,-1.0,-1.0,61378
M,DIVORCED,ESP,PRIMARY,THIN,TENANT_MARKET,OTHER_INACTIVE,FAIR,N,N,N,N,N,N,N,N,N,NA,N,-1.0,-1.0,-1.0,-1.0,-1.0,-1.0,-1.0,-1.0,-1.0,-1.0,-1.0,-1.0,-1.0,-1.0,-1.0,-1.0,-1.0,-1.0,-1.0,-1.0,-1.0,-1.0,-1.0,-1.0,-1.0,-1.0,-1.0,-1.0,-1.0,-1.0,-1.0,-1.0,-1.0,-1.0,-1.0,-1.0,39266
M,WIDOWED,ITA,PRIMARY,THIN,TENANT_REDUCED,OTHER_INACTIVE,POOR,N,N,N,N,N,N,N,N,N,UNK,N,-1.0,-1.0,-1.0,-1.0,-1.0,-1.0,-1.0,-1.0,-1.0,-1.0,-1.0,-1.0,-1.0,-1.0,-1.0,-1.0,-1.0,-1.0,-1.0,-1.0,-1.0,-1.0,-1.0,-1.0,-1.0,-1.0,-1.0,-1.0,-1.0,-1.0,-1.0,-1.0,-1.0,-1.0,-1.0,-1.0,58850
M,WIDOWED,ITA,PRIMARY,THIN,TENANT_MARKET,RETIRED,FAIR,N,N,N,N,N,N,N,N,N,NA,N,-1.0,-1.0,-1.0,-1.0,-1.0,-1.0,-1.0,-1.0,-1.0,-1.0,-1.0,-1.0,-1.0,-1.0,-1.0,-1.0,-1.0,-1.0,-1.0,-1.0,-1.0,-1.0,-1.0,-1.0,-1.0,-1.0,-1.0,-1.0,-1.0,-1.0,-1.0,-1.0,-1.0,-1.0,-1.0,-1.0,13072
M,DIVORCED,ESP,PRIMARY,THIN,TENANT_MARKET,RETIRED,POOR,N,N,N,N,N,N,N,N,N,NA,N,-1.0,-1.0,-1.0,-1.0,-1.0,-1.0,-1.0,-1.0,-1.0,-1.0,-1.0,-1.0,-1.0,-1.0,-1.0,-1.0,-1.0,-1.0,-1.0,-1.0,-1.0,-1.0,-1.0,-1.0,-1.0,-1.0,-1.0,-1.0,-1.0,-1.0,-1.0,-1.0,-1.0,-1.0,-1.0,-1.0,35134
M,DIVORCED,ITA,LOWER_SEC,THIN,TENANT_MARKET,OTHER_INACTIVE,POOR,N,N,N,N,N,N,N,N,N,UNK,N,-1.0,-1.0,-1.0,-1.0,-1.0,-1.0,-1.0,-1.0,-1.0,-1.0,-1.0,-1.0,-1.0,-1.0,-1.0,-1.0,-1.0,-1.0,-1.0,-1.0,-1.0,-1.0,-1.0,-1.0,-1.0,-1.0,-1.0,-1.0,-1.0,-1.0,-1.0,-1.0,-1.0,-1.0,-1.0,-1.0,94303
M,WIDOWED,ESP,PRIMARY,THIN,TENANT_MARKET,OTHER_INACTIVE,POOR,N,N,N,N,N,N,N,N,N,UNK,N,-1.0,-1.0,-1.0,-1.0,-1.0,-1.0,-1.0,-1.0,-1.0,-1.0,-1.0,-1.0,-1.0,-1.0,-1.0,-1.0,-1.0,-1.0,-1.0,-1.0,-1.0,-1.0,-1.0,-1.0,-1.0,-1.0,-1.0,-1.0,-1.0,-1.0,-1.0,-1.0,-1.0,-1.0,-1.0,-1.0,30226
M,DIVORCED,ITA,PRIMARY,THIN,TENANT_MARKET,OTHER_INACTIVE,FAIR,N,N,N,N,N,N,N,N,N,NA,N,-1.0,-1.0,-1.0,-1.0,-1.0,-1.0,-1.0,-1.0,-1.0,-1.0,-1.0,-1.0,-1.0,-1.0,-1.0,-1.0,-1.0,-1.0,-1.0,-1.0,-1.0,-1.0,-1.0,-1.0,-1.0,-1.0,-1.0,-1.0,-1.0,-1.0,-1.0,-1.0,-1.0,-1.0,-1.0,-1.0,8443
M,WIDOWED,ITA,LOWER_SEC,THIN,TENANT_MARKET,OTHER_INACTIVE,POOR,N,N,N,N,N,N,N,N,N,NA,N,-1.0,-1.0,-1.0,-1.0,-1.0,-1.0,-1.0,-1.0,-1.0,-1.0,-1.0,-1.0,-1.0,-1.0,-1.0,-1.0,-1.0,-1.0,-1.0,-1.0,-1.0,-1.0,-1.0,-1.0,-1.0,-1.0,-1.0,-1.0,-1.0,-1.0,-1.0,-1.0,-1.0,-1.0,-1.0,-1.0,63819
M,DIVORCED,ESP,PRIMARY,THIN,TENANT_MARKET,OTHER_INACTIVE,POOR,N,N,N,N,N,N,N,N,N,UNK,N,-1.0,-1.0,-1.0,-1.0,-1.0,-1.0,-1.0,-1.0,-1.0,-1.0,-1.0,-1.0,-1.0,-1.0,-1.0,-1.0,-1.0,-1.0,-1.0,-1.0,-1.0,-1.0,-1.0,-1.0,-1.0,-1.0,-1.0,-1.0,-1.0,-1.0,-1.0,-1.0,-1.0,-1.0,-1.0,-1.0,76160
M,DIVORCED,ITA,LOWER_SEC,THIN,TENANT_REDUCED,OTHER_INACTIVE,POOR,N,N,N,N,N,N,N,N,N,UNK,N,-1.0,-1.0,-1.0,-1.0,-1.0,-1.0,-1.0,-1.0,-1.0,-1.0,-1.0,-1.0,-1.0,-1.0,-1.0,-1.0,-1.0,-1.0,-1.0,-1.0,-1.0,-1.0,-1.0,-1.0,-1.0,-1.0,-1.0,-1.0,-1.0,-1.0,-1.0,-1.0,-1.0,-1.0,-1.0,-1.0,49740
M,WIDOWED,ITA,PRIMARY,THIN,TENANT_REDUCED,RETIRED,POOR,N,N,N,N,N,N,N,N,N,NA,N,-1.0,-1.0,-1.0,-1.0,-1.0,-1.0,-1.0,-1.0,-1.0,-1.0,-1.0,-1.0,-1.0,-1.0,-1.0,-1.0,-1.0,-1.0,-1.0,-1.0,-1.0,-1.0,-1.0,-1.0,-1.0,-1.0,-1.0,-1.0,-1.0,-1.0,-1.0,-1.0,-1.0,-1.0,-1.0,-1.0,1997
M,DIVORCED,ESP,LOWER_SEC,THIN,TENANT_MARKET,RETIRED,POOR,N,N,N,N,N,N,N,N,N,NA,N,-1.0,-1.0,-1.0,-1.0,-1.0,-1.0,-1.0,-1.0,-1.0,-1.0,-1.0,-1.0,-1.0,-1.0,-1.0,-1.0,-1.0,-1.0,-1.0,-1.0,-1.0,-1.0,-1.0,-1.0,-1.0,-1.0,-1.0,-1.0,-1.0,-1.0,-1.0,-1.0,-1.0,-1.0,-1.0,-1.0,80776
M,WIDOWED,ESP,PRIMARY,THIN,TENANT_REDUCED,OTHER_INACTIVE,FAIR,N,N,N,N,N,N,N,N,N,UNK,N,-1.0,-1.0,-1.0,-1.0,-1.0,-1.0,-1.0,-1.0,-1.0,-1.0,-1.0,-1.0,-1.0,-1.0,-1.0,-1.0,-1.0,-1.0,-1.0,-1.0,-1.0,-1.0,-1.0,-1.0,-1.0,-1.0,-1.0,-1.0,-1.0,-1.0,-1.0,-1.0,-1.0,-1.0,-1.0,-1.0,1111
M,WIDOWED,ESP,PRIMARY,THIN,TENANT_MARKET,OTHER_INACTIVE,POOR,N,N,N,N,N,N,N,N,N,NA,N,-1.0,-1.0,-1.0,-1.0,-1.0,-1.0,-1.0,-1.0,-1.0,-1.0,-1.0,-1.0,-1.0,-1.0,-1.0,-1.0,-1.0,-1.0,-1.0,-1.0,-1.0,-1.0,-1.0,-1.0,-1.0,-1.0,-1.0,-1.0,-1.0,-1.0,-1.0,-1.0,-1.0,-1.0,-1.0,-1.0,23716
M,WIDOWED,ITA,LOWER_SEC,THIN,TENANT_MARKET,OTHER_INACTIVE,FAIR,N,N,N,N,N,N,N,N,N,UNK,N,-1.0,-1.0,-1.0,-1.0,-1.0,-1.0,-1.0,-1.0,-1.0,-1.0,-1.0,-1.0,-1.0,-1.0,-1.0,-1.0,-1.0,-1.0,-1.0,-1.0,-1.0,-1.0,-1.0,-1.0,-1.0,-1.0,-1.0,-1.0,-1.0,-1.0,-1.0,-1.0,-1.0,-1.0,-1.0,-1.0,72121
M,WIDOWED,ESP,PRIMARY,THIN,TENANT_MARKET,OTHER_INACTIVE,FAIR,N,N,N,N,N,N,N,N,N,NA,N,-1.0,-1.0,-1.0,-1.0,-1.0,-1.0,-1.0,-1.0,-1.0,-1.0,-1.0,-1.0,-1.0,-1.0,-1.0,-1.0,-1.0,-1.0,-1.0,-1.0,-1.0,-1.0,-1.0,-1.0,-1.0,-1.0,-1.0,-1.0,-1.0,-1.0,-1.0,-1.0,-1.0,-1.0,-1.0,-1.0,43477
M,DIVORCED,ITA,LOWER_SEC,THIN,TENANT_REDUCED,RETIRED,FAIR,N,N,N,N,N,N,N,N,N,UNK,N,-1.0,-1.0,-1.0,-1.0,-1.0,-1.0,-1.0,-1.0,-1.0,-1.0,-1.0,-1.0,-1.0,-1.0,-1.0,-1.0,-1.0,-1.0,-1.0,-1.0,-1.0,-1.0,-1.0,-1.0,-1.0,-1.0,-1.0,-1.0,-1.0,-1.0,-1.0,-1.0,-1.0,-1.0,-1.0,-1.0,36363
M,WIDOWED,ESP,LOWER_SEC,THIN,TENANT_MARKET,RETIRED,POOR,N,N,N,N,N,N,N,N,N,UNK,N,-1.0,-1.0,-1.0,-1.0,-1.0,-1.0,-1.0,-1.0,-1.0,-1.0,-1.0,-1.0,-1.0,-1.0,-1.0,-1.0,-1.0,-1.0,-1.0,-1.0,-1.0,-1.0,-1.0,-1.0,-1.0,-1.0,-1.0,-1.0,-1.0,-1.0,-1.0,-1.0,-1.0,-1.0,-1.0,-1.0,28708
M,DIVORCED,ESP,PRIMARY,THIN,TENANT_MARKET,RETIRED,FAIR,N,N,N,N,N,N,N,N,N,UNK,N,-1.0,-1.0,-1.0,-1.0,-1.0,-1.0,-1.0,-1.0,-1.0,-1.0,-1.0,-1.0,-1.0,-1.0,-1.0,-1.0,-1.0,-1.0,-1.0,-1.0,-1.0,-1.0,-1.0,-1.0,-1.0,-1.0,-1.0,-1.0,-1.0,-1.0,-1.0,-1.0,-1.0,-1.0,-1.0,-1.0,25827
M,DIVORCED,ESP,LOWER_SEC,THIN,TENANT_REDUCED,OTHER_INACTIVE,POOR,N,N,N,N,N,N,N,N,N,NA,N,-1.0,-1.0,-1.0,-1.0,-1.0,-1.0,-1.0,-1.0,-1.0,-1.0,-1.0,-1.0,-1.0,-1.0,-1.0,-1.0,-1.0,-1.0,-1.0,-1.0,-1.0,-1.0,-1.0,-1.0,-1.0,-1.0,-1.0,-1.0,-1.0,-1.0,-1.0,-1.0,-1.0,-1.0,-1.0,-1.0,39130
M,DIVORCED,ITA,LOWER_SEC,THIN,TENANT_MARKET,OTHER_INACTIVE,FAIR,N,N,N,N,N,N,N,N,N,UNK,N,-1.0,-1.0,-1.0,-1.0,-1.0,-1.0,-1.0,-1.0,-1.0,-1.0,-1.0,-1.0,-1.0,-1.0,-1.0,-1.0,-1.0,-1.0,-1.0,-1.0,-1.0,-1.0,-1.0,-1.0,-1.0,-1.0,-1.0,-1.0,-1.0,-1.0,-1.0,-1.0,-1.0,-1.0,-1.0,-1.0,1834
M,WIDOWED,ESP,PRIMARY,THIN,TENANT_REDUCED,OTHER_INACTIVE,FAIR,N,N,N,N,N,N,N,N,N,UNK,N,-1.0,-1.0,-1.0,-1.0,-1.0,-1.0,-1.0,-1.0,-1.0,-1.0,-1.0,-1.0,-1.0,-1.0,-1.0,-1.0,-1.0,-1.0,-1.0,-1.0,-1.0,-1.0,-1.0,-1.0,-1.0,-1.0,-1.0,-1.0,-1.0,-1.0,-1.0,-1.0,-1.0,-1.0,-1.0,-1.0,33389
M,DIVORCED,ESP,PRIMARY,THIN,TENANT_MARKET,OTHER_INACTIVE,FAIR,N,N,N,N,N,N,N,N,N,NA,N,-1.0,-1.0,-1.0,-1.0,-1.0,-1.0,-1.0,-1.0,-1.0,-1.0,-1.0,-1.0,-1.0,-1.0,-1.0,-1.0,-1.0,-1.0,-1.0,-1.0,-1.0,-1.0,-1.0,-1.0,-1.0,-1.0,-1.0,-1.0,-1.0,-1.0,-1.0,-1.0,-1.0,-1.0,-1.0,-1.0,50508
M,WIDOWED,ITA,LOWER_SEC,THIN,TENANT_MARKET,OTHER_INACTIVE,FAIR,N,N,N,N,N,N,N,N,N,NA,N,-1.0,-1.0,-1.0,-1.0,-1.0,-1.0,-1.0,-1.0,-1.0,-1.0,-1.0,-1.0,-1.0,-1.0,-1.0,-1.0,-1.0,-1.0,-1.0,-1.0,-1.0,-1.0,-1.0,-1.0,-1.0,-1.0,-1.0,-1.0,-1.0,-1.0,-1.0,-1.0,-1.0,-1.0,-1.0,-1.0,19336
M,WIDOWED,ITA,PRIMARY,THIN,TENANT_MARKET,RETIRED,POOR,N,N,N,N,N,N,N,N,N,NA,N,-1.0,-1.0,-1.0,-1.0,-1.0,-1.0,-1.0,-1.0,-1.0,-1.0,-1.0,-1.0,-1.0,-1.0,-1.0,-1.0,-1.0,-1.0,-1.0,-1.0,-1.0,-1.0,-1.0,-1.0,-1.0,-1.0,-1.0,-1.0,-1.0,-1.0,-1.0,-1.0,-1.0,-1.0,-1.0,-1.0,34176
M,DIVORCED,ITA,LOWER_SEC,THIN,TENANT_REDUCED,OTHER_INACTIVE,POOR,N,N,N,N,N,N,N,N,N,UNK,N,-1.0,-1.0,-1.0,-1.0,-1.0,-1.0,-1.0,-1.0,-1.0,-1.0,-1.0,-1.0,-1.0,-1.0,-1.0,-1.0,-1.0,-1.0,-1.0,-1.0,-1.0,-1.0,-1.0,-1.0,-1.0,-1.0,-1.0,-1.0,-1.0,-1.0,-1.0,-1.0,-1.0,-1.0,-1.0,-1.0,76917
M,WIDOWED,ITA,PRIMARY,THIN,TENANT_REDUCED,OTHER_INACTIVE,POOR,N,N,N,N,N,N,N,N,N,NA,N,-1.0,-1.0,-1.0,-1.0,-1.0,-1.0,-1.0,-1.0,-1.0,-1.0,-1.0,-1.0,-1.0,-1.0,-1.0,-1.0,-1.0,-1.0,-1.0,-1.0,-1.0,-1.0,-1.0,-1.0,-1.0,-1.0,-1.0,-1.0,-1.0,-1.0,-1.0,-1.0,-1.0,-1.0,-1.0,-1.0,44992
M,WIDOWED,ITA,LOWER_SEC,THIN,TENANT_REDUCED,RETIRED,POOR,N,N,N,N,N,N,N,N,N,NA,N,-1.0,-1.0,-1.0,-1.0,-1.0,-1.0,-1.0,-1.0,-1.0,-1.0,-1.0,-1.0,-1.0,-1.0,-1.0,-1.0,-1.0,-1.0,-1.0,-1.0,-1.0,-1.0,-1.0,-1.0,-1.0,-1.0,-1.0,-1.0,-1.0,-1.0,-1.0,-1.0,-1.0,-1.0,-1.0,-1.0,31396
M,WIDOWED,ESP,LOWER_SEC,THIN,TENANT_REDUCED,RETIRED,POOR,N,N,N,N,N,N,N,N,N,UNK,N,-1.0,-1.0,-1.0,-1.0,-1.0,-1.0,-1.0,-1.0,-1.0,-1.0,-1.0,-1.0,-1.0,-1.0,-1.0,-1.0,-1.0,-1.0,-1.0,-1.0,-1.0,-1.0,-1.0,-1.0,-1.0,-1.0,-1.0,-1.0,-1.0,-1.0,-1.0,-1.0,-1.0,-1.0,-1.0,-1.0,39453
M,WIDOWED,ITA,LOWER_SEC,THIN,TENANT_REDUCED,RETIRED,POOR,N,N,N,N,N,N,N,N,N,NA,N,-1.0,-1.0,-1.0,-1.0,-1.0,-1.0,-1.0,-1.0,-1.0,-1.0,-1.0,-1.0,-1.0,-1.0,-1.0,-1.0,-1.0,-1.0,-1.0,-1.0,-1.0,-1.0,-1.0,-1.0,-1.0,-1.0,-1.0,-1.0,-1.0,-1.0,-1.0,-1.0,-1.0,-1.0,-1.0,-1.0,48282
M,DIVORCED,ESP,PRIMARY,THIN,TENANT_MARKET,OTHER_INACTIVE,POOR,N,N,N,N,N,N,N,N,N,NA,N,-1.0,-1.0,-1.0,-1.0,-1.0,-1.0,-1.0,-1.0,-1.0,-1.0,-1.0,-1.0,-1.0,-1.0,-1.0,-1.0,-1.0,-1.0,-1.0,-1.0,-1.0,-1.0,-1.0,-1.0,-1.0,-1.0,-1.0,-1.0,-1.0,-1.0,-1.0,-1.0,-1.0,-1.0,-1.0,-1.0,84949
M,WIDOWED,ESP,LOWER_SEC,THIN,TENANT_REDUCED,OTHER_INACTIVE,POOR,N,N,N,N,N,N,N,N,N,NA,N,-1.0,-1.0,-1.0,-1.0,-1.0,-1.0,-1.0,-1.0,-1.0,-1.0,-1.0,-1.0,-1.0,-1.0,-1.0,-1.0,-1.0,-1.0,-1.0,-1.0,-1.0,-1.0,-1.0,-1.0,-1.0,-1.0,-1.0,-1.0,-1.0,-1.0,-1.0,-1.0,-1.0,-1.0,-1.0,-1.0,8120
M,WIDOWED,ITA,PRIMARY,THIN,TENANT_MARKET,OTHER_INACTIVE,POOR,N,N,N,N,N,N,N,N,N,NA,N,-1.0,-1.0,-1.0,-1.0,-1.0,-1.0,-1.0,-1.0,-1.0,-1.0,-1.0,-1.0,-1.0,-1.0,-1.0,-1.0,-1.0,-1.0,-1.0,-1.0,-1.0,-1.0,-1.0,-1.0,-1.0,-1.0,-1.0,-1.0,-1.0,-1.0,-1.0,-1.0,-1.0,-1.0,-1.0,-1.0,60702
M,DIVORCED,ESP,LOWER_SEC,THIN,TENANT_MARKET,RETIRED,FAIR,N,N,N,N,N,N,N,N,N,UNK,N,-1.0,-1.0,-1.0,-1.0,-1.0,-1.0,-1.0,-1.0,-1.0,-1.0,-1.0,-1.0,-1.0,-1.0,-1.0,-1.0,-1.0,-1.0,-1.0,-1.0,-1.0,-1.0,-1.0,-1.0,-1.0,-1.0,-1.0,-1.0,-1.0,-1.0,-1.0,-1.0,-1.0,-1.0,-1.0,-1.0,92955
M,WIDOWED,ITA,LOWER_SEC,THIN,TENANT_REDUCED,RETIRED,POOR,N,N,N,N,N,N,N,N,N,NA,N,-1.0,-1.0,-1.0,-1.0,-1.0,-1.0,-1.0,-1.0,-1.0,-1.0,-1.0,-1.0,-1.0,-1.0,-1.0,-1.0,-1.0,-1.0,-1.0,-1.0,-1.0,-1.0,-1.0,-1.0,-1.0,-1.0,-1.0,-1.0,-1.0,-1.0,-1.0,-1.0,-1.0,-1.0,-1.0,-1.0,68448
M,DIVORCED,ESP,PRIMARY,THIN,TENANT_MARKET,OTHER_INACTIVE,FAIR,N,N,N,N,N,N,N,N,N,NA,N,-1.0,-1.0,-1.0,-1.0,-1.0,-1.0,-1.0,-1.0,-1.0,-1.0,-1.0,-1.0,-1.0,-1.0,-1.0,-1.0,-1.0,-1.0,-1.0,-1.0,-1.0,-1.0,-1.0,-1.0,-1.0,-1.0,-1.0,-1.0,-1.0,-1.0,-1.0,-1.0,-1.0,-1.0,-1.0,-1.0,72251
M,DIVORCED,ITA,PRIMARY,THIN,TENANT_MARKET,RETIRED,FAIR,N,N,N,N,N,N,N,N,N,UNK,N,-1.0,-1.0,-1.0,-1.0,-1.0,-1.0,-1.0,-1.0,-1.0,-1.0,-1.0,-1.0,-1.0,-1.0,-1.0,-1.0,-1.0,-1.0,-1.0,-1.0,-1.0,-1.0,-1.0,-1.0,-1.0,-1.0,-1.0,-1.0,-1.0,-1.0,-1.0,-1.0,-1.0,-1.0,-1.0,-1.0,73175
M,DIVORCED,ESP,PRIMARY,THIN,TENANT_REDUCED,OTHER_INACTIVE,POOR,N,N,N,N,N,N,N,N,N,NA,N,-1.0,-1.0,-1.0,-1.0,-1.0,-1.0,-1.0,-1.0,-1.0,-1.0,-1.0,-1.0,-1.0,-1.0,-1.0,-1.0,-1.0,-1.0,-1.0,-1.0,-1.0,-1.0,-1.0,-1.0,-1.0,-1.0,-1.0,-1.0,-1.0,-1.0,-1.0,-1.0,-1.0,-1.0,-1.0,-1.0,93333
M,DIVORCED,ESP,PRIMARY,THIN,TENANT_REDUCED,RETIRED,FAIR,N,N,N,N,N,N,N,N,N,NA,N,-1.0,-1.0,-1.0,-1.0,-1.0,-1.0,-1.0,-1.0,-1.0,-1.0,-1.0,-1.0,-1.0,-1.0,-1.0,-1.0,-1.0,-1.0,-1.0,-1.0,-1.0,-1.0,-1.0,-1.0,-1.0,-1.0,-1.0,-1.0,-1.0,-1.0,-1.0,-1.0,-1.0,-1.0,-1.0,-1.0,31752
M,DIVORCED,ITA,LOWER_SEC,THIN,TENANT_REDUCED,OTHER_INACTIVE,POOR,N,N,N,N,N,N,N,N,N,UNK,N,-1.0,-1.0,-1.0,-1.0,-1.0,-1.0,-1.0,-1.0,-1.0,-1.0,-1.0,-1.0,-1.0,-1.0,-1.0,-1.0,-1.0,-1.0,-1.0,-1.0,-1.0,-1.0,-1.0,-1.0,-1.0,-1.0,-1.0,-1.0,-1.0,-1.0,-1.0,-1.0,-1.0,-1.0,-1.0,-1.0,1777
M,DIVORCED,ESP,LOWER_SEC,THIN,TENANT_MARKET,OTHER_INACTIVE,POOR,N,N,N,N,N,N,N,N,N,UNK,N,-1.0,-1.0,-1.0,-1.0,-1.0,-1.0,-1.0,-1.0,-1.0,-1.0,-1.0,-1.0,-1.0,-1.0,-1.0,-1.0,-1.0,-1.0,-1.0,-1.0,-1.0,-1.0,-1.0,-1.0,-1.0,-1.0,-1.0,-1.0,-1.0,-1.0,-1.0,-1.0,-1.0,-1.0,-1.0,-1.0,32956
M,DIVORCED,ITA,PRIMARY,THIN,TENANT_REDUCED,OTHER_INACTIVE,FAIR,N,N,N,N,N,N,N,N,N,UNK,N,-1.0,-1.0,-1.0,-1.0,-1.0,-1.0,-1.0,-1.0,-1.0,-1.0,-1.0,-1.0,-1.0,-1.0,-1.0,-1.0,-1.0,-1.0,-1.0,-1.0,-1.0,-1.0,-1.0,-1.0,-1.0,-1.0,-1.0,-1.0,-1.0,-1.0,-1.0,-1.0,-1.0,-1.0,-1.0,-1.0,71713
M,WIDOWED,ITA,LOWER_SEC,THIN,TENANT_MARKET,RETIRED,FAIR,N,N,N,N,N,N,N,N,N,NA,N,-1.0,-1.0,-1.0,-1.0,-1.0,-1.0,-1.0,-1.0,-1.0,-1.0,-1.0,-1.0,-1.0,-1.0,-1.0,-1.0,-1.0,-1.0,-1.0,-1.0,-1.0,-1.0,-1.0,-1.0,-1.0,-1.0,-1.0,-1.0,-1.0,-1.0,-1.0,-1.0,-1.0,-1.0,-1.0,-1.0,40303
M,DIVORCED,ITA,PRIMARY,THIN,TENANT_REDUCED,OTHER_INACTIVE,POOR,N,N,N,N,N,N,N,N,N,NA,N,-1.0,-1.0,-1.0,-1.0,-1.0,-1.0,-1.0,-1.0,-1.0,-1.0,-1.0,-1.0,-1.0,-1.0,-1.0,-1.0,-1.0,-1.0,-1.0,-1.0,-1.0,-1.0,-1.0,-1.0,-1.0,-1.0,-1.0,-1.0,-1.0,-1.0,-1.0,-1.0,-1.0,-1.0,-1.0,-1.0,17283
M,WIDOWED,ITA,PRIMARY,THIN,TENANT_REDUCED,OTHER_INACTIVE,POOR,N,N,N,N,N,N,N,N,N,NA,N,-1.0,-1.0,-1.0,-1.0,-1.0,-1.0,-1.0,-1.0,-1.0,-1.0,-1.0,-1.0,-1.0,-1.0,-1.0,-1.0,-1.0,-1.0,-1.0,-1.0,-1.0,-1.0,-1.0,-1.0,-1.0,-1.0,-1.0,-1.0,-1.0,-1.0,-1.0,-1.0,-1.0,-1.0,-1.0,-1.0,67174
M,DIVORCED,ITA,LOWER_SEC,THIN,TENANT_MARKET,RETIRED,FAIR,N,N,N,N,N,N,N,N,N,UNK,N,-1.0,-1.0,-1.0,-1.0,-1.0,-1.0,-1.0,-1.0,-1.0,-1.0,-1.0,-1.0,-1.0,-1.0,-1.0,-1.0,-1.0,-1.0,-1.0,-1.0,-1.0,-1.0,-1.0,-1.0,-1.0,-1.0,-1.0,-1.0,-1.0,-1.0,-1.0,-1.0,-1.0,-1.0,-1.0,-1.0,903
M,DIVORCED,ITA,PRIMARY,THIN,TENANT_REDUCED,OTHER_INACTIVE,POOR,N,N,N,N,N,N,N,N,N,NA,N,-1.0,-1.0,-1.0,-1.0,-1.0,-1.0,-1.0,-1.0,-1.0,-1.0,-1.0,-1.0,-1.0,-1.0,-1.0,-1.0,-1.0,-1.0,-1.0,-1.0,-1.0,-1.0,-1.0,-1.0,-1.0,-1.0,-1.0,-1.0,-1.0,-1.0,-1.0,-1.0,-1.0,-1.0,-1.0,-1.0,45556
M,DIVORCED,ESP,PRIMARY,THIN,TENANT_MARKET,OTHER_INACTIVE,FAIR,N,N,N,N,N,N,N,N,N,NA,N,-1.0,-1.0,-1.0,-1.0,-1.0,-1.0,-1.0,-1.0,-1.0,-1.0,-1.0,-1.0,-1.0,-1.0,-1.0,-1.0,-1.0,-1.0,-1.0,-1.0,-1.0,-1.0,-1.0,-1.0,-1.0,-1.0,-1.0,-1.0,-1.0,-1.0,-1.0,-1.0,-1.0,-1.0,-1.0,-1.0,57853
M,DIVORCED,ESP,LOWER_SEC,THIN,TENANT_MARKET,OTHER_INACTIVE,FAIR,N,N,N,N,N,N,N,N,N,NA,N,-1.0,-1.0,-1.0,-1.0,-1.0,-1.0,-1.0,-1.0,-1.0,-1.0,-1.0,-1.0,-1.0,-1.0,-1.0,-1.0,-1.0,-1.0,-1.0,-1.0,-1.0,-1.0,-1.0,-1.0,-1.0,-1.0,-1.0,-1.0,-1.0,-1.0,-1.0,-1.0,-1.0,-1.0,-1.0,-1.0,54202
M,WIDOWED,ESP,LOWER_SEC,THIN,TENANT_REDUCED,OTHER_INACTIVE,POOR,N,N,N,N,N,N,N,N,N,UNK,N,-1.0,-1.0,-1.0,-1.0,-1.0,-1.0,-1.0,-1.0,-1.0,-1.0,-1.0,-1.0,-1.0,-1.0,-1.0,-1.0,-1.0,-1.0,-1.0,-1.0,-1.0,-1.0,-1.0,-1.0,-1.0,-1.0,-1.0,-1.0,-1.0,-1.0,-1.0,-1.0,-1.0,-1.0,-1.0,-1.0,40291
M,DIVORCED,ESP,LOWER_SEC,THIN,TENANT_MARKET,RETIRED,POOR,N,N,N,N,N,N,N,N,N,NA,N,-1.0,-1.0,-1.0,-1.0,-1.0,-1.0,-1.0,-1.0,-1.0,-1.0,-1.0,-1.0,-1.0,-1.0,-1.0,-1.0,-1.0,-1.0,-1.0,-1.0,-1.0,-1.0,-1.0,-1.0,-1.0,-1.0,-1.0,-1.0,-1.0,-1.0,-1.0,-1.0,-1.0,-1.0,-1.0,-1.0,6258
M,WIDOWED,ITA,PRIMARY,THIN,TENANT_REDUCED,RETIRED,FAIR,N,N,N,N,N,N,N,N,N,NA,N,-1.0,-1.0,-1.0,-1.0,-1.0,-1.0,-1.0,-1.0,-1.0,-1.0,-1.0,-1.0,-1.0,-1.0,-1.0,-1.0,-1.0,-1.0,-1.0,-1.0,-1.0,-1.0,-1.0,-1.0,-1.0,-1.0,-1.0,-1.0,-1.0,-1.0,-1.0,-1.0,-1.0,-1.0,-1.0,-1.0,42838
M,WIDOWED,ITA,PRIMARY,THIN,TENANT_REDUCED,OTHER_INACTIVE,POOR,N,N,N,N,N,N,N,N,N,UNK,N,-1.0,-1.0,-1.0,-1.0,-1.0,-1.0,-1.0,-1.0,-1.0,-1.0,-1.0,-1.0,-1.0,-1.0,-1.0,-1.0,-1.0,-1.0,-1.0,-1.0,-1.0,-1.0,-1.0,-1.0,-1.0,-1.0,-1.0,-1.0,-1.0,-1.0,-1.0,-1.0,-1.0,-1.0,-1.0,-1.0,8401
M,DIVORCED,ITA,LOWER_SEC,THIN,TENANT_REDUCED,RETIRED,FAIR,N,N,N,N,N,N,N,N,N,UNK,N,-1.0,-1.0,-1.0,-1.0,-1.0,-1.0,-1.0,-1.0,-1.0,-1.0,-1.0,-1.0,-1.0,-1.0,-1.0,-1.0,-1.0,-1.0,-1.0,-1.0,-1.0,-1.0,-1.0,-1.0,-1.0,-1.0,-1.0,-1.0,-1.0,-1.0,-1.0,-1.0,-1.0,-1.0,-1.0,-1.0,304
M,DIVORCED,ITA,LOWER_SEC,THIN,TENANT_REDUCED,OTHER_INACTIVE,FAIR,N,N,N,N,N,N,N,N,N,NA,N,-1.0,-1.0,-1.0,-1.0,-1.0,-1.0,-1.0,-1.0,-1.0,-1.0,-1.0,-1.0,-1.0,-1.0,-1.0,-1.0,-1.0,-1.0,-1.0,-1.0,-1.0,-1.0,-1.0,-1.0,-1.0,-1.0,-1.0,-1.0,-1.0,-1.0,-1.0,-1.0,-1.0,-1.0,-1.0,-1.0,38880
M,DIVORCED,ESP,LOWER_SEC,THIN,TENANT_MARKET,RETIRED,FAIR,N,N,N,N,N,N,N,N,N,UNK,N,-1.0,-1.0,-1.0,-1.0,-1.0,-1.0,-1.0,-1.0,-1.0,-1.0,-1.0,-1.0,-1.0,-1.0,-1.0,-1.0,-1.0,-1.0,-1.0,-1.0,-1.0,-1.0,-1.0,-1.0,-1.0,-1.0,-1.0,-1.0,-1.0,-1.0,-1.0,-1.0,-1.0,-1.0,-1.0,-1.0,86939
M,WIDOWED,ESP,LOWER_SEC,THIN,TENANT_REDUCED,RETIRED,POOR,N,N,N,N,N,N,N,N,N,UNK,N,-1.0,-1.0,-1.0,-1.0,-1.0,-1.0,-1.0,-1.0,-1.0,-1.0,-1.0,-1.0,-1.0,-1.0,-1.0,-1.0,-1.0,-1.0,-1.0,-1.0,-1.0,-1.0,-1.0,-1.0,-1.0,-1.0,-1.0,-1.0,-1.0,-1.0,-1.0,-1.0,-1.0,-1.0,-1.0,-1.0,4921
M,DIVORCED,ESP,LOWER_SEC,THIN,TENANT_MARKET,OTHER_INACTIVE,FAIR,N,N,N,N,N,N,N,N,N,NA,N,-1.0,-1.0,-1.0,-1.0,-1.0,-1.0,-1.0,-1.0,-1.0,-1.0,-1.0,-1.0,-1.0,-1.0,-1.0,-1.0,-1.0,-1.0,-1.0,-1.0,-1.0,-1.0,-1.0,-1.0,-1.0,-1.0,-1.0,-1.0,-1.0,-1.0,-1.0,-1.0,-1.0,-1.0,-1.0,-1.0,26351
M,DIVORCED,ITA,LOWER_SEC,THIN,TENANT_MARKET,RETIRED,POOR,N,N,N,N,N,N,N,N,N,UNK,N,-1.0,-1.0,-1.0,-1.0,-1.0,-1.0,-1.0,-1.0,-1.0,-1.0,-1.0,-1.0,-1.0,-1.0,-1.0,-1.0,-1.0,-1.0,-1.0,-1.0,-1.0,-1.0,-1.0,-1.0,-1.0,-1.0,-1.0,-1.0,-1.0,-1.0,-1.0,-1.0,-1.0,-1.0,-1.0,-1.0,61401
M,DIVORCED,ITA,PRIMARY,THIN,TENANT_REDUCED,RETIRED,POOR,N,N,N,N,N,N,N,N,N,UNK,N,-1.0,-1.0,-1.0,-1.0,-1.0,-1.0,-1.0,-1.0,-1.0,-1.0,-1.0,-1.0,-1.0,-1.0,-1.0,-1.0,-1.0,-1.0,-1.0,-1.0,-1.0,-1.0,-1.0,-1.0,-1.0,-1.0,-1.0,-1.0,-1.0,-1.0,-1.0,-1.0,-1.0,-1.0,-1.0,-1.0,7347
M,DIVORCED,ITA,PRIMARY,THIN,TENANT_MARKET,RETIRED,FAIR,N,N,N,N,N,N,N,N,N,NA,N,-1.0,-1.0,-1.0,-1.0,-1.0,-1.0,-1.0,-1.0,-1.0,-1.0,-1.0,-1.0,-1.0,-1.0,-1.0,-1.0,-1.0,-1.0,-1.0,-1.0,-1.0,-1.0,-1.0,-1.0,-1.0,-1.0,-1.0,-1.0,-1.0,-1.0,-1.0,-1.0,-1.0,-1.0,-1.0,-1.0,94071
M,DIVORCED,ITA,PRIMARY,THIN,TENANT_REDUCED,RETIRED,POOR,N,N,N,N,N,N,N,N,N,NA,N,-1.0,-1.0,-1.0,-1.0,-1.0,-1.0,-1.0,-1.0,-1.0,-1.0,-1.0,-1.0,-1.0,-1.0,-1.0,-1.0,-1.0,-1.0,-1.0,-1.0,-1.0,-1.0,-1.0,-1.0,-1.0,-1.0,-1.0,-1.0,-1.0,-1.0,-1.0,-1.0,-1.0,-1.0,-1.0,-1.0,34565
M,WIDOWED,ESP,LOWER_SEC,THIN,TENANT_MARKET,OTHER_INACTIVE,FAIR,N,N,N,N,N,N,N,N,N,UNK,N,-1.0,-1.0,-1.0,-1.0,-1.0,-1.0,-1.0,-1.0,-1.0,-1.0,-1.0,-1.0,-1.0,-1.0,-1.0,-1.0,-1.0,-1.0,-1.0,-1.0,-1.0,-1.0,-1.0,-1.0,-1.0,-1.0,-1.0,-1.0,-1.0,-1.0,-1.0,-1.0,-1.0,-1.0,-1.0,-1.0,66471
M,DIVORCED,ESP,LOWER_SEC,THIN,TENANT_REDUCED,RETIRED,FAIR,N,N,N,N,N,N,N,N,N,UNK,N,-1.0,-1.0,-1.0,-1.0,-1.0,-1.0,-1.0,-1.0,-1.0,-1.0,-1.0,-1.0,-1.0,-1.0,-1.0,-1.0,-1.0,-1.0,-1.0,-1.0,-1.0,-1.0,-1.0,-1.0,-1.0,-1.0,-1.0,-1.0,-1.0,-1.0,-1.0,-1.0,-1.0,-1.0,-1.0,-1.0,97354
M,DIVORCED,ESP,LOWER_SEC,THIN,TENANT_REDUCED,RETIRED,FAIR,N,N,N,N,N,N,N,N,N,NA,N,-1.0,-1.0,-1.0,-1.0,-1.0,-1.0,-1.0,-1.0,-1.0,-1.0,-1.0,-1.0,-1.0,-1.0,-1.0,-1.0,-1.0,-1.0,-1.0,-1.0,-1.0,-1.0,-1.0,-1.0,-1.0,-1.0,-1.0,-1.0,-1.0,-1.0,-1.0,-1.0,-1.0,-1.0,-1.0,-1.0,23004
M,WIDOWED,ESP,PRIMARY,THIN,TENANT_MARKET,OTHER_INACTIVE,FAIR,N,N,N,N,N,N,N,N,N,UNK,N,-1.0,-1.0,-1.0,-1.0,-1.0,-1.0,-1.0,-1.0,-1.0,-1.0,-1.0,-1.0,-1.0,-1.0,-1.0,-1.0,-1.0,-1.0,-1.0,-1.0,-1.0,-1.0,-1.0,-1.0,-1.0,-1.0,-1.0,-1.0,-1.0,-1.0,-1.0,-1.0,-1.0,-1.0,-1.0,-1.0,89798
M,WIDOWED,ITA,LOWER_SEC,THIN,TENANT_MARKET,RETIRED,POOR,N,N,N,N,N,N,N,N,N,UNK,N,-1.0,-1.0,-1.0,-1.0,-1.0,-1.0,-1.0,-1.0,-1.0,-1.0,-1.0,-1.0,-1.0,-1.0,-1.0,-1.0,-1.0,-1.0,-1.0,-1.0,-1.0,-1.0,-1.0,-1.0,-1.0,-1.0,-1.0,-1.0,-1.0,-1.0,-1.0,-1.0,-1.0,-1.0,-1.0,-1.0,21786
M,WIDOWED,ESP,PRIMARY,THIN,TENANT_REDUCED,RETIRED,POOR,N,N,N,N,N,N,N,N,N,NA,N,-1.0,-1.0,-1.0,-1.0,-1.0,-1.0,-1.0,-1.0,-1.0,-1.0,-1.0,-1.0,-1.0,-1.0,-1.0,-1.0,-1.0,-1.0,-1.0,-1.0,-1.0,-1.0,-1.0,-1.0,-1.0,-1.0,-1.0,-1.0,-1.0,-1.0,-1.0,-1.0,-1.0,-1.0,-1.0,-1.0,24247
M,WIDOWED,ESP,PRIMARY,THIN,TENANT_MARKET,OTHER_INACTIVE,FAIR,N,N,N,N,N,N,N,N,N,UNK,N,-1.0,-1.0,-1.0,-1.0,-1.0,-1.0,-1.0,-1.0,-1.0,-1.0,-1.0,-1.0,-1.0,-1.0,-1.0,-1.0,-1.0,-1.0,-1.0,-1.0,-1.0,-1.0,-1.0,-1.0,-1.0,-1.0,-1.0,-1.0,-1.0,-1.0,-1.0,-1.0,-1.0,-1.0,-1.0,-1.0,19780
M,DIVORCED,ITA,PRIMARY,THIN,TENANT_MARKET,RETIRED,FAIR,N,N,N,N,N,N,N,N,N,NA,N,-1.0,-1.0,-1.0,-1.0,-1.0,-1.0,-1.0,-1.0,-1.0,-1.0,-1.0,-1.0,-1.0,-1.0,-1.0,-1.0,-1.0,-1.0,-1.0,-1.0,-1.0,-1.0,-1.0,-1.0,-1.0,-1.0,-1.0,-1.0,-1.0,-1.0,-1.0,-1.0,-1.0,-1.0,-1.0,-1.0,87043
M,DIVORCED,ESP,PRIMARY,THIN,TENANT_REDUCED,OTHER_INACTIVE,FAIR,N,N,N,N,N,N,N,N,N,NA,N,-1.0,-1.0,-1.0,-1.0,-1.0,-1.0,-1.0,-1.0,-1.0,-1.0,-1.0,-1.0,-1.0,-1.0,-1.0,-1.0,-1.0,-1.0,-1.0,-1.0,-1.0,-1.0,-1.0,-1.0,-1.0,-1.0,-1.0,-1.0,-1.0,-1.0,-1.0,-1.0,-1.0,-1.0,-1.0,-1.0,8420
M,DIVORCED,ITA,LOWER_SEC,THIN,TENANT_MARKET,OTHER_INACTIVE,POOR,N,N,N,N,N,N,N,N,N,NA,N,-1.0,-1.0,-1.0,-1.0,-1.0,-1.0,-1.0,-1.0,-1.0,-1.0,-1.0,-1.0,-1.0,-1.0,-1.0,-1.0,-1.0,-1.0,-1.0,-1.0,-1.0,-1.0,-1.0,-1.0,-1.0,-1.0,-1.0,-1.0,-1.0,-1.0,-1.0,-1.0,-1.0,-1.0,-1.0,-1.0,69579
M,WIDOWED,ITA,PRIMARY,THIN,TENANT_REDUCED,RETIRED,FAIR,N,N,N,N,N,N,N,N,N,UNK,N,-1.0,-1.0,-1.0,-1.0,-1.0,-1.0,-1.0,-1.0,-1.0,-1.0,-1.0,-1.0,-1.0,-1.0,-1.0,-1.0,-1.0,-1.0,-1.0,-1.0,-1.0,-1.0,-1.0,-1.0,-1.0,-1.0,-1.0,-1.0,-1.0,-1.0,-1.0,-1.0,-1.0,-1.0,-1.0,-1.0,36933
M,WIDOWED,ITA,PRIMARY,THIN,TENANT_MARKET,OTHER_INACTIVE,FAIR,N,N,N,N,N,N,N,N,N,UNK,N,-1.0,-1.0,-1.0,-1.0,-1.0,-1.0,-1.0,-1.0,-1.0,-1.0,-1.0,-1.0,-1.0,-1.0,-1.0,-1.0,-1.0,-1.0,-1.0,-1.0,-1.0,-1.0,-1.0,-1.0,-1.0,-1.0,-1.0,-1.0,-1.0,-1.0,-1.0,-1.0,-1.0,-1.0,-1.0,-1.0,5961
M,DIVORCED,ESP,LOWER_SEC,THIN,TENANT_REDUCED,OTHER_INACTIVE,FAIR,N,N,N,N,N,N,N,N,N,NA,N,-1.0,-1.0,-1.0,-1.0,-1.0,-1.0,-1.0,-1.0,-1.0,-1.0,-1.0,-1.0,-1.0,-1.0,-1.0,-1.0,-1.0,-1.0,-1.0,-1.0,-1.0,-1.0,-1.0,-1.0,-1.0,-1.0,-1.0,-1.0,-1.0,-1.0,-1.0,-1.0,-1.0,-1.0,-1.0,-1.0,7473
M,WIDOWED,ESP,PRIMARY,THIN,TENANT_MARKET,RETIRED,FAIR,N,N,N,N,N,N,N,N,N,NA,N,-1.0,-1.0,-1.0,-1.0,-1.0,-1.0,-1.0,-1.0,-1.0,-1.0,-1.0,-1.0,-1.0,-1.0,-1.0,-1.0,-1.0,-1.0,-1.0,-1.0,-1.0,-1.0,-1.0,-1.0,-1.0,-1.0,-1.0,-1.0,-1.0,-1.0,-1.0,-1.0,-1.0,-1.0,-1.0,-1.0,82813
M,WIDOWED,ITA,PRIMARY,THIN,TENANT_MARKET,RETIRED,POOR,N,N,N,N,N,N,N,N,N,UNK,N,-1.0,-1.0,-1.0,-1.0,-1.0,-1.0,-1.0,-1.0,-1.0,-1.0,-1.0,-1.0,-1.0,-1.0,-1.0,-1.0,-1.0,-1.0,-1.0,-1.0,-1.0,-1.0,-1.0,-1.0,-1.0,-1.0,-1.0,-1.0,-1.0,-1.0,-1.0,-1.0,-1.0,-1.0,-1.0,-1.0,31991
M,DIVORCED,ITA,PRIMARY,THIN,TENANT_MARKET,OTHER_INACTIVE,POOR,N,N,N,N,N,N,N,N,N,UNK,N,-1.0,-1.0,-1.0,-1.0,-1.0,-1.0,-1.0,-1.0,-1.0,-1.0,-1.0,-1.0,-1.0,-1.0,-1.0,-1.0,-1.0,-1.0,-1.0,-1.0,-1.0,-1.0,-1.0,-1.0,-1.0,-1.0,-1.0,-1.0,-1.0,-1.0,-1.0,-1.0,-1.0,-1.0,-1.0,-1.0,14243
M,DIVORCED,ITA,LOWER_SEC,THIN,TENANT_MARKET,RETIRED,FAIR,N,N,N,N,N,N,N,N,N,UNK,N,-1.0,-1.0,-1.0,-1.0,-1.0,-1.0,-1.0,-1.0,-1.0,-1.0,-1.0,-1.0,-1.0,-1.0,-1.0,-1.0,-1.0,-1.0,-1.0,-1.0,-1.0,-1.0,-1.0,-1.0,-1.0,-1.0,-1.0,-1.0,-1.0,-1.0,-1.0,-1.0,-1.0,-1.0,-1.0,-1.0,64620
M,DIVORCED,ITA,PRIMARY,THIN,TENANT_MARKET,RETIRED,FAIR,N,N,N,N,N,N,N,N,N,NA,N,-1.0,-1.0,-1.0,-1.0,-1.0,-1.0,-1.0,-1.0,-1.0,-1.0,-1.0,-1.0,-1.0,-1.0,-1.0,-1.0,-1.0,-1.0,-1.0,-1.0,-1.0,-1.0,-1.0,-1.0,-1.0,-1.0,-1.0,-1.0,-1.0,-1.0,-1.0,-1.0,-1.0,-1.0,-1.0,-1.0,77781
M,DIVORCED,ESP,PRIMARY,THIN,TENANT_MARKET,RETIRED,FAIR,N,N,N,N,N,N,N,N,N,UNK,N,-1.0,-1.0,-1.0,-1.0,-1.0,-1.0,-1.0,-1.0,-1.0,-1.0,-1.0,-1.0,-1.0,-1.0,-1.0,-1.0,-1.0,-1.0,-1.0,-1.0,-1.0,-1.0,-1.0,-1.0,-1.0,-1.0,-1.0,-1.0,-1.0,-1.0,-1.0,-1.0,-1.0,-1.0,-1.0,-1.0,26758
M,DIVORCED,ESP,PRIMARY,THIN,TENANT_REDUCED,OTHER_INACTIVE,FAIR,N,N,N,N,N,N,N,N,N,UNK,N,-1.0,-1.0,-1.0,-1.0,-1.0,-1.0,-1.0,-1.0,-1.0,-1.0,-1.0,-1.0,-1.0,-1.0,-1.0,-1.0,-1.0,-1.0,-1.0,-1.0,-1.0,-1.0,-1.0,-1.0,-1.0,-1.0,-1.0,-1.0,-1.0,-1.0,-1.0,-1.0,-1.0,-1.0,-1.0,-1.0,8249
M,WIDOWED,ESP,LOWER_SEC,THIN,TENANT_REDUCED,OTHER_INACTIVE,POOR,N,N,N,N,N,N,N,N,N,UNK,N,-1.0,-1.0,-1.0,-1.0,-1.0,-1.0,-1.0,-1.0,-1.0,-1.0,-1.0,-1.0,-1.0,-1.0,-1.0,-1.0,-1.0,-1.0,-1.0,-1.0,-1.0,-1.0,-1.0,-1.0,-1.0,-1.0,-1.0,-1.0,-1.0,-1.0,-1.0,-1.0,-1.0,-1.0,-1.0,-1.0,31790
M,WIDOWED,ESP,LOWER_SEC,THIN,TENANT_MARKET,OTHER_INACTIVE,POOR,N,N,N,N,N,N,N,N,N,NA,N,-1.0,-1.0,-1.0,-1.0,-1.0,-1.0,-1.0,-1.0,-1.0,-1.0,-1.0,-1.0,-1.0,-1.0,-1.0,-1.0,-1.0,-1.0,-1.0,-1.0,-1.0,-1.0,-1.0,-1.0,-1.0,-1.0,-1.0,-1.0,-1.0,-1.0,-1.0,-1.0,-1.0,-1.0,-1.0,-1.0,4116
M,WIDOWED,ITA,PRIMARY,THIN,TENANT_REDUCED,OTHER_INACTIVE,POOR,N,N,N,N,N,N,N,N,N,NA,N,-1.0,-1.0,-1.0,-1.0,-1.0,-1.0,-1.0,-1.0,-1.0,-1.0,-1.0,-1.0,-1.0,-1.0,-1.0,-1.0,-1.0,-1.0,-1.0,-1.0,-1.0,-1.0,-1.0,-1.0,-1.0,-1.0,-1.0,-1.0,-1.0,-1.0,-1.0,-1.0,-1.0,-1.0,-1.0,-1.0,43239
M,WIDOWED,ITA,PRIMARY,THIN,TENANT_MARKET,OTHER_INACTIVE,POOR,N,N,N,N,N,N,N,N,N,NA,N,-1.0,-1.0,-1.0,-1.0,-1.0,-1.0,-1.0,-1.0,-1.0,-1.0,-1.0,-1.0,-1.0,-1.0,-1.0,-1.0,-1.0,-1.0,-1.0,-1.0,-1.0,-1.0,-1.0,-1.0,-1.0,-1.0,-1.0,-1.0,-1.0,-1.0,-1.0,-1.0,-1.0,-1.0,-1.0,-1.0,94399
M,WIDOWED,ITA,PRIMARY,THIN,TENANT_MARKET,OTHER_INACTIVE,POOR,N,N,N,N,N,N,N,N,N,UNK,N,-1.0,-1.0,-1.0,-1.0,-1.0,-1.0,-1.0,-1.0,-1.0,-1.0,-1.0,-1.0,-1.0,-1.0,-1.0,-1.0,-1.0,-1.0,-1.0,-1.0,-1.0,-1.0,-1.0,-1.0,-1.0,-1.0,-1.0,-1.0,-1.0,-1.0,-1.0,-1.0,-1.0,-1.0,-1.0,-1.0,85673
M,WIDOWED,ITA,PRIMARY,THIN,TENANT_MARKET,RETIRED,FAIR,N,N,N,N,N,N,N,N,N,NA,N,-1.0,-1.0,-1.0,-1.0,-1.0,-1.0,-1.0,-1.0,-1.0,-1.0,-1.0,-1.0,-1.0,-1.0,-1.0,-1.0,-1.0,-1.0,-1.0,-1.0,-1.0,-1.0,-1.0,-1.0,-1.0,-1.0,-1.0,-1.0,-1.0,-1.0,-1.0,-1.0,-1.0,-1.0,-1.0,-1.0,51564
M,WIDOWED,ESP,PRIMARY,THIN,TENANT_REDUCED,RETIRED,POOR,N,N,N,N,N,N,N,N,N,NA,N,-1.0,-1.0,-1.0,-1.0,-1.0,-1.0,-1.0,-1.0,-1.0,-1.0,-1.0,-1.0,-1.0,-1.0,-1.0,-1.0,-1.0,-1.0,-1.0,-1.0,-1.0,-1.0,-1.0,-1.0,-1.0,-1.0,-1.0,-1.0,-1.0,-1.0,-1.0,-1.0,-1.0,-1.0,-1.0,-1.0,55768
M,DIVORCED,ITA,LOWER_SEC,THIN,TENANT_REDUCED,RETIRED,FAIR,N,N,N,N,N,N,N,N,N,UNK,N,-1.0,-1.0,-1.0,-1.0,-1.0,-1.0,-1.0,-1.0,-1.0,-1.0,-1.0,-1.0,-1.0,-1.0,-1.0,-1.0,-1.0,-1.0,-1.0,-1.0,-1.0,-1.0,-1.0,-1.0,-1.0,-1.0,-1.0,-1.0,-1.0,-1.0,-1.0,-1.0,-1.0,-1.0,-1.0,-1.0,48807
M,WIDOWED,ESP,LOWER_SEC,THIN,TENANT_MARKET,RETIRED,POOR,N,N,N,N,N,N,N,N,N,NA,N,-1.0,-1.0,-1.0,-1.0,-1.0,-1.0,-1.0,-1.0,-1.0,-1.0,-1.0,-1.0,-1.0,-1.0,-1.0,-1.0,-1.0,-1.0,-1.0,-1.0,-1.0,-1.0,-1.0,-1.0,-1.0,-1.0,-1.0,-1.0,-1.0,-1.0,-1.0,-1.0,-1.0,-1.0,-1.0,-1.0,436
M,WIDOWED,ITA,LOWER_SEC,THIN,TENANT_MARKET,OTHER_INACTIVE,FAIR,N,N,N,N,N,N,N,N,N,UNK,N,-1.0,-1.0,-1.0,-1.0,-1.0,-1.0,-1.0,-1.0,-1.0,-1.0,-1.0,-1.0,-1.0,-1.0,-1.0,-1.0,-1.0,-1.0,-1.0,-1.0,-1.0,-1.0,-1.0,-1.0,-1.0,-1.0,-1.0,-1.0,-1.0,-1.0,-1.0,-1.0,-1.0,-1.0,-1.0,-1.0,22410
M,WIDOWED,ITA,PRIMARY,THIN,TENANT_REDUCED,RETIRED,POOR,N,N,N,N,N,N,N,N,N,NA,N,-1.0,-1.0,-1.0,-1.0,-1.0,-1.0,-1.0,-1.0,-1.0,-1.0,-1.0,-1.0,-1.0,-1.0,-1.0,-1.0,-1.0,-1.0,-1.0,-1.0,-1.0,-1.0,-1.0,-1.0,-1.0,-1.0,-1.0,-1.0,-1.0,-1.0,-1.0,-1.0,-1.0,-1.0,-1.0,-1.0,47615
M,DIVORCED,ESP,PRIMARY,THIN,TENANT_REDUCED,OTHER_INACTIVE,POOR,N,N,N,N,N,N,N,N,N,UNK,N,-1.0,-1.0,-1.0,-1.0,-1.0,-1.0,-1.0,-1.0,-1.0,-1.0,-1.0,-1.0,-1.0,-1.0,-1.0,-1.0,-1.0,-1.0,-1.0,-1.0,-1.0,-1.0,-1.0,-1.0,-1.0,-1.0,-1.0,-1.0,-1.0,-1.0,-1.0,-1.0,-1.0,-1.0,-1.0,-1.0,46715
M,WIDOWED,ITA,PRIMARY,THIN,TENANT_MARKET,RETIRED,POOR,N,N,N,N,N,N,N,N,N,NA,N,-1.0,-1.0,-1.0,-1.0,-1.0,-1.0,-1.0,-1.0,-1.0,-1.0,-1.0,-1.0,-1.0,-1.0,-1.0,-1.0,-1.0,-1.0,-1.0,-1.0,-1.0,-1.0,-1.0,-1.0,-1.0,-1.0,-1.0,-1.0,-1.0,-1.0,-1.0,-1.0,-1.0,-1.0,-1.0,-1.0,31411
M,WIDOWED,ITA,PRIMARY,THIN,TENANT_MARKET,OTHER_INACTIVE,FAIR,N,N,N,N,N,N,N,N,N,UNK,N,-1.0,-1.0,-1.0,-1.0,-1.0,-1.0,-1.0,-1.0,-1.0,-1.0,-1.0,-1.0,-1.0,-1.0,-1.0,-1.0,-1.0,-1.0,-1.0,-1.0,-1.0,-1.0,-1.0,-1.0,-1.0,-1.0,-1.0,-1.0,-1.0,-1.0,-1.0,-1.0,-1.0,-1.0,-1.0,-1.0,16021
M,WIDOWED,ESP,PRIMARY,THIN,TENANT_REDUCED,RETIRED,POOR,N,N,N,N,N,N,N,N,N,UNK,N,-1.0,-1.0,-1.0,-1.0,-1.0,-1.0,-1.0,-1.0,-1.0,-1.0,-1.0,-1.0,-1.0,-1.0,-1.0,-1.0,-1.0,-1.0,-1.0,-1.0,-1.0,-1.0,-1.0,-1.0,-1.0,-1.0,-1.0,-1.0,-1.0,-1.0,-1.0,-1.0,-1.0,-1.0,-1.0,-1.0,11485
M,WIDOWED,ESP,LOWER_SEC,THIN,TENANT_MARKET,OTHER_INACTIVE,FAIR,N,N,N,N,N,N,N,N,N,NA,N,-1.0,-1.0,-1.0,-1.0,-1.0,-1.0,-1.0,-1.0,-1.0,-1.0,-1.0,-1.0,-1.0,-1.0,-1.0,-1.0,-1.0,-1.0,-1.0,-1.0,-1.0,-1.0,-1.0,-1.0,-1.0,-1.0,-1.0,-1.0,-1.0,-1.0,-1.0,-1.0,-1.0,-1.0,-1.0,-1.0,14702
M,WIDOWED,ESP,LOWER_SEC,THIN,TENANT_MARKET,OTHER_INACTIVE,FAIR,N,N,N,N,N,N,N,N,N,UNK,N,-1.0,-1.0,-1.0,-1.0,-1.0,-1.0,-1.0,-1.0,-1.0,-1.0,-1.0,-1.0,-1.0,-1.0,-1.0,-1.0,-1.0,-1.0,-1.0,-1.0,-1.0,-1.0,-1.0,-1.0,-1.0,-1.0,-1.0,-1.0,-1.0,-1.0,-1.0,-1.0,-1.0,-1.0,-1.0,-1.0,76394
M,WIDOWED,ITA,PRIMARY,THIN,TENANT_REDUCED,OTHER_INACTIVE,FAIR,N,N,N,N,N,N,N,N,N,UNK,N,-1.0,-1.0,-1.0,-1.0,-1.0,-1.0,-1.0,-1.0,-1.0,-1.0,-1.0,-1.0,-1.0,-1.0,-1.0,-1.0,-1.0,-1.0,-1.0,-1.0,-1.0,-1.0,-1.0,-1.0,-1.0,-1.0,-1.0,-1.0,-1.0,-1.0,-1.0,-1.0,-1.0,-1.0,-1.0,-1.0,83795
M,DIVORCED,ESP,LOWER_SEC,THIN,TENANT_REDUCED,OTHER_INACTIVE,POOR,N,N,N,N,N,N,N,N,N,NA,N,-1.0,-1.0,-1.0,-1.0,-1.0,-1.0,-1.0,-1.0,-1.0,-1.0,-1.0,-1.0,-1.0,-1.0,-1.0,-1.0,-1.0,-1.0,-1.0,-1.0,-1.0,-1.0,-1.0,-1.0,-1.0,-1.0,-1.0,-1.0,-1.0,-1.0,-1.0,-1.0,-1.0,-1.0,-1.0,-1.0,83650
M,DIVORCED,ESP,PRIMARY,THIN,TENANT_MARKET,RETIRED,POOR,N,N,N,N,N,N,N,N,N,NA,N,-1.0,-1.0,-1.0,-1.0,-1.0,-1.0,-1.0,-1.0,-1.0,-1.0,-1.0,-1.0,-1.0,-1.0,-1.0,-1.0,-1.0,-1.0,-1.0,-1.0,-1.0,-1.0,-1.0,-1.0,-1.0,-1.0,-1.0,-1.0,-1.0,-1.0,-1.0,-1.0,-1.0,-1.0,-1.0,-1.0,41370
M,WIDOWED,ESP,LOWER_SEC,THIN,TENANT_REDUCED,RETIRED,POOR,N,N,N,N,N,N,N,N,N,NA,N,-1.0,-1.0,-1.0,-1.0,-1.0,-1.0,-1.0,-1.0,-1.0,-1.0,-1.0,-1.0,-1.0,-1.0,-1.0,-1.0,-1.0,-1.0,-1.0,-1.0,-1.0,-1.0,-1.0,-1.0,-1.0,-1.0,-1.0,-1.0,-1.0,-1.0,-1.0,-1.0,-1.0,-1.0,-1.0,-1.0,76611
M,DIVORCED,ITA,LOWER_SEC,THIN,TENANT_REDUCED,RETIRED,POOR,N,N,N,N,N,N,N,N,N,NA,N,-1.0,-1.0,-1.0,-1.0,-1.0,-1.0,-1.0,-1.0,-1.0,-1.0,-1.0,-1.0,-1.0,-1.0,-1.0,-1.0,-1.0,-1.0,-1.0,-1.0,-1.0,-1.0,-1.0,-1.0,-1.0,-1.0,-1.0,-1.0,-1.0,-1.0,-1.0,-1.0,-1.0,-1.0,-1.0,-1.0,42958
M,DIVORCED,ESP,LOWER_SEC,THIN,TENANT_MARKET,OTHER_INACTIVE,FAIR,N,N,N,N,N,N,N,N,N,UNK,N,-1.0,-1.0,-1.0,-1.0,-1.0,-1.0,-1.0,-1.0,-1.0,-1.0,-1.0,-1.0,-1.0,-1.0,-1.0,-1.0,-1.0,-1.0,-1.0,-1.0,-1.0,-1.0,-1.0,-1.0,-1.0,-1.0,-1.0,-1.0,-1.0,-1.0,-1.0,-1.0,-1.0,-1.0,-1.0,-1.0,74495
M,DIVORCED,ESP,LOWER_SEC,THIN,TENANT_MARKET,OTHER_INACTIVE,POOR,N,N,N,N,N,N,N,N,N,UNK,N,-1.0,-1.0,-1.0,-1.0,-1.0,-1.0,-1.0,-1.0,-1.0,-1.0,-1.0,-1.0,-1.0,-1.0,-1.0,-1.0,-1.0,-1.0,-1.0,-1.0,-1.0,-1.0,-1.0,-1.0,-1.0,-1.0,-1.0,-1.0,-1.0,-1.0,-1.0,-1.0,-1.0,-1.0,-1.0,-1.0,76649
M,DIVORCED,ESP,PRIMARY,THIN,TENANT_MARKET,OTHER_INACTIVE,POOR,N,N,N,N,N,N,N,N,N,NA,N,-1.0,-1.0,-1.0,-1.0,-1.0,-1.0,-1.0,-1.0,-1.0,-1.0,-1.0,-1.0,-1.0,-1.0,-1.0,-1.0,-1.0,-1.0,-1.0,-1.0,-1.0,-1.0,-1.0,-1.0,-1.0,-1.0,-1.0,-1.0,-1.0,-1.0,-1.0,-1.0,-1.0,-1.0,-1.0,-1.0,71396
M,WIDOWED,ESP,LOWER_SEC,THIN,TENANT_MARKET,OTHER_INACTIVE,FAIR,N,N,N,N,N,N,N,N,N,UNK,N,-1.0,-1.0,-1.0,-1.0,-1.0,-1.0,-1.0,-1.0,-1.0,-1.0,-1.0,-1.0,-1.0,-1.0,-1.0,-1.0,-1.0,-1.0,-1.0,-1.0,-1.0,-1.0,-1.0,-1.0,-1.0,-1.0,-1.0,-1.0,-1.0,-1.0,-1.0,-1.0,-1.0,-1.0,-1.0,-1.0,83180
M,WIDOWED,ESP,PRIMARY,THIN,TENANT_MARKET,OTHER_INACTIVE,FAIR,N,N,N,N,N,N,N,N,N,UNK,N,-1.0,-1.0,-1.0,-1.0,-1.0,-1.0,-1.0,-1.0,-1.0,-1.0,-1.0,-1.0,-1.0,-1.0,-1.0,-1.0,-1.0,-1.0,-1.0,-1.0,-1.0,-1.0,-1.0,-1.0,-1.0,-1.0,-1.0,-1.0,-1.0,-1.0,-1.0,-1.0,-1.0,-1.0,-1.0,-1.0,27333
M,DIVORCED,ITA,PRIMARY,THIN,TENANT_REDUCED,OTHER_INACTIVE,FAIR,N,N,N,N,N,N,N,N,N,UNK,N,-1.0,-1.0,-1.0,-1.0,-1.0,-1.0,-1.0,-1.0,-1.0,-1.0,-1.0,-1.0,-1.0,-1.0,-1.0,-1.0,-1.0,-1.0,-1.0,-1.0,-1.0,-1.0,-1.0,-1.0,-1.0,-1.0,-1.0,-1.0,-1.0,-1.0,-1.0,-1.0,-1.0,-1.0,-1.0,-1.0,74668
M,DIVORCED,ESP,PRIMARY,THIN,TENANT_REDUCED,OTHER_INACTIVE,FAIR,N,N,N,N,N,N,N,N,N,NA,N,-1.0,-1.0,-1.0,-1.0,-1.0,-1.0,-1.0,-1.0,-1.0,-1.0,-1.0,-1.0,-1.0,-1.0,-1.0,-1.0,-1.0,-1.0,-1.0,-1.0,-1.0,-1.0,-1.0,-1.0,-1.0,-1.0,-1.0,-1.0,-1.0,-1.0,-1.0,-1.0,-1.0,-1.0,-1.0,-1.0,72457
M,DIVORCED,ESP,PRIMARY,THIN,TENANT_MARKET,OTHER_INACTIVE,FAIR,N,N,N,N,N,N,N,N,N,UNK,N,-1.0,-1.0,-1.0,-1.0,-1.0,-1.0,-1.0,-1.0,-1.0,-1.0,-1.0,-1.0,-1.0,-1.0,-1.0,-1.0,-1.0,-1.0,-1.0,-1.0,-1.0,-1.0,-1.0,-1.0,-1.0,-1.0,-1.0,-1.0,-1.0,-1.0,-1.0,-1.0,-1.0,-1.0,-1.0,-1.0,99744
M,WIDOWED,ITA,PRIMARY,THIN,TENANT_MARKET,RETIRED,FAIR,N,N,N,N,N,N,N,N,N,UNK,N,-1.0,-1.0,-1.0,-1.0,-1.0,-1.0,-1.0,-1.0,-1.0,-1.0,-1.0,-1.0,-1.0,-1.0,-1.0,-1.0,-1.0,-1.0,-1.0,-1.0,-1.0,-1.0,-1.0,-1.0,-1.0,-1.0,-1.0,-1.0,-1.0,-1.0,-1.0,-1.0,-1.0,-1.0,-1.0,-1.0,21871
M,WIDOWED,ITA,LOWER_SEC,THIN,TENANT_MARKET,RETIRED,POOR,N,N,N,N,N,N,N,N,N,UNK,N,-1.0,-1.0,-1.0,-1.0,-1.0,-1.0,-1.0,-1.0,-1.0,-1.0,-1.0,-1.0,-1.0,-1.0,-1.0,-1.0,-1.0,-1.0,-1.0,-1.0,-1.0,-1.0,-1.0,-1.0,-1.0,-1.0,-1.0,-1.0,-1.0,-1.0,-1.0,-1.0,-1.0,-1.0,-1.0,-1.0,13069
M,DIVORCED,ESP,PRIMARY,THIN,TENANT_MARKET,RETIRED,POOR,N,N,N,N,N,N,N,N,N,UNK,N,-1.0,-1.0,-1.0,-1.0,-1.0,-1.0,-1.0,-1.0,-1.0,-1.0,-1.0,-1.0,-1.0,-1.0,-1.0,-1.0,-1.0,-1.0,-1.0,-1.0,-1.0,-1.0,-1.0,-1.0,-1.0,-1.0,-1.0,-1.0,-1.0,-1.0,-1.0,-1.0,-1.0,-1.0,-1.0,-1.0,75280
M,DIVORCED,ITA,LOWER_SEC,THIN,TENANT_MARKET,OTHER_INACTIVE,POOR,N,N,N,N,N,N,N,N,N,NA,N,-1.0,-1.0,-1.0,-1.0,-1.0,-1.0,-1.0,-1.0,-1.0,-1.0,-1.0,-1.0,-1.0,-1.0,-1.0,-1.0,-1.0,-1.0,-1.0,-1.0,-1.0,-1.0,-1.0,-1.0,-1.0,-1.0,-1.0,-1.0,-1.0,-1.0,-1.0,-1.0,-1.0,-1.0,-1.0,-1.0,4646
M,WIDOWED,ESP,PRIMARY,THIN,TENANT_REDUCED,RETIRED,FAIR,N,N,N,N,N,N,N,N,N,NA,N,-1.0,-1.0,-1.0,-1.0,-1.0,-1.0,-1.0,-1.0,-1.0,-1.0,-1.0,-1.0,-1.0,-1.0,-1.0,-1.0,-1.0,-1.0,-1.0,-1.0,-1.0,-1.0,-1.0,-1.0,-1.0,-1.0,-1.0,-1.0,-1.0,-1.0,-1.0,-1.0,-1.0,-1.0,-1.0,-1.0,30992
M,WIDOWED,ITA,LOWER_SEC,THIN,TENANT_MARKET,OTHER_INACTIVE,FAIR,N,N,N,N,N,N,N,N,N,NA,N,-1.0,-1.0,-1.0,-1.0,-1.0,-1.0,-1.0,-1.0,-1.0,-1.0,-1.0,-1.0,-1.0,-1.0,-1.0,-1.0,-1.0,-1.0,-1.0,-1.0,-1.0,-1.0,-1.0,-1.0,-1.0,-1.0,-1.0,-1.0,-1.0,-1.0,-1.0,-1.0,-1.0,-1.0,-1.0,-1.0,43718
M,DIVORCED,ESP,LOWER_SEC,THIN,TENANT_MARKET,RETIRED,FAIR,N,N,N,N,N,N,N,N,N,NA,N,-1.0,-1.0,-1.0,-1.0,-1.0,-1.0,-1.0,-1.0,-1.0,-1.0,-1.0,-1.0,-1.0,-1.0,-1.0,-1.0,-1.0,-1.0,-1.0,-1.0,-1.0,-1.0,-1.0,-1.0,-1.0,-1.0,-1.0,-1.0,-1.0,-1.0,-1.0,-1.0,-1.0,-1.0,-1.0,-1.0,64962
M,DIVORCED,ITA,LOWER_SEC,THIN,TENANT_REDUCED,OTHER_INACTIVE,POOR,N,N,N,N,N,N,N,N,N,UNK,N,-1.0,-1.0,-1.0,-1.0,-1.0,-1.0,-1.0,-1.0,-1.0,-1.0,-1.0,-1.0,-1.0,-1.0,-1.0,-1.0,-1.0,-1.0,-1.0,-1.0,-1.0,-1.0,-1.0,-1.0,-1.0,-1.0,-1.0,-1.0,-1.0,-1.0,-1.0,-1.0,-1.0,-1.0,-1.0,-1.0,53355
M,DIVORCED,ITA,PRIMARY,THIN,TENANT_MARKET,RETIRED,POOR,N,N,N,N,N,N,N,N,N,NA,N,-1.0,-1.0,-1.0,-1.0,-1.0,-1.0,-1.0,-1.0,-1.0,-1.0,-1.0,-1.0,-1.0,-1.0,-1.0,-1.0,-1.0,-1.0,-1.0,-1.0,-1.0,-1.0,-1.0,-1.0,-1.0,-1.0,-1.0,-1.0,-1.0,-1.0,-1.0,-1.0,-1.0,-1.0,-1.0,-1.0,96020
M,WIDOWED,ESP,PRIMARY,THIN,TENANT_MARKET,OTHER_INACTIVE,FAIR,N,N,N,N,N,N,N,N,N,UNK,N,-1.0,-1.0,-1.0,-1.0,-1.0,-1.0,-1.0,-1.0,-1.0,-1.0,-1.0,-1.0,-1.0,-1.0,-1.0,-1.0,-1.0,-1.0,-1.0,-1.0,-1.0,-1.0,-1.0,-1.0,-1.0,-1.0,-1.0,-1.0,-1.0,-1.0,-1.0,-1.0,-1.0,-1.0,-1.0,-1.0,85400
M,WIDOWED,ITA,LOWER_SEC,THIN,TENANT_REDUCED,OTHER_INACTIVE,POOR,N,N,N,N,N,N,N,N,N,NA,N,-1.0,-1.0,-1.0,-1.0,-1.0,-1.0,-1.0,-1.0,-1.0,-1.0,-1.0,-1.0,-1.0,-1.0,-1.0,-1.0,-1.0,-1.0,-1.0,-1.0,-1.0,-1.0,-1.0,-1.0,-1.0,-1.0,-1.0,-1.0,-1.0,-1.0,-1.0,-1.0,-1.0,-1.0,-1.0,-1.0,70844
M,WIDOWED,ESP,PRIMARY,THIN,TENANT_REDUCED,OTHER_INACTIVE,FAIR,N,N,N,N,N,N,N,N,N,NA,N,-1.0,-1.0,-1.0,-1.0,-1.0,-1.0,-1.0,-1.0,-1.0,-1.0,-1.0,-1.0,-1.0,-1.0,-1.0,-1.0,-1.0,-1.0,-1.0,-1.0,-1.0,-1.0,-1.0,-1.0,-1.0,-1.0,-1.0,-1.0,-1.0,-1.0,-1.0,-1.0,-1.0,-1.0,-1.0,-1.0,57452
M,DIVORCED,ITA,PRIMARY,THIN,TENANT_MARKET,RETIRED,POOR,N,N,N,N,N,N,N,N,N,NA,N,-1.0,-1.0,-1.0,-1.0,-1.0,-1.0,-1.0,-1.0,-1.0,-1.0,-1.0,-1.0,-1.0,-1.0,-1.0,-1.0,-1.0,-1.0,-1.0,-1.0,-1.0,-1.0,-1.0,-1.0,-1.0,-1.0,-1.0,-1.0,-1.0,-1.0,-1.0,-1.0,-1.0,-1.0,-1.0,-1.0,70823
M,WIDOWED,ESP,PRIMARY,THIN,TENANT_MARKET,RETIRED,FAIR,N,N,N,N,N,N,N,N,N,NA,N,-1.0,-1.0,-1.0,-1.0,-1.0,-1.0,-1.0,-1.0,-1.0,-1.0,-1.0,-1.0,-1.0,-1.0,-1.0,-1.0,-1.0,-1.0,-1.0,-1.0,-1.0,-1.0,-1.0,-1.0,-1.0,-1.0,-1.0,-1.0,-1.0,-1.0,-1.0,-1.0,-1.0,-1.0,-1.0,-1.0,97450
M,DIVORCED,ITA,PRIMARY,THIN,TENANT_MARKET,RETIRED,FAIR,N,N,N,N,N,N,N,N,N,NA,N,-1.0,-1.0,-1.0,-1.0,-1.0,-1.0,-1.0,-1.0,-1.0,-1.0,-1.0,-1.0,-1.0,-1.0,-1.0,-1.0,-1.0,-1.0,-1.0,-1.0,-1.0,-1.0,-1.0,-1.0,-1.0,-1.0,-1.0,-1.0,-1.0,-1.0,-1.0,-1.0,-1.0,-1.0,-1.0,-1.0,80241
M,DIVORCED,ITA,LOWER_SEC,THIN,TENANT_MARKET,OTHER_INACTIVE,FAIR,N,N,N,N,N,N,N,N,N,UNK,N,-1.0,-1.0,-1.0,-1.0,-1.0,-1.0,-1.0,-1.0,-1.0,-1.0,-1.0,-1.0,-1.0,-1.0,-1.0,-1.0,-1.0,-1.0,-1.0,-1.0,-1.0,-1.0,-1.0,-1.0,-1.0,-1.0,-1.0,-1.0,-1.0,-1.0,-1.0,-1.0,-1.0,-1.0,-1.0,-1.0,50883
M,WIDOWED,ESP,LOWER_SEC,THIN,TENANT_REDUCED,OTHER_INACTIVE,POOR,N,N,N,N,N,N,N,N,N,NA,N,-1.0,-1.0,-1.0,-1.0,-1.0,-1.0,-1.0,-1.0,-1.0,-1.0,-1.0,-1.0,-1.0,-1.0,-1.0,-1.0,-1.0,-1.0,-1.0,-1.0,-1.0,-1.0,-1.0,-1.0,-1.0,-1.0,-1.0,-1.0,-1.0,-1.0,-1.0,-1.0,-1.0,-1.0,-1.0,-1.0,58415
M,DIVORCED,ITA,PRIMARY,THIN,TENANT_REDUCED,OTHER_INACTIVE,POOR,N,N,N,N,N,N,N,N,N,NA,N,-1.0,-1.0,-1.0,-1.0,-1.0,-1.0,-1.0,-1.0,-1.0,-1.0,-1.0,-1.0,-1.0,-1.0,-1.0,-1.0,-1.0,-1.0,-1.0,-1.0,-1.0,-1.0,-1.0,-1.0,-1.0,-1.0,-1.0,-1.0,-1.0,-1.0,-1.0,-1.0,-1.0,-1.0,-1.0,-1.0,99961
M,WIDOWED,ESP,PRIMARY,THIN,TENANT_REDUCED,OTHER_INACTIVE,POOR,N,N,N,N,N,N,N,N,N,NA,N,-1.0,-1.0,-1.0,-1.0,-1.0,-1.0,-1.0,-1.0,-1.0,-1.0,-1.0,-1.0,-1.0,-1.0,-1.0,-1.0,-1.0,-1.0,-1.0,-1.0,-1.0,-1.0,-1.0,-1.0,-1.0,-1.0,-1.0,-1.0,-1.0,-1.0,-1.0,-1.0,-1.0,-1.0,-1.0,-1.0,34996
M,DIVORCED,ITA,LOWER_SEC,THIN,TENANT_MARKET,OTHER_INACTIVE,POOR,N,N,N,N,N,N,N,N,N,UNK,N,-1.0,-1.0,-1.0,-1.0,-1.0,-1.0,-1.0,-1.0,-1.0,-1.0,-1.0,-1.0,-1.0,-1.0,-1.0,-1.0,-1.0,-1.0,-1.0,-1.0,-1.0,-1.0,-1.0,-1.0,-1.0,-1.0,-1.0,-1.0,-1.0,-1.0,-1.0,-1.0,-1.0,-1.0,-1.0,-1.0,61286
M,WIDOWED,ITA,PRIMARY,THIN,TENANT_MARKET,RETIRED,POOR,N,N,N,N,N,N,N,N,N,NA,N,-1.0,-1.0,-1.0,-1.0,-1.0,-1.0,-1.0,-1.0,-1.0,-1.0,-1.0,-1.0,-1.0,-1.0,-1.0,-1.0,-1.0,-1.0,-1.0,-1.0,-1.0,-1.0,-1.0,-1.0,-1.0,-1.0,-1.0,-1.0,-1.0,-1.0,-1.0,-1.0,-1.0,-1.0,-1.0,-1.0,89997
M,DIVORCED,ITA,PRIMARY,THIN,TENANT_MARKET,OTHER_INACTIVE,POOR,N,N,N,N,N,N,N,N,N,UNK,N,-1.0,-1.0,-1.0,-1.0,-1.0,-1.0,-1.0,-1.0,-1.0,-1.0,-1.0,-1.0,-1.0,-1.0,-1.0,-1.0,-1.0,-1.0,-1.0,-1.0,-1.0,-1.0,-1.0,-1.0,-1.0,-1.0,-1.0,-1.0,-1.0,-1.0,-1.0,-1.0,-1.0,-1.0,-1.0,-1.0,7050
M,DIVORCED,ITA,LOWER_SEC,THIN,TENANT_MARKET,RETIRED,FAIR,N,N,N,N,N,N,N,N,N,UNK,N,-1.0,-1.0,-1.0,-1.0,-1.0,-1.0,-1.0,-1.0,-1.0,-1.0,-1.0,-1.0,-1.0,-1.0,-1.0,-1.0,-1.0,-1.0,-1.0,-1.0,-1.0,-1.0,-1.0,-1.0,-1.0,-1.0,-1.0,-1.0,-1.0,-1.0,-1.0,-1.0,-1.0,-1.0,-1.0,-1.0,1512
M,WIDOWED,ESP,PRIMARY,THIN,TENANT_REDUCED,OTHER_INACTIVE,POOR,N,N,N,N,N,N,N,N,N,NA,N,-1.0,-1.0,-1.0,-1.0,-1.0,-1.0,-1.0,-1.0,-1.0,-1.0,-1.0,-1.0,-1.0,-1.0,-1.0,-1.0,-1.0,-1.0,-1.0,-1.0,-1.0,-1.0,-1.0,-1.0,-1.0,-1.0,-1.0,-1.0,-1.0,-1.0,-1.0,-1.0,-1.0,-1.0,-1.0,-1.0,81532
M,WIDOWED,ITA,LOWER_SEC,THIN,TENANT_REDUCED,RETIRED,POOR,N,N,N,N,N,N,N,N,N,NA,N,-1.0,-1.0,-1.0,-1.0,-1.0,-1.0,-1.0,-1.0,-1.0,-1.0,-1.0,-1.0,-1.0,-1.0,-1.0,-1.0,-1.0,-1.0,-1.0,-1.0,-1.0,-1.0,-1.0,-1.0,-1.0,-1.0,-1.0,-1.0,-1.0,-1.0,-1.0,-1.0,-1.0,-1.0,-1.0,-1.0,41662
M,DIVORCED,ESP,LOWER_SEC,THIN,TENANT_REDUCED,RETIRED,POOR,N,N,N,N,N,N,N,N,N,UNK,N,-1.0,-1.0,-1.0,-1.0,-1.0,-1.0,-1.0,-1.0,-1.0,-1.0,-1.0,-1.0,-1.0,-1.0,-1.0,-1.0,-1.0,-1.0,-1.0,-1.0,-1.0,-1.0,-1.0,-1.0,-1.0,-1.0,-1.0,-1.0,-1.0,-1.0,-1.0,-1.0,-1.0,-1.0,-1.0,-1.0,66931
M,WIDOWED,ESP,PRIMARY,THIN,TENANT_MARKET,RETIRED,FAIR,N,N,N,N,N,N,N,N,N,NA,N,-1.0,-1.0,-1.0,-1.0,-1.0,-1.0,-1.0,-1.0,-1.0,-1.0,-1.0,-1.0,-1.0,-1.0,-1.0,-1.0,-1.0,-1.0,-1.0,-1.0,-1.0,-1.0,-1.0,-1.0,-1.0,-1.0,-1.0,-1.0,-1.0,-1.0,-1.0,-1.0,-1.0,-1.0,-1.0,-1.0,41053
M,DIVORCED,ESP,LOWER_SEC,THIN,TENANT_REDUCED,OTHER_INACTIVE,FAIR,N,N,N,N,N,N,N,N,N,UNK,N,-1.0,-1.0,-1.0,-1.0,-1.0,-1.0,-1.0,-1.0,-1.0,-1.0,-1.0,-1.0,-1.0,-1.0,-1.0,-1.0,-1.0,-1.0,-1.0,-1.0,-1.0,-1.0,-1.0,-1.0,-1.0,-1.0,-1.0,-1.0,-1.0,-1.0,-1.0,-1.0,-1.0,-1.0,-1.0,-1.0,2254
M,WIDOWED,ESP,LOWER_SEC,THIN,TENANT_MARKET,OTHER_INACTIVE,FAIR,N,N,N,N,N,N,N,N,N,UNK,N,-1.0,-1.0,-1.0,-1.0,-1.0,-1.0,-1.0,-1.0,-1.0,-1.0,-1.0,-1.0,-1.0,-1.0,-1.0,-1.0,-1.0,-1.0,-1.0,-1.0,-1.0,-1.0,-1.0,-1.0,-1.0,-1.0,-1.0,-1.0,-1.0,-1.0,-1.0,-1.0,-1.0,-1.0,-1.0,-1.0,65595
M,DIVORCED,ESP,PRIMARY,THIN,TENANT_REDUCED,OTHER_INACTIVE,POOR,N,N,N,N,N,N,N,N,N,UNK,N,-1.0,-1.0,-1.0,-1.0,-1.0,-1.0,-1.0,-1.0,-1.0,-1.0,-1.0,-1.0,-1.0,-1.0,-1.0,-1.0,-1.0,-1.0,-1.0,-1.0,-1.0,-1.0,-1.0,-1.0,-1.0,-1.0,-1.0,-1.0,-1.0,-1.0,-1.0,-1.0,-1.0,-1.0,-1.0,-1.0,86051
M,DIVORCED,ITA,LOWER_SEC,THIN,TENANT_MARKET,OTHER_INACTIVE,FAIR,N,N,N,N,N,N,N,N,N,NA,N,-1.0,-1.0,-1.0,-1.0,-1.0,-1.0,-1.0,-1.0,-1.0,-1.0,-1.0,-1.0,-1.0,-1.0,-1.0,-1.0,-1.0,-1.0,-1.0,-1.0,-1.0,-1.0,-1.0,-1.0,-1.0,-1.0,-1.0,-1.0,-1.0,-1.0,-1.0,-1.0,-1.0,-1.0,-1.0,-1.0,21386
M,DIVORCED,ITA,PRIMARY,THIN,TENANT_MARKET,RETIRED,POOR,N,N,N,N,N,N,N,N,N,NA,N,-1.0,-1.0,-1.0,-1.0,-1.0,-1.0,-1.0,-1.0,-1.0,-1.0,-1.0,-1.0,-1.0,-1.0,-1.0,-1.0,-1.0,-1.0,-1.0,-1.0,-1.0,-1.0,-1.0,-1.0,-1.0,-1.0,-1.0,-1.0,-1.0,-1.0,-1.0,-1.0,-1.0,-1.0,-1.0,-1.0,99868
M,DIVORCED,ITA,PRIMARY,THIN,TENANT_REDUCED,RETIRED,POOR,N,N,N,N,N,N,N,N,N,UNK,N,-1.0,-1.0,-1.0,-1.0,-1.0,-1.0,-1.0,-1.0,-1.0,-1.0,-1.0,-1.0,-1.0,-1.0,-1.0,-1.0,-1.0,-1.0,-1.0,-1.0,-1.0,-1.0,-1.0,-1.0,-1.0,-1.0,-1.0,-1.0,-1.0,-1.0,-1.0,-1.0,-1.0,-1.0,-1.0,-1.0,29289
M,DIVORCED,ITA,LOWER_SEC,THIN,TENANT_MARKET,OTHER_INACTIVE,FAIR,N,N,N,N,N,N,N,N,N,UNK,N,-1.0,-1.0,-1.0,-1.0,-1.0,-1.0,-1.0,-1.0,-1.0,-1.0,-1.0,-1.0,-1.0,-1.0,-1.0,-1.0,-1.0,-1.0,-1.0,-1.0,-1.0,-1.0,-1.0,-1.0,-1.0,-1.0,-1.0,-1.0,-1.0,-1.0,-1.0,-1.0,-1.0,-1.0,-1.0,-1.0,72421
M,WIDOWED,ITA,LOWER_SEC,THIN,TENANT_REDUCED,OTHER_INACTIVE,POOR,N,N,N,N,N,N,N,N,N,NA,N,-1.0,-1.0,-1.0,-1.0,-1.0,-1.0,-1.0,-1.0,-1.0,-1.0,-1.0,-1.0,-1.0,-1.0,-1.0,-1.0,-1.0,-1.0,-1.0,-1.0,-1.0,-1.0,-1.0,-1.0,-1.0,-1.0,-1.0,-1.0,-1.0,-1.0,-1.0,-1.0,-1.0,-1.0,-1.0,-1.0,23864
M,DIVORCED,ESP,PRIMARY,THIN,TENANT_MARKET,RETIRED,FAIR,N,N,N,N,N,N,N,N,N,UNK,N,-1.0,-1.0,-1.0,-1.0,-1.0,-1.0,-1.0,-1.0,-1.0,-1.0,-1.0,-1.0,-1.0,-1.0,-1.0,-1.0,-1.0,-1.0,-1.0,-1.0,-1.0,-1.0,-1.0,-1.0,-1.0,-1.0,-1.0,-1.0,-1.0,-1.0,-1.0,-1.0,-1.0,-1.0,-1.0,-1.0,50391
M,WIDOWED,ESP,PRIMARY,THIN,TENANT_REDUCED,RETIRED,POOR,N,N,N,N,N,N,N,N,N,UNK,N,-1.0,-1.0,-1.0,-1.0,-1.0,-1.0,-1.0,-1.0,-1.0,-1.0,-1.0,-1.0,-1.0,-1.0,-1.0,-1.0,-1.0,-1.0,-1.0,-1.0,-1.0,-1.0,-1.0,-1.0,-1.0,-1.0,-1.0,-1.0,-1.0,-1.0,-1.0,-1.0,-1.0,-1.0,-1.0,-1.0,96443
M,WIDOWED,ESP,LOWER_SEC,THIN,TENANT_MARKET,RETIRED,POOR,N,N,N,N,N,N,N,N,N,NA,N,-1.0,-1.0,-1.0,-1.0,-1.0,-1.0,-1.0,-1.0,-1.0,-1.0,-1.0,-1.0,-1.0,-1.0,-1.0,-1.0,-1.0,-1.0,-1.0,-1.0,-1.0,-1.0,-1.0,-1.0,-1.0,-1.0,-1.0,-1.0,-1.0,-1.0,-1.0,-1.0,-1.0,-1.0,-1.0,-1.0,75745
M,WIDOWED,ESP,LOWER_SEC,THIN,TENANT_MARKET,RETIRED,POOR,N,N,N,N,N,N,N,N,N,UNK,N,-1.0,-1.0,-1.0,-1.0,-1.0,-1.0,-1.0,-1.0,-1.0,-1.0,-1.0,-1.0,-1.0,-1.0,-1.0,-1.0,-1.0,-1.0,-1.0,-1.0,-1.0,-1.0,-1.0,-1.0,-1.0,-1.0,-1.0,-1.0,-1.0,-1.0,-1.0,-1.0,-1.0,-1.0,-1.0,-1.0,49422
M,WIDOWED,ESP,PRIMARY,THIN,TENANT_MARKET,RETIRED,POOR,N,N,N,N,N,N,N,N,N,UNK,N,-1.0,-1.0,-1.0,-1.0,-1.0,-1.0,-1.0,-1.0,-1.0,-1.0,-1.0,-1.0,-1.0,-1.0,-1.0,-1.0,-1.0,-1.0,-1.0,-1.0,-1.0,-1.0,-1.0,-1.0,-1.0,-1.0,-1.0,-1.0,-1.0,-1.0,-1.0,-1.0,-1.0,-1.0,-1.0,-1.0,34024
M,WIDOWED,ESP,LOWER_SEC,THIN,TENANT_REDUCED,RETIRED,POOR,N,N,N,N,N,N,N,N,N,NA,N,-1.0,-1.0,-1.0,-1.0,-1.0,-1.0,-1.0,-1.0,-1.0,-1.0,-1.0,-1.0,-1.0,-1.0,-1.0,-1.0,-1.0,-1.0,-1.0,-1.0,-1.0,-1.0,-1.0,-1.0,-1.0,-1.0,-1.0,-1.0,-1.0,-1.0,-1.0,-1.0,-1.0,-1.0,-1.0,-1.0,73766
M,DIVORCED,ESP,PRIMARY,THIN,TENANT_MARKET,OTHER_INACTIVE,FAIR,N,N,N,N,N,N,N,N,N,UNK,N,-1.0,-1.0,-1.0,-1.0,-1.0,-1.0,-1.0,-1.0,-1.0,-1.0,-1.0,-1.0,-1.0,-1.0,-1.0,-1.0,-1.0,-1.0,-1.0,-1.0,-1.0,-1.0,-1.0,-1.0,-1.0,-1.0,-1.0,-1.0,-1.0,-1.0,-1.0,-1.0,-1.0,-1.0,-1.0,-1.0,55424
M,WIDOWED,ITA,LOWER_SEC,THIN,TENANT_MARKET,OTHER_INACTIVE,FAIR,N,N,N,N,N,N,N,N,N,UNK,N,-1.0,-1.0,-1.0,-1.0,-1.0,-1.0,-1.0,-1.0,-1.0,-1.0,-1.0,-1.0,-1.0,-1.0,-1.0,-1.0,-1.0,-1.0,-1.0,-1.0,-1.0,-1.0,-1.0,-1.0,-1.0,-1.0,-1.0,-1.0,-1.0,-1.0,-1.0,-1.0,-1.0,-1.0,-1.0,-1.0,63066
M,DIVORCED,ITA,PRIMARY,THIN,TENANT_REDUCED,RETIRED,FAIR,N,N,N,N,N,N,N,N,N,NA,N,-1.0,-1.0,-1.0,-1.0,-1.0,-1.0,-1.0,-1.0,-1.0,-1.0,-1.0,-1.0,-1.0,-1.0,-1.0,-1.0,-1.0,-1.0,-1.0,-1.0,-1.0,-1.0,-1.0,-1.0,-1.0,-1.0,-1.0,-1.0,-1.0,-1.0,-1.0,-1.0,-1.0,-1.0,-1.0,-1.0,73745
M,WIDOWED,ESP,PRIMARY,THIN,TENANT_MARKET,OTHER_INACTIVE,FAIR,N,N,N,N,N,N,N,N,N,UNK,N,-1.0,-1.0,-1.0,-1.0,-1.0,-1.0,-1.0,-1.0,-1.0,-1.0,-1.0,-1.0,-1.0,-1.0,-1.0,-1.0,-1.0,-1.0,-1.0,-1.0,-1.0,-1.0,-1.0,-1.0,-1.0,-1.0,-1.0,-1.0,-1.0,-1.0,-1.0,-1.0,-1.0,-1.0,-1.0,-1.0,18851
M,DIVORCED,ITA,PRIMARY,THIN,TENANT_REDUCED,OTHER_INACTIVE,POOR,N,N,N,N,N,N,N,N,N,UNK,N,-1.0,-1.0,-1.0,-1.0,-1.0,-1.0,-1.0,-1.0,-1.0,-1.0,-1.0,-1.0,-1.0,-1.0,-1.0,-1.0,-1.0,-1.0,-1.0,-1.0,-1.0,-1.0,-1.0,-1.0,-1.0,-1.0,-1.0,-1.0,-1.0,-1.0,-1.0,-1.0,-1.0,-1.0,-1.0,-1.0,77506
M,DIVORCED,ITA,PRIMARY,THIN,TENANT_MARKET,OTHER_INACTIVE,FAIR,N,N,N,N,N,N,N,N,N,UNK,N,-1.0,-1.0,-1.0,-1.0,-1.0,-1.0,-1.0,-1.0,-1.0,-1.0,-1.0,-1.0,-1.0,-1.0,-1.0,-1.0,-1.0,-1.0,-1.0,-1.0,-1.0,-1.0,-1.0,-1.0,-1.0,-1.0,-1.0,-1.0,-1.0,-1.0,-1.0,-1.0,-1.0,-1.0,-1.0,-1.0,1158
M,DIVORCED,ESP,PRIMARY,THIN,TENANT_MARKET,OTHER_INACTIVE,POOR,N,N,N,N,N,N,N,N,N,UNK,N,-1.0,-1.0,-1.0,-1.0,-1.0,-1.0,-1.0,-1.0,-1.0,-1.0,-1.0,-1.0,-1.0,-1.0,-1.0,-1.0,-1.0,-1.0,-1.0,-1.0,-1.0,-1.0,-1.0,-1.0,-1.0,-1.0,-1.0,-1.0,-1.0,-1.0,-1.0,-1.0,-1.0,-1.0,-1.0,-1.0,23715
M,DIVORCED,ESP,LOWER_SEC,THIN,TENANT_MARKET,RETIRED,FAIR,N,N,N,N,N,N,N,N,N,UNK,N,-1.0,-1.0,-1.0,-1.0,-1.0,-1.0,-1.0,-1.0,-1.0,-1.0,-1.0,-1.0,-1.0,-1.0,-1.0,-1.0,-1.0,-1.0,-1.0,-1.0,-1.0,-1.0,-1.0,-1.0,-1.0,-1.0,-1.0,-1.0,-1.0,-1.0,-1.0,-1.0,-1.0,-1.0,-1.0,-1.0,79528
M,WIDOWED,ITA,PRIMARY,THIN,TENANT_MARKET,OTHER_INACTIVE,FAIR,N,N,N,N,N,N,N,N,N,NA,N,-1.0,-1.0,-1.0,-1.0,-1.0,-1.0,-1.0,-1.0,-1.0,-1.0,-1.0,-1.0,-1.0,-1.0,-1.0,-1.0,-1.0,-1.0,-1.0,-1.0,-1.0,-1.0,-1.0,-1.0,-1.0,-1.0,-1.0,-1.0,-1.0,-1.0,-1.0,-1.0,-1.0,-1.0,-1.0,-1.0,75837
M,DIVORCED,ITA,LOWER_SEC,THIN,TENANT_MARKET,OTHER_INACTIVE,FAIR,N,N,N,N,N,N,N,N,N,NA,N,-1.0,-1.0,-1.0,-1.0,-1.0,-1.0,-1.0,-1.0,-1.0,-1.0,-1.0,-1.0,-1.0,-1.0,-1.0,-1.0,-1.0,-1.0,-1.0,-1.0,-1.0,-1.0,-1.0,-1.0,-1.0,-1.0,-1.0,-1.0,-1.0,-1.0,-1.0,-1.0,-1.0,-1.0,-1.0,-1.0,59059
M,DIVORCED,ITA,LOWER_SEC,THIN,TENANT_MARKET,OTHER_INACTIVE,FAIR,N,N,N,N,N,N,N,N,N,NA,N,-1.0,-1.0,-1.0,-1.0,-1.0,-1.0,-1.0,-1.0,-1.0,-1.0,-1.0,-1.0,-1.0,-1.0,-1.0,-1.0,-1.0,-1.0,-1.0,-1.0,-1.0,-1.0,-1.0,-1.0,-1.0,-1.0,-1.0,-1.0,-1.0,-1.0,-1.0,-1.0,-1.0,-1.0,-1.0,-1.0,36656
M,DIVORCED,ITA,PRIMARY,THIN,TENANT_REDUCED,OTHER_INACTIVE,POOR,N,N,N,N,N,N,N,N,N,UNK,N,-1.0,-1.0,-1.0,-1.0,-1.0,-1.0,-1.0,-1.0,-1.0,-1.0,-1.0,-1.0,-1.0,-1.0,-1.0,-1.0,-1.0,-1.0,-1.0,-1.0,-1.0,-1.0,-1.0,-1.0,-1.0,-1.0,-1.0,-1.0,-1.0,-1.0,-1.0,-1.0,-1.0,-1.0,-1.0,-1.0,14251
M,DIVORCED,ITA,PRIMARY,THIN,TENANT_REDUCED,RETIRED,FAIR,N,N,N,N,N,N,N,N,N,NA,N,-1.0,-1.0,-1.0,-1.0,-1.0,-1.0,-1.0,-1.0,-1.0,-1.0,-1.0,-1.0,-1.0,-1.0,-1.0,-1.0,-1.0,-1.0,-1.0,-1.0,-1.0,-1.0,-1.0,-1.0,-1.0,-1.0,-1.0,-1.0,-1.0,-1.0,-1.0,-1.0,-1.0,-1.0,-1.0,-1.0,94179
M,WIDOWED,ESP,PRIMARY,THIN,TENANT_REDUCED,RETIRED,POOR,N,N,N,N,N,N,N,N,N,UNK,N,-1.0,-1.0,-1.0,-1.0,-1.0,-1.0,-1.0,-1.0,-1.0,-1.0,-1.0,-1.0,-1.0,-1.0,-1.0,-1.0,-1.0,-1.0,-1.0,-1.0,-1.0,-1.0,-1.0,-1.0,-1.0,-1.0,-1.0,-1.0,-1.0,-1.0,-1.0,-1.0,-1.0,-1.0,-1.0,-1.0,54880
M,WIDOWED,ESP,LOWER_SEC,THIN,TENANT_MARKET,RETIRED,FAIR,N,N,N,N,N,N,N,N,N,UNK,N,-1.0,-1.0,-1.0,-1.0,-1.0,-1.0,-1.0,-1.0,-1.0,-1.0,-1.0,-1.0,-1.0,-1.0,-1.0,-1.0,-1.0,-1.0,-1.0,-1.0,-1.0,-1.0,-1.0,-1.0,-1.0,-1.0,-1.0,-1.0,-1.0,-1.0,-1.0,-1.0,-1.0,-1.0,-1.0,-1.0,71070
M,DIVORCED,ITA,LOWER_SEC,THIN,TENANT_MARKET,RETIRED,FAIR,N,N,N,N,N,N,N,N,N,UNK,N,-1.0,-1.0,-1.0,-1.0,-1.0,-1.0,-1.0,-1.0,-1.0,-1.0,-1.0,-1.0,-1.0,-1.0,-1.0,-1.0,-1.0,-1.0,-1.0,-1.0,-1.0,-1.0,-1.0,-1.0,-1.0,-1.0,-1.0,-1.0,-1.0,-1.0,-1.0,-1.0,-1.0,-1.0,-1.0,-1.0,7783
M,DIVORCED,ESP,PRIMARY,THIN,TENANT_MARKET,RETIRED,POOR,N,N,N,N,N,N,N,N,N,NA,N,-1.0,-1.0,-1.0,-1.0,-1.0,-1.0,-1.0,-1.0,-1.0,-1.0,-1.0,-1.0,-1.0,-1.0,-1.0,-1.0,-1.0,-1.0,-1.0,-1.0,-1.0,-1.0,-1.0,-1.0,-1.0,-1.0,-1.0,-1.0,-1.0,-1.0,-1.0,-1.0,-1.0,-1.0,-1.0,-1.0,17336
M,DIVORCED,ESP,LOWER_SEC,THIN,TENANT_MARKET,OTHER_INACTIVE,POOR,N,N,N,N,N,N,N,N,N,NA,N,-1.0,-1.0,-1.0,-1.0,-1.0,-1.0,-1.0,-1.0,-1.0,-1.0,-1.0,-1.0,-1.0,-1.0,-1.0,-1.0,-1.0,-1.0,-1.0,-1.0,-1.0,-1.0,-1.0,-1.0,-1.0,-1.0,-1.0,-1.0,-1.0,-1.0,-1.0,-1.0,-1.0,-1.0,-1.0,-1.0,31815
M,WIDOWED,ITA,LOWER_SEC,THIN,TENANT_REDUCED,OTHER_INACTIVE,POOR,N,N,N,N,N,N,N,N,N,UNK,N,-1.0,-1.0,-1.0,-1.0,-1.0,-1.0,-1.0,-1.0,-1.0,-1.0,-1.0,-1.0,-1.0,-1.0,-1.0,-1.0,-1.0,-1.0,-1.0,-1.0,-1.0,-1.0,-1.0,-1.0,-1.0,-1.0,-1.0,-1.0,-1.0,-1.0,-1.0,-1.0,-1.0,-1.0,-1.0,-1.0,81545
M,DIVORCED,ITA,PRIMARY,THIN,TENANT_MARKET,RETIRED,FAIR,N,N,N,N,N,N,N,N,N,NA,N,-1.0,-1.0,-1.0,-1.0,-1.0,-1.0,-1.0,-1.0,-1.0,-1.0,-1.0,-1.0,-1.0,-1.0,-1.0,-1.0,-1.0,-1.0,-1.0,-1.0,-1.0,-1.0,-1.0,-1.0,-1.0,-1.0,-1.0,-1.0,-1.0,-1.0,-1.0,-1.0,-1.0,-1.0,-1.0,-1.0,33014
M,DIVORCED,ITA,LOWER_SEC,THIN,TENANT_MARKET,OTHER_INACTIVE,FAIR,N,N,N,N,N,N,N,N,N,NA,N,-1.0,-1.0,-1.0,-1.0,-1.0,-1.0,-1.0,-1.0,-1.0,-1.0,-1.0,-1.0,-1.0,-1.0,-1.0,-1.0,-1.0,-1.0,-1.0,-1.0,-1.0,-1.0,-1.0,-1.0,-1.0,-1.0,-1.0,-1.0,-1.0,-1.0,-1.0,-1.0,-1.0,-1.0,-1.0,-1.0,8231
M,DIVORCED,ESP,PRIMARY,THIN,TENANT_REDUCED,RETIRED,POOR,N,N,N,N,N,N,N,N,N,UNK,N,-1.0,-1.0,-1.0,-1.0,-1.0,-1.0,-1.0,-1.0,-1.0,-1.0,-1.0,-1.0,-1.0,-1.0,-1.0,-1.0,-1.0,-1.0,-1.0,-1.0,-1.0,-1.0,-1.0,-1.0,-1.0,-1.0,-1.0,-1.0,-1.0,-1.0,-1.0,-1.0,-1.0,-1.0,-1.0,-1.0,34201
M,DIVORCED,ESP,PRIMARY,THIN,TENANT_MARKET,RETIRED,FAIR,N,N,N,N,N,N,N,N,N,UNK,N,-1.0,-1.0,-1.0,-1.0,-1.0,-1.0,-1.0,-1.0,-1.0,-1.0,-1.0,-1.0,-1.0,-1.0,-1.0,-1.0,-1.0,-1.0,-1.0,-1.0,-1.0,-1.0,-1.0,-1.0,-1.0,-1.0,-1.0,-1.0,-1.0,-1.0,-1.0,-1.0,-1.0,-1.0,-1.0,-1.0,83106
M,DIVORCED,ITA,LOWER_SEC,THIN,TENANT_REDUCED,OTHER_INACTIVE,FAIR,N,N,N,N,N,N,N,N,N,UNK,N,-1.0,-1.0,-1.0,-1.0,-1.0,-1.0,-1.0,-1.0,-1.0,-1.0,-1.0,-1.0,-1.0,-1.0,-1.0,-1.0,-1.0,-1.0,-1.0,-1.0,-1.0,-1.0,-1.0,-1.0,-1.0,-1.0,-1.0,-1.0,-1.0,-1.0,-1.0,-1.0,-1.0,-1.0,-1.0,-1.0,96370
M,DIVORCED,ESP,PRIMARY,THIN,TENANT_MARKET,OTHER_INACTIVE,FAIR,N,N,N,N,N,N,N,N,N,UNK,N,-1.0,-1.0,-1.0,-1.0,-1.0,-1.0,-1.0,-1.0,-1.0,-1.0,-1.0,-1.0,-1.0,-1.0,-1.0,-1.0,-1.0,-1.0,-1.0,-1.0,-1.0,-1.0,-1.0,-1.0,-1.0,-1.0,-1.0,-1.0,-1.0,-1.0,-1.0,-1.0,-1.0,-1.0,-1.0,-1.0,10506
M,DIVORCED,ITA,LOWER_SEC,THIN,TENANT_REDUCED,RETIRED,FAIR,N,N,N,N,N,N,N,N,N,UNK,N,-1.0,-1.0,-1.0,-1.0,-1.0,-1.0,-1.0,-1.0,-1.0,-1.0,-1.0,-1.0,-1.0,-1.0,-1.0,-1.0,-1.0,-1.0,-1.0,-1.0,-1.0,-1.0,-1.0,-1.0,-1.0,-1.0,-1.0,-1.0,-1.0,-1.0,-1.0,-1.0,-1.0,-1.0,-1.0,-1.0,84689
M,DIVORCED,ITA,LOWER_SEC,THIN,TENANT_REDUCED,RETIRED,POOR,N,N,N,N,N,N,N,N,N,UNK,N,-1.0,-1.0,-1.0,-1.0,-1.0,-1.0,-1.0,-1.0,-1.0,-1.0,-1.0,-1.0,-1.0,-1.0,-1.0,-1.0,-1.0,-1.0,-1.0,-1.0,-1.0,-1.0,-1.0,-1.0,-1.0,-1.0,-1.0,-1.0,-1.0,-1.0,-1.0,-1.0,-1.0,-1.0,-1.0,-1.0,33
M,WIDOWED,ITA,PRIMARY,THIN,TENANT_MARKET,RETIRED,FAIR,N,N,N,N,N,N,N,N,N,NA,N,-1.0,-1.0,-1.0,-1.0,-1.0,-1.0,-1.0,-1.0,-1.0,-1.0,-1.0,-1.0,-1.0,-1.0,-1.0,-1.0,-1.0,-1.0,-1.0,-1.0,-1.0,-1.0,-1.0,-1.0,-1.0,-1.0,-1.0,-1.0,-1.0,-1.0,-1.0,-1.0,-1.0,-1.0,-1.0,-1.0,26319
M,DIVORCED,ITA,PRIMARY,THIN,TENANT_MARKET,RETIRED,FAIR,N,N,N,N,N,N,N,N,N,UNK,N,-1.0,-1.0,-1.0,-1.0,-1.0,-1.0,-1.0,-1.0,-1.0,-1.0,-1.0,-1.0,-1.0,-1.0,-1.0,-1.0,-1.0,-1.0,-1.0,-1.0,-1.0,-1.0,-1.0,-1.0,-1.0,-1.0,-1.0,-1.0,-1.0,-1.0,-1.0,-1.0,-1.0,-1.0,-1.0,-1.0,36830
M,DIVORCED,ESP,LOWER_SEC,THIN,TENANT_REDUCED,RETIRED,POOR,N,N,N,N,N,N,N,N,N,NA,N,-1.0,-1.0,-1.0,-1.0,-1.0,-1.0,-1.0,-1.0,-1.0,-1.0,-1.0,-1.0,-1.0,-1.0,-1.0,-1.0,-1.0,-1.0,-1.0,-1.0,-1.0,-1.0,-1.0,-1.0,-1.0,-1.0,-1.0,-1.0,-1.0,-1.0,-1.0,-1.0,-1.0,-1.0,-1.0,-1.0,55530
M,WIDOWED,ESP,LOWER_SEC,THIN,TENANT_MARKET,RETIRED,FAIR,N,N,N,N,N,N,N,N,N,NA,N,-1.0,-1.0,-1.0,-1.0,-1.0,-1.0,-1.0,-1.0,-1.0,-1.0,-1.0,-1.0,-1.0,-1.0,-1.0,-1.0,-1.0,-1.0,-1.0,-1.0,-1.0,-1.0,-1.0,-1.0,-1.0,-1.0,-1.0,-1.0,-1.0,-1.0,-1.0,-1.0,-1.0,-1.0,-1.0,-1.0,50999
M,WIDOWED,ESP,LOWER_SEC,THIN,TENANT_REDUCED,RETIRED,POOR,N,N,N,N,N,N,N,N,N,UNK,N,-1.0,-1.0,-1.0,-1.0,-1.0,-1.0,-1.0,-1.0,-1.0,-1.0,-1.0,-1.0,-1.0,-1.0,-1.0,-1.0,-1.0,-1.0,-1.0,-1.0,-1.0,-1.0,-1.0,-1.0,-1.0,-1.0,-1.0,-1.0,-1.0,-1.0,-1.0,-1.0,-1.0,-1.0,-1.0,-1.0,81747
M,WIDOWED,ESP,LOWER_SEC,THIN,TENANT_REDUCED,OTHER_INACTIVE,FAIR,N,N,N,N,N,N,N,N,N,NA,N,-1.0,-1.0,-1.0,-1.0,-1.0,-1.0,-1.0,-1.0,-1.0,-1.0,-1.0,-1.0,-1.0,-1.0,-1.0,-1.0,-1.0,-1.0,-1.0,-1.0,-1.0,-1.0,-1.0,-1.0,-1.0,-1.0,-1.0,-1.0,-1.0,-1.0,-1.0,-1.0,-1.0,-1.0,-1.0,-1.0,73448
M,WIDOWED,ESP,PRIMARY,THIN,TENANT_MARKET,OTHER_INACTIVE,FAIR,N,N,N,N,N,N,N,N,N,NA,N,-1.0,-1.0,-1.0,-1.0,-1.0,-1.0,-1.0,-1.0,-1.0,-1.0,-1.0,-1.0,-1.0,-1.0,-1.0,-1.0,-1.0,-1.0,-1.0,-1.0,-1.0,-1.0,-1.0,-1.0,-1.0,-1.0,-1.0,-1.0,-1.0,-1.0,-1.0,-1.0,-1.0,-1.0,-1.0,-1.0,47047
M,WIDOWED,ITA,PRIMARY,THIN,TENANT_REDUCED,RETIRED,POOR,N,N,N,N,N,N,N,N,N,NA,N,-1.0,-1.0,-1.0,-1.0,-1.0,-1.0,-1.0,-1.0,-1.0,-1.0,-1.0,-1.0,-1.0,-1.0,-1.0,-1.0,-1.0,-1.0,-1.0,-1.0,-1.0,-1.0,-1.0,-1.0,-1.0,-1.0,-1.0,-1.0,-1.0,-1.0,-1.0,-1.0,-1.0,-1.0,-1.0,-1.0,82028
M,WIDOWED,ESP,LOWER_SEC,THIN,TENANT_REDUCED,OTHER_INACTIVE,FAIR,N,N,N,N,N,N,N,N,N,UNK,N,-1.0,-1.0,-1.0,-1.0,-1.0,-1.0,-1.0,-1.0,-1.0,-1.0,-1.0,-1.0,-1.0,-1.0,-1.0,-1.0,-1.0,-1.0,-1.0,-1.0,-1.0,-1.0,-1.0,-1.0,-1.0,-1.0,-1.0,-1.0,-1.0,-1.0,-1.0,-1.0,-1.0,-1.0,-1.0,-1.0,84875
M,DIVORCED,ESP,LOWER_SEC,THIN,TENANT_REDUCED,OTHER_INACTIVE,FAIR,N,N,N,N,N,N,N,N,N,UNK,N,-1.0,-1.0,-1.0,-1.0,-1.0,-1.0,-1.0,-1.0,-1.0,-1.0,-1.0,-1.0,-1.0,-1.0,-1.0,-1.0,-1.0,-1.0,-1.0,-1.0,-1.0,-1.0,-1.0,-1.0,-1.0,-1.0,-1.0,-1.0,-1.0,-1.0,-1.0,-1.0,-1.0,-1.0,-1.0,-1.0,17220
M,DIVORCED,ESP,LOWER_SEC,THIN,TENANT_REDUCED,RETIRED,POOR,N,N,N,N,N,N,N,N,N,UNK,N,-1.0,-1.0,-1.0,-1.0,-1.0,-1.0,-1.0,-1.0,-1.0,-1.0,-1.0,-1.0,-1.0,-1.0,-1.0,-1.0,-1.0,-1.0,-1.0,-1.0,-1.0,-1.0,-1.0,-1.0,-1.0,-1.0,-1.0,-1.0,-1.0,-1.0,-1.0,-1.0,-1.0,-1.0,-1.0,-1.0,91424
M,WIDOWED,ITA,PRIMARY,THIN,TENANT_REDUCED,OTHER_INACTIVE,POOR,N,N,N,N,N,N,N,N,N,NA,N,-1.0,-1.0,-1.0,-1.0,-1.0,-1.0,-1.0,-1.0,-1.0,-1.0,-1.0,-1.0,-1.0,-1.0,-1.0,-1.0,-1.0,-1.0,-1.0,-1.0,-1.0,-1.0,-1.0,-1.0,-1.0,-1.0,-1.0,-1.0,-1.0,-1.0,-1.0,-1.0,-1.0,-1.0,-1.0,-1.0,51952
M,WIDOWED,ITA,LOWER_SEC,THIN,TENANT_REDUCED,RETIRED,FAIR,N,N,N,N,N,N,N,N,N,UNK,N,-1.0,-1.0,-1.0,-1.0,-1.0,-1.0,-1.0,-1.0,-1.0,-1.0,-1.0,-1.0,-1.0,-1.0,-1.0,-1.0,-1.0,-1.0,-1.0,-1.0,-1.0,-1.0,-1.0,-1.0,-1.0,-1.0,-1.0,-1.0,-1.0,-1.0,-1.0,-1.0,-1.0,-1.0,-1.0,-1.0,28578
M,DIVORCED,ESP,PRIMARY,THIN,TENANT_REDUCED,RETIRED,POOR,N,N,N,N,N,N,N,N,N,NA,N,-1.0,-1.0,-1.0,-1.0,-1.0,-1.0,-1.0,-1.0,-1.0,-1.0,-1.0,-1.0,-1.0,-1.0,-1.0,-1.0,-1.0,-1.0,-1.0,-1.0,-1.0,-1.0,-1.0,-1.0,-1.0,-1.0,-1.0,-1.0,-1.0,-1.0,-1.0,-1.0,-1.0,-1.0,-1.0,-1.0,91026
M,DIVORCED,ESP,PRIMARY,THIN,TENANT_REDUCED,OTHER_INACTIVE,FAIR,N,N,N,N,N,N,N,N,N,UNK,N,-1.0,-1.0,-1.0,-1.0,-1.0,-1.0,-1.0,-1.0,-1.0,-1.0,-1.0,-1.0,-1.0,-1.0,-1.0,-1.0,-1.0,-1.0,-1.0,-1.0,-1.0,-1.0,-1.0,-1.0,-1.0,-1.0,-1.0,-1.0,-1.0,-1.0,-1.0,-1.0,-1.0,-1.0,-1.0,-1.0,76051
M,DIVORCED,ITA,PRIMARY,THIN,TENANT_MARKET,OTHER_INACTIVE,POOR,N,N,N,N,N,N,N,N,N,NA,N,-1.0,-1.0,-1.0,-1.0,-1.0,-1.0,-1.0,-1.0,-1.0,-1.0,-1.0,-1.0,-1.0,-1.0,-1.0,-1.0,-1.0,-1.0,-1.0,-1.0,-1.0,-1.0,-1.0,-1.0,-1.0,-1.0,-1.0,-1.0,-1.0,-1.0,-1.0,-1.0,-1.0,-1.0,-1.0,-1.0,76981
M,DIVORCED,ITA,LOWER_SEC,THIN,TENANT_MARKET,RETIRED,POOR,N,N,N,N,N,N,N,N,N,NA,N,-1.0,-1.0,-1.0,-1.0,-1.0,-1.0,-1.0,-1.0,-1.0,-1.0,-1.0,-1.0,-1.0,-1.0,-1.0,-1.0,-1.0,-1.0,-1.0,-1.0,-1.0,-1.0,-1.0,-1.0,-1.0,-1.0,-1.0,-1.0,-1.0,-1.0,-1.0,-1.0,-1.0,-1.0,-1.0,-1.0,80863
M,WIDOWED,ITA,LOWER_SEC,THIN,TENANT_REDUCED,RETIRED,POOR,N,N,N,N,N,N,N,N,N,UNK,N,-1.0,-1.0,-1.0,-1.0,-1.0,-1.0,-1.0,-1.0,-1.0,-1.0,-1.0,-1.0,-1.0,-1.0,-1.0,-1.0,-1.0,-1.0,-1.0,-1.0,-1.0,-1.0,-1.0,-1.0,-1.0,-1.0,-1.0,-1.0,-1.0,-1.0,-1.0,-1.0,-1.0,-1.0,-1.0,-1.0,50642
M,WIDOWED,ITA,LOWER_SEC,THIN,TENANT_MARKET,RETIRED,POOR,N,N,N,N,N,N,N,N,N,UNK,N,-1.0,-1.0,-1.0,-1.0,-1.0,-1.0,-1.0,-1.0,-1.0,-1.0,-1.0,-1.0,-1.0,-1.0,-1.0,-1.0,-1.0,-1.0,-1.0,-1.0,-1.0,-1.0,-1.0,-1.0,-1.0,-1.0,-1.0,-1.0,-1.0,-1.0,-1.0,-1.0,-1.0,-1.0,-1.0,-1.0,78523
M,WIDOWED,ESP,LOWER_SEC,THIN,TENANT_MARKET,RETIRED,FAIR,N,N,N,N,N,N,N,N,N,UNK,N,-1.0,-1.0,-1.0,-1.0,-1.0,-1.0,-1.0,-1.0,-1.0,-1.0,-1.0,-1.0,-1.0,-1.0,-1.0,-1.0,-1.0,-1.0,-1.0,-1.0,-1.0,-1.0,-1.0,-1.0,-1.0,-1.0,-1.0,-1.0,-1.0,-1.0,-1.0,-1.0,-1.0,-1.0,-1.0,-1.0,69020
M,DIVORCED,ITA,PRIMARY,THIN,TENANT_REDUCED,RETIRED,POOR,N,N,N,N,N,N,N,N,N,NA,N,-1.0,-1.0,-1.0,-1.0,-1.0,-1.0,-1.0,-1.0,-1.0,-1.0,-1.0,-1.0,-1.0,-1.0,-1.0,-1.0,-1.0,-1.0,-1.0,-1.0,-1.0,-1.0,-1.0,-1.0,-1.0,-1.0,-1.0,-1.0,-1.0,-1.0,-1.0,-1.0,-1.0,-1.0,-1.0,-1.0,53235
M,DIVORCED,ITA,LOWER_SEC,THIN,TENANT_MARKET,RETIRED,FAIR,N,N,N,N,N,N,N,N,N,UNK,N,-1.0,-1.0,-1.0,-1.0,-1.0,-1.0,-1.0,-1.0,-1.0,-1.0,-1.0,-1.0,-1.0,-1.0,-1.0,-1.0,-1.0,-1.0,-1.0,-1.0,-1.0,-1.0,-1.0,-1.0,-1.0,-1.0,-1.0,-1.0,-1.0,-1.0,-1.0,-1.0,-1.0,-1.0,-1.0,-1.0,82604
M,WIDOWED,ESP,PRIMARY,THIN,TENANT_MARKET,RETIRED,FAIR,N,N,N,N,N,N,N,N,N,NA,N,-1.0,-1.0,-1.0,-1.0,-1.0,-1.0,-1.0,-1.0,-1.0,-1.0,-1.0,-1.0,-1.0,-1.0,-1.0,-1.0,-1.0,-1.0,-1.0,-1.0,-1.0,-1.0,-1.0,-1.0,-1.0,-1.0,-1.0,-1.0,-1.0,-1.0,-1.0,-1.0,-1.0,-1.0,-1.0,-1.0,60101
M,DIVORCED,ITA,LOWER_SEC,THIN,TENANT_REDUCED,OTHER_INACTIVE,FAIR,N,N,N,N,N,N,N,N,N,NA,N,-1.0,-1.0,-1.0,-1.0,-1.0,-1.0,-1.0,-1.0,-1.0,-1.0,-1.0,-1.0,-1.0,-1.0,-1.0,-1.0,-1.0,-1.0,-1.0,-1.0,-1.0,-1.0,-1.0,-1.0,-1.0,-1.0,-1.0,-1.0,-1.0,-1.0,-1.0,-1.0,-1.0,-1.0,-1.0,-1.0,5509
M,WIDOWED,ITA,PRIMARY,THIN,TENANT_MARKET,OTHER_INACTIVE,POOR,N,N,N,N,N,N,N,N,N,UNK,N,-1.0,-1.0,-1.0,-1.0,-1.0,-1.0,-1.0,-1.0,-1.0,-1.0,-1.0,-1.0,-1.0,-1.0,-1.0,-1.0,-1.0,-1.0,-1.0,-1.0,-1.0,-1.0,-1.0,-1.0,-1.0,-1.0,-1.0,-1.0,-1.0,-1.0,-1.0,-1.0,-1.0,-1.0,-1.0,-1.0,67866
M,WIDOWED,ESP,PRIMARY,THIN,TENANT_MARKET,RETIRED,FAIR,N,N,N,N,N,N,N,N,N,UNK,N,-1.0,-1.0,-1.0,-1.0,-1.0,-1.0,-1.0,-1.0,-1.0,-1.0,-1.0,-1.0,-1.0,-1.0,-1.0,-1.0,-1.0,-1.0,-1.0,-1.0,-1.0,-1.0,-1.0,-1.0,-1.0,-1.0,-1.0,-1.0,-1.0,-1.0,-1.0,-1.0,-1.0,-1.0,-1.0,-1.0,74311
M,DIVORCED,ITA,LOWER_SEC,THIN,TENANT_MARKET,OTHER_INACTIVE,FAIR,N,N,N,N,N,N,N,N,N,UNK,N,-1.0,-1.0,-1.0,-1.0,-1.0,-1.0,-1.0,-1.0,-1.0,-1.0,-1.0,-1.0,-1.0,-1.0,-1.0,-1.0,-1.0,-1.0,-1.0,-1.0,-1.0,-1.0,-1.0,-1.0,-1.0,-1.0,-1.0,-1.0,-1.0,-1.0,-1.0,-1.0,-1.0,-1.0,-1.0,-1.0,24792
M,WIDOWED,ITA,LOWER_SEC,THIN,TENANT_REDUCED,OTHER_INACTIVE,POOR,N,N,N,N,N,N,N,N,N,NA,N,-1.0,-1.0,-1.0,-1.0,-1.0,-1.0,-1.0,-1.0,-1.0,-1.0,-1.0,-1.0,-1.0,-1.0,-1.0,-1.0,-1.0,-1.0,-1.0,-1.0,-1.0,-1.0,-1.0,-1.0,-1.0,-1.0,-1.0,-1.0,-1.0,-1.0,-1.0,-1.0,-1.0,-1.0,-1.0,-1.0,68838
M,DIVORCED,ESP,LOWER_SEC,THIN,TENANT_REDUCED,RETIRED,FAIR,N,N,N,N,N,N,N,N,N,UNK,N,-1.0,-1.0,-1.0,-1.0,-1.0,-1.0,-1.0,-1.0,-1.0,-1.0,-1.0,-1.0,-1.0,-1.0,-1.0,-1.0,-1.0,-1.0,-1.0,-1.0,-1.0,-1.0,-1.0,-1.0,-1.0,-1.0,-1.0,-1.0,-1.0,-1.0,-1.0,-1.0,-1.0,-1.0,-1.0,-1.0,85508
M,WIDOWED,ITA,LOWER_SEC,THIN,TENANT_MARKET,RETIRED,POOR,N,N,N,N,N,N,N,N,N,UNK,N,-1.0,-1.0,-1.0,-1.0,-1.0,-1.0,-1.0,-1.0,-1.0,-1.0,-1.0,-1.0,-1.0,-1.0,-1.0,-1.0,-1.0,-1.0,-1.0,-1.0,-1.0,-1.0,-1.0,-1.0,-1.0,-1.0,-1.0,-1.0,-1.0,-1.0,-1.0,-1.0,-1.0,-1.0,-1.0,-1.0,4348
M,WIDOWED,ESP,PRIMARY,THIN,TENANT_MARKET,OTHER_INACTIVE,FAIR,N,N,N,N,N,N,N,N,N,UNK,N,-1.0,-1.0,-1.0,-1.0,-1.0,-1.0,-1.0,-1.0,-1.0,-1.0,-1.0,-1.0,-1.0,-1.0,-1.0,-1.0,-1.0,-1.0,-1.0,-1.0,-1.0,-1.0,-1.0,-1.0,-1.0,-1.0,-1.0,-1.0,-1.0,-1.0,-1.0,-1.0,-1.0,-1.0,-1.0,-1.0,79775
M,WIDOWED,ESP,LOWER_SEC,THIN,TENANT_REDUCED,OTHER_INACTIVE,FAIR,N,N,N,N,N,N,N,N,N,NA,N,-1.0,-1.0,-1.0,-1.0,-1.0,-1.0,-1.0,-1.0,-1.0,-1.0,-1.0,-1.0,-1.0,-1.0,-1.0,-1.0,-1.0,-1.0,-1.0,-1.0,-1.0,-1.0,-1.0,-1.0,-1.0,-1.0,-1.0,-1.0,-1.0,-1.0,-1.0,-1.0,-1.0,-1.0,-1.0,-1.0,74957
M,WIDOWED,ITA,PRIMARY,THIN,TENANT_REDUCED,RETIRED,POOR,N,N,N,N,N,N,N,N,N,UNK,N,-1.0,-1.0,-1.0,-1.0,-1.0,-1.0,-1.0,-1.0,-1.0,-1.0,-1.0,-1.0,-1.0,-1.0,-1.0,-1.0,-1.0,-1.0,-1.0,-1.0,-1.0,-1.0,-1.0,-1.0,-1.0,-1.0,-1.0,-1.0,-1.0,-1.0,-1.0,-1.0,-1.0,-1.0,-1.0,-1.0,12706
M,DIVORCED,ESP,PRIMARY,THIN,TENANT_MARKET,RETIRED,FAIR,N,N,N,N,N,N,N,N,N,UNK,N,-1.0,-1.0,-1.0,-1.0,-1.0,-1.0,-1.0,-1.0,-1.0,-1.0,-1.0,-1.0,-1.0,-1.0,-1.0,-1.0,-1.0,-1.0,-1.0,-1.0,-1.0,-1.0,-1.0,-1.0,-1.0,-1.0,-1.0,-1.0,-1.0,-1.0,-1.0,-1.0,-1.0,-1.0,-1.0,-1.0,77436
M,WIDOWED,ITA,LOWER_SEC,THIN,TENANT_MARKET,RETIRED,POOR,N,N,N,N,N,N,N,N,N,UNK,N,-1.0,-1.0,-1.0,-1.0,-1.0,-1.0,-1.0,-1.0,-1.0,-1.0,-1.0,-1.0,-1.0,-1.0,-1.0,-1.0,-1.0,-1.0,-1.0,-1.0,-1.0,-1.0,-1.0,-1.0,-1.0,-1.0,-1.0,-1.0,-1.0,-1.0,-1.0,-1.0,-1.0,-1.0,-1.0,-1.0,58187
M,DIVORCED,ITA,PRIMARY,THIN,TENANT_MARKET,OTHER_INACTIVE,POOR,N,N,N,N,N,N,N,N,N,NA,N,-1.0,-1.0,-1.0,-1.0,-1.0,-1.0,-1.0,-1.0,-1.0,-1.0,-1.0,-1.0,-1.0,-1.0,-1.0,-1.0,-1.0,-1.0,-1.0,-1.0,-1.0,-1.0,-1.0,-1.0,-1.0,-1.0,-1.0,-1.0,-1.0,-1.0,-1.0,-1.0,-1.0,-1.0,-1.0,-1.0,10284
M,WIDOWED,ESP,LOWER_SEC,THIN,TENANT_MARKET,RETIRED,POOR,N,N,N,N,N,N,N,N,N,UNK,N,-1.0,-1.0,-1.0,-1.0,-1.0,-1.0,-1.0,-1.0,-1.0,-1.0,-1.0,-1.0,-1.0,-1.0,-1.0,-1.0,-1.0,-1.0,-1.0,-1.0,-1.0,-1.0,-1.0,-1.0,-1.0,-1.0,-1.0,-1.0,-1.0,-1.0,-1.0,-1.0,-1.0,-1.0,-1.0,-1.0,32621
M,WIDOWED,ITA,PRIMARY,THIN,TENANT_MARKET,RETIRED,POOR,N,N,N,N,N,N,N,N,N,NA,N,-1.0,-1.0,-1.0,-1.0,-1.0,-1.0,-1.0,-1.0,-1.0,-1.0,-1.0,-1.0,-1.0,-1.0,-1.0,-1.0,-1.0,-1.0,-1.0,-1.0,-1.0,-1.0,-1.0,-1.0,-1.0,-1.0,-1.0,-1.0,-1.0,-1.0,-1.0,-1.0,-1.0,-1.0,-1.0,-1.0,23359
M,DIVORCED,ITA,PRIMARY,THIN,TENANT_MARKET,RETIRED,FAIR,N,N,N,N,N,N,N,N,N,NA,N,-1.0,-1.0,-1.0,-1.0,-1.0,-1.0,-1.0,-1.0,-1.0,-1.0,-1.0,-1.0,-1.0,-1.0,-1.0,-1.0,-1.0,-1.0,-1.0,-1.0,-1.0,-1.0,-1.0,-1.0,-1.0,-1.0,-1.0,-1.0,-1.0,-1.0,-1.0,-1.0,-1.0,-1.0,-1.0,-1.0,11868
M,WIDOWED,ESP,LOWER_SEC,THIN,TENANT_MARKET,OTHER_INACTIVE,POOR,N,N,N,N,N,N,N,N,N,UNK,N,-1.0,-1.0,-1.0,-1.0,-1.0,-1.0,-1.0,-1.0,-1.0,-1.0,-1.0,-1.0,-1.0,-1.0,-1.0,-1.0,-1.0,-1.0,-1.0,-1.0,-1.0,-1.0,-1.0,-1.0,-1.0,-1.0,-1.0,-1.0,-1.0,-1.0,-1.0,-1.0,-1.0,-1.0,-1.0,-1.0,5580
M,DIVORCED,ITA,LOWER_SEC,THIN,TENANT_MARKET,OTHER_INACTIVE,FAIR,N,N,N,N,N,N,N,N,N,UNK,N,-1.0,-1.0,-1.0,-1.0,-1.0,-1.0,-1.0,-1.0,-1.0,-1.0,-1.0,-1.0,-1.0,-1.0,-1.0,-1.0,-1.0,-1.0,-1.0,-1.0,-1.0,-1.0,-1.0,-1.0,-1.0,-1.0,-1.0,-1.0,-1.0,-1.0,-1.0,-1.0,-1.0,-1.0,-1.0,-1.0,73516
M,WIDOWED,ITA,PRIMARY,THIN,TENANT_MARKET,RETIRED,FAIR,N,N,N,N,N,N,N,N,N,UNK,N,-1.0,-1.0,-1.0,-1.0,-1.0,-1.0,-1.0,-1.0,-1.0,-1.0,-1.0,-1.0,-1.0,-1.0,-1.0,-1.0,-1.0,-1.0,-1.0,-1.0,-1.0,-1.0,-1.0,-1.0,-1.0,-1.0,-1.0,-1.0,-1.0,-1.0,-1.0,-1.0,-1.0,-1.0,-1.0,-1.0,62397
M,WIDOWED,ESP,PRIMARY,THIN,TENANT_REDUCED,RETIRED,FAIR,N,N,N,N,N,N,N,N,N,UNK,N,-1.0,-1.0,-1.0,-1.0,-1.0,-1.0,-1.0,-1.0,-1.0,-1.0,-1.0,-1.0,-1.0,-1.0,-1.0,-1.0,-1.0,-1.0,-1.0,-1.0,-1.0,-1.0,-1.0,-1.0,-1.0,-1.0,-1.0,-1.0,-1.0,-1.0,-1.0,-1.0,-1.0,-1.0,-1.0,-1.0,63691
M,WIDOWED,ITA,PRIMARY,THIN,TENANT_MARKET,OTHER_INACTIVE,POOR,N,N,N,N,N,N,N,N,N,NA,N,-1.0,-1.0,-1.0,-1.0,-1.0,-1.0,-1.0,-1.0,-1.0,-1.0,-1.0,-1.0,-1.0,-1.0,-1.0,-1.0,-1.0,-1.0,-1.0,-1.0,-1.0,-1.0,-1.0,-1.0,-1.0,-1.0,-1.0,-1.0,-1.0,-1.0,-1.0,-1.0,-1.0,-1.0,-1.0,-1.0,63723
M,DIVORCED,ITA,PRIMARY,THIN,TENANT_MARKET,OTHER_INACTIVE,FAIR,N,N,N,N,N,N,N,N,N,NA,N,-1.0,-1.0,-1.0,-1.0,-1.0,-1.0,-1.0,-1.0,-1.0,-1.0,-1.0,-1.0,-1.0,-1.0,-1.0,-1.0,-1.0,-1.0,-1.0,-1.0,-1.0,-1.0,-1.0,-1.0,-1.0,-1.0,-1.0,-1.0,-1.0,-1.0,-1.0,-1.0,-1.0,-1.0,-1.0,-1.0,95805
M,WIDOWED,ESP,LOWER_SEC,THIN,TENANT_MARKET,RETIRED,FAIR,N,N,N,N,N,N,N,N,N,UNK,N,-1.0,-1.0,-1.0,-1.0,-1.0,-1.0,-1.0,-1.0,-1.0,-1.0,-1.0,-1.0,-1.0,-1.0,-1.0,-1.0,-1.0,-1.0,-1.0,-1.0,-1.0,-1.0,-1.0,-1.0,-1.0,-1.0,-1.0,-1.0,-1.0,-1.0,-1.0,-1.0,-1.0,-1.0,-1.0,-1.0,20720
M,WIDOWED,ESP,PRIMARY,THIN,TENANT_MARKET,RETIRED,FAIR,N,N,N,N,N,N,N,N,N,UNK,N,-1.0,-1.0,-1.0,-1.0,-1.0,-1.0,-1.0,-1.0,-1.0,-1.0,-1.0,-1.0,-1.0,-1.0,-1.0,-1.0,-1.0,-1.0,-1.0,-1.0,-1.0,-1.0,-1.0,-1.0,-1.0,-1.0,-1.0,-1.0,-1.0,-1.0,-1.0,-1.0,-1.0,-1.0,-1.0,-1.0,33789
M,DIVORCED,ITA,PRIMARY,THIN,TENANT_REDUCED,OTHER_INACTIVE,POOR,N,N,N,N,N,N,N,N,N,UNK,N,-1.0,-1.0,-1.0,-1.0,-1.0,-1.0,-1.0,-1.0,-1.0,-1.0,-1.0,-1.0,-1.0,-1.0,-1.0,-1.0,-1.0,-1.0,-1.0,-1.0,-1.0,-1.0,-1.0,-1.0,-1.0,-1.0,-1.0,-1.0,-1.0,-1.0,-1.0,-1.0,-1.0,-1.0,-1.0,-1.0,99889
M,WIDOWED,ESP,LOWER_SEC,THIN,TENANT_REDUCED,RETIRED,FAIR,N,N,N,N,N,N,N,N,N,NA,N,-1.0,-1.0,-1.0,-1.0,-1.0,-1.0,-1.0,-1.0,-1.0,-1.0,-1.0,-1.0,-1.0,-1.0,-1.0,-1.0,-1.0,-1.0,-1.0,-1.0,-1.0,-1.0,-1.0,-1.0,-1.0,-1.0,-1.0,-1.0,-1.0,-1.0,-1.0,-1.0,-1.0,-1.0,-1.0,-1.0,18290
M,WIDOWED,ITA,PRIMARY,THIN,TENANT_REDUCED,OTHER_INACTIVE,FAIR,N,N,N,N,N,N,N,N,N,NA,N,-1.0,-1.0,-1.0,-1.0,-1.0,-1.0,-1.0,-1.0,-1.0,-1.0,-1.0,-1.0,-1.0,-1.0,-1.0,-1.0,-1.0,-1.0,-1.0,-1.0,-1.0,-1.0,-1.0,-1.0,-1.0,-1.0,-1.0,-1.0,-1.0,-1.0,-1.0,-1.0,-1.0,-1.0,-1.0,-1.0,49082
M,DIVORCED,ITA,PRIMARY,THIN,TENANT_MARKET,OTHER_INACTIVE,POOR,N,N,N,N,N,N,N,N,N,NA,N,-1.0,-1.0,-1.0,-1.0,-1.0,-1.0,-1.0,-1.0,-1.0,-1.0,-1.0,-1.0,-1.0,-1.0,-1.0,-1.0,-1.0,-1.0,-1.0,-1.0,-1.0,-1.0,-1.0,-1.0,-1.0,-1.0,-1.0,-1.0,-1.0,-1.0,-1.0,-1.0,-1.0,-1.0,-1.0,-1.0,39613
M,DIVORCED,ITA,PRIMARY,THIN,TENANT_REDUCED,OTHER_INACTIVE,FAIR,N,N,N,N,N,N,N,N,N,UNK,N,-1.0,-1.0,-1.0,-1.0,-1.0,-1.0,-1.0,-1.0,-1.0,-1.0,-1.0,-1.0,-1.0,-1.0,-1.0,-1.0,-1.0,-1.0,-1.0,-1.0,-1.0,-1.0,-1.0,-1.0,-1.0,-1.0,-1.0,-1.0,-1.0,-1.0,-1.0,-1.0,-1.0,-1.0,-1.0,-1.0,75061
M,WIDOWED,ESP,PRIMARY,THIN,TENANT_MARKET,OTHER_INACTIVE,POOR,N,N,N,N,N,N,N,N,N,NA,N,-1.0,-1.0,-1.0,-1.0,-1.0,-1.0,-1.0,-1.0,-1.0,-1.0,-1.0,-1.0,-1.0,-1.0,-1.0,-1.0,-1.0,-1.0,-1.0,-1.0,-1.0,-1.0,-1.0,-1.0,-1.0,-1.0,-1.0,-1.0,-1.0,-1.0,-1.0,-1.0,-1.0,-1.0,-1.0,-1.0,90003
M,DIVORCED,ITA,LOWER_SEC,THIN,TENANT_REDUCED,RETIRED,POOR,N,N,N,N,N,N,N,N,N,NA,N,-1.0,-1.0,-1.0,-1.0,-1.0,-1.0,-1.0,-1.0,-1.0,-1.0,-1.0,-1.0,-1.0,-1.0,-1.0,-1.0,-1.0,-1.0,-1.0,-1.0,-1.0,-1.0,-1.0,-1.0,-1.0,-1.0,-1.0,-1.0,-1.0,-1.0,-1.0,-1.0,-1.0,-1.0,-1.0,-1.0,24859
M,WIDOWED,ITA,LOWER_SEC,THIN,TENANT_REDUCED,OTHER_INACTIVE,POOR,N,N,N,N,N,N,N,N,N,NA,N,-1.0,-1.0,-1.0,-1.0,-1.0,-1.0,-1.0,-1.0,-1.0,-1.0,-1.0,-1.0,-1.0,-1.0,-1.0,-1.0,-1.0,-1.0,-1.0,-1.0,-1.0,-1.0,-1.0,-1.0,-1.0,-1.0,-1.0,-1.0,-1.0,-1.0,-1.0,-1.0,-1.0,-1.0,-1.0,-1.0,21672
M,WIDOWED,ITA,LOWER_SEC,THIN,TENANT_REDUCED,RETIRED,FAIR,N,N,N,N,N,N,N,N,N,NA,N,-1.0,-1.0,-1.0,-1.0,-1.0,-1.0,-1.0,-1.0,-1.0,-1.0,-1.0,-1.0,-1.0,-1.0,-1.0,-1.0,-1.0,-1.0,-1.0,-1.0,-1.0,-1.0,-1.0,-1.0,-1.0,-1.0,-1.0,-1.0,-1.0,-1.0,-1.0,-1.0,-1.0,-1.0,-1.0,-1.0,99765
M,WIDOWED,ESP,LOWER_SEC,THIN,TENANT_REDUCED,OTHER_INACTIVE,FAIR,N,N,N,N,N,N,N,N,N,NA,N,-1.0,-1.0,-1.0,-1.0,-1.0,-1.0,-1.0,-1.0,-1.0,-1.0,-1.0,-1.0,-1.0,-1.0,-1.0,-1.0,-1.0,-1.0,-1.0,-1.0,-1.0,-1.0,-1.0,-1.0,-1.0,-1.0,-1.0,-1.0,-1.0,-1.0,-1.0,-1.0,-1.0,-1.0,-1.0,-1.0,7547
M,WIDOWED,ESP,LOWER_SEC,THIN,TENANT_MARKET,RETIRED,FAIR,N,N,N,N,N,N,N,N,N,NA,N,-1.0,-1.0,-1.0,-1.0,-1.0,-1.0,-1.0,-1.0,-1.0,-1.0,-1.0,-1.0,-1.0,-1.0,-1.0,-1.0,-1.0,-1.0,-1.0,-1.0,-1.0,-1.0,-1.0,-1.0,-1.0,-1.0,-1.0,-1.0,-1.0,-1.0,-1.0,-1.0,-1.0,-1.0,-1.0,-1.0,58904
M,WIDOWED,ITA,LOWER_SEC,THIN,TENANT_REDUCED,RETIRED,POOR,N,N,N,N,N,N,N,N,N,NA,N,-1.0,-1.0,-1.0,-1.0,-1.0,-1.0,-1.0,-1.0,-1.0,-1.0,-1.0,-1.0,-1.0,-1.0,-1.0,-1.0,-1.0,-1.0,-1.0,-1.0,-1.0,-1.0,-1.0,-1.0,-1.0,-1.0,-1.0,-1.0,-1.0,-1.0,-1.0,-1.0,-1.0,-1.0,-1.0,-1.0,4529
M,WIDOWED,ITA,PRIMARY,THIN,TENANT_REDUCED,RETIRED,FAIR,N,N,N,N,N,N,N,N,N,UNK,N,-1.0,-1.0,-1.0,-1.0,-1.0,-1.0,-1.0,-1.0,-1.0,-1.0,-1.0,-1.0,-1.0,-1.0,-1.0,-1.0,-1.0,-1.0,-1.0,-1.0,-1.0,-1.0,-1.0,-1.0,-1.0,-1.0,-1.0,-1.0,-1.0,-1.0,-1.0,-1.0,-1.0,-1.0,-1.0,-1.0,56103
M,WIDOWED,ITA,PRIMARY,THIN,TENANT_REDUCED,RETIRED,FAIR,N,N,N,N,N,N,N,N,N,UNK,N,-1.0,-1.0,-1.0,-1.0,-1.0,-1.0,-1.0,-1.0,-1.0,-1.0,-1.0,-1.0,-1.0,-1.0,-1.0,-1.0,-1.0,-1.0,-1.0,-1.0,-1.0,-1.0,-1.0,-1.0,-1.0,-1.0,-1.0,-1.0,-1.0,-1.0,-1.0,-1.0,-1.0,-1.0,-1.0,-1.0,35032
M,WIDOWED,ITA,LOWER_SEC,THIN,TENANT_REDUCED,OTHER_INACTIVE,FAIR,N,N,N,N,N,N,N,N,N,UNK,N,-1.0,-1.0,-1.0,-1.0,-1.0,-1.0,-1.0,-1.0,-1.0,-1.0,-1.0,-1.0,-1.0,-1.0,-1.0,-1.0,-1.0,-1.0,-1.0,-1.0,-1.0,-1.0,-1.0,-1.0,-1.0,-1.0,-1.0,-1.0,-1.0,-1.0,-1.0,-1.0,-1.0,-1.0,-1.0,-1.0,38876
M,DIVORCED,ITA,LOWER_SEC,THIN,TENANT_REDUCED,RETIRED,FAIR,N,N,N,N,N,N,N,N,N,NA,N,-1.0,-1.0,-1.0,-1.0,-1.0,-1.0,-1.0,-1.0,-1.0,-1.0,-1.0,-1.0,-1.0,-1.0,-1.0,-1.0,-1.0,-1.0,-1.0,-1.0,-1.0,-1.0,-1.0,-1.0,-1.0,-1.0,-1.0,-1.0,-1.0,-1.0,-1.0,-1.0,-1.0,-1.0,-1.0,-1.0,91725
M,DIVORCED,ESP,PRIMARY,THIN,TENANT_MARKET,RETIRED,POOR,N,N,N,N,N,N,N,N,N,NA,N,-1.0,-1.0,-1.0,-1.0,-1.0,-1.0,-1.0,-1.0,-1.0,-1.0,-1.0,-1.0,-1.0,-1.0,-1.0,-1.0,-1.0,-1.0,-1.0,-1.0,-1.0,-1.0,-1.0,-1.0,-1.0,-1.0,-1.0,-1.0,-1.0,-1.0,-1.0,-1.0,-1.0,-1.0,-1.0,-1.0,26874
M,WIDOWED,ITA,PRIMARY,THIN,TENANT_MARKET,OTHER_INACTIVE,FAIR,N,N,N,N,N,N,N,N,N,UNK,N,-1.0,-1.0,-1.0,-1.0,-1.0,-1.0,-1.0,-1.0,-1.0,-1.0,-1.0,-1.0,-1.0,-1.0,-1.0,-1.0,-1.0,-1.0,-1.0,-1.0,-1.0,-1.0,-1.0,-1.0,-1.0,-1.0,-1.0,-1.0,-1.0,-1.0,-1.0,-1.0,-1.0,-1.0,-1.0,-1.0,98703
M,WIDOWED,ESP,PRIMARY,THIN,TENANT_MARKET,RETIRED,FAIR,N,N,N,N,N,N,N,N,N,NA,N,-1.0,-1.0,-1.0,-1.0,-1.0,-1.0,-1.0,-1.0,-1.0,-1.0,-1.0,-1.0,-1.0,-1.0,-1.0,-1.0,-1.0,-1.0,-1.0,-1.0,-1.0,-1.0,-1.0,-1.0,-1.0,-1.0,-1.0,-1.0,-1.0,-1.0,-1.0,-1.0,-1.0,-1.0,-1.0,-1.0,52531
M,DIVORCED,ITA,PRIMARY,THIN,TENANT_REDUCED,OTHER_INACTIVE,POOR,N,N,N,N,N,N,N,N,N,UNK,N,-1.0,-1.0,-1.0,-1.0,-1.0,-1.0,-1.0,-1.0,-1.0,-1.0,-1.0,-1.0,-1.0,-1.0,-1.0,-1.0,-1.0,-1.0,-1.0,-1.0,-1.0,-1.0,-1.0,-1.0,-1.0,-1.0,-1.0,-1.0,-1.0,-1.0,-1.0,-1.0,-1.0,-1.0,-1.0,-1.0,22564
M,WIDOWED,ESP,PRIMARY,THIN,TENANT_MARKET,RETIRED,POOR,N,N,N,N,N,N,N,N,N,UNK,N,-1.0,-1.0,-1.0,-1.0,-1.0,-1.0,-1.0,-1.0,-1.0,-1.0,-1.0,-1.0,-1.0,-1.0,-1.0,-1.0,-1.0,-1.0,-1.0,-1.0,-1.0,-1.0,-1.0,-1.0,-1.0,-1.0,-1.0,-1.0,-1.0,-1.0,-1.0,-1.0,-1.0,-1.0,-1.0,-1.0,33470
M,DIVORCED,ITA,LOWER_SEC,THIN,TENANT_REDUCED,OTHER_INACTIVE,FAIR,N,N,N,N,N,N,N,N,N,NA,N,-1.0,-1.0,-1.0,-1.0,-1.0,-1.0,-1.0,-1.0,-1.0,-1.0,-1.0,-1.0,-1.0,-1.0,-1.0,-1.0,-1.0,-1.0,-1.0,-1.0,-1.0,-1.0,-1.0,-1.0,-1.0,-1.0,-1.0,-1.0,-1.0,-1.0,-1.0,-1.0,-1.0,-1.0,-1.0,-1.0,61598
M,DIVORCED,ESP,LOWER_SEC,THIN,TENANT_REDUCED,RETIRED,FAIR,N,N,N,N,N,N,N,N,N,NA,N,-1.0,-1.0,-1.0,-1.0,-1.0,-1.0,-1.0,-1.0,-1.0,-1.0,-1.0,-1.0,-1.0,-1.0,-1.0,-1.0,-1.0,-1.0,-1.0,-1.0,-1.0,-1.0,-1.0,-1.0,-1.0,-1.0,-1.0,-1.0,-1.0,-1.0,-1.0,-1.0,-1.0,-1.0,-1.0,-1.0,3985
M,DIVORCED,ITA,PRIMARY,THIN,TENANT_REDUCED,RETIRED,POOR,N,N,N,N,N,N,N,N,N,UNK,N,-1.0,-1.0,-1.0,-1.0,-1.0,-1.0,-1.0,-1.0,-1.0,-1.0,-1.0,-1.0,-1.0,-1.0,-1.0,-1.0,-1.0,-1.0,-1.0,-1.0,-1.0,-1.0,-1.0,-1.0,-1.0,-1.0,-1.0,-1.0,-1.0,-1.0,-1.0,-1.0,-1.0,-1.0,-1.0,-1.0,79875
M,DIVORCED,ESP,PRIMARY,THIN,TENANT_REDUCED,RETIRED,POOR,N,N,N,N,N,N,N,N,N,UNK,N,-1.0,-1.0,-1.0,-1.0,-1.0,-1.0,-1.0,-1.0,-1.0,-1.0,-1.0,-1.0,-1.0,-1.0,-1.0,-1.0,-1.0,-1.0,-1.0,-1.0,-1.0,-1.0,-1.0,-1.0,-1.0,-1.0,-1.0,-1.0,-1.0,-1.0,-1.0,-1.0,-1.0,-1.0,-1.0,-1.0,18397
M,DIVORCED,ITA,PRIMARY,THIN,TENANT_MARKET,RETIRED,FAIR,N,N,N,N,N,N,N,N,N,NA,N,-1.0,-1.0,-1.0,-1.0,-1.0,-1.0,-1.0,-1.0,-1.0,-1.0,-1.0,-1.0,-1.0,-1.0,-1.0,-1.0,-1.0,-1.0,-1.0,-1.0,-1.0,-1.0,-1.0,-1.0,-1.0,-1.0,-1.0,-1.0,-1.0,-1.0,-1.0,-1.0,-1.0,-1.0,-1.0,-1.0,29801
M,WIDOWED,ESP,PRIMARY,THIN,TENANT_REDUCED,OTHER_INACTIVE,POOR,N,N,N,N,N,N,N,N,N,NA,N,-1.0,-1.0,-1.0,-1.0,-1.0,-1.0,-1.0,-1.0,-1.0,-1.0,-1.0,-1.0,-1.0,-1.0,-1.0,-1.0,-1.0,-1.0,-1.0,-1.0,-1.0,-1.0,-1.0,-1.0,-1.0,-1.0,-1.0,-1.0,-1.0,-1.0,-1.0,-1.0,-1.0,-1.0,-1.0,-1.0,84068
M,WIDOWED,ITA,PRIMARY,THIN,TENANT_MARKET,RETIRED,FAIR,N,N,N,N,N,N,N,N,N,UNK,N,-1.0,-1.0,-1.0,-1.0,-1.0,-1.0,-1.0,-1.0,-1.0,-1.0,-1.0,-1.0,-1.0,-1.0,-1.0,-1.0,-1.0,-1.0,-1.0,-1.0,-1.0,-1.0,-1.0,-1.0,-1.0,-1.0,-1.0,-1.0,-1.0,-1.0,-1.0,-1.0,-1.0,-1.0,-1.0,-1.0,12932
M,DIVORCED,ITA,PRIMARY,THIN,TENANT_MARKET,RETIRED,FAIR,N,N,N,N,N,N,N,N,N,UNK,N,-1.0,-1.0,-1.0,-1.0,-1.0,-1.0,-1.0,-1.0,-1.0,-1.0,-1.0,-1.0,-1.0,-1.0,-1.0,-1.0,-1.0,-1.0,-1.0,-1.0,-1.0,-1.0,-1.0,-1.0,-1.0,-1.0,-1.0,-1.0,-1.0,-1.0,-1.0,-1.0,-1.0,-1.0,-1.0,-1.0,54306
M,WIDOWED,ITA,LOWER_SEC,THIN,TENANT_REDUCED,RETIRED,FAIR,N,N,N,N,N,N,N,N,N,NA,N,-1.0,-1.0,-1.0,-1.0,-1.0,-1.0,-1.0,-1.0,-1.0,-1.0,-1.0,-1.0,-1.0,-1.0,-1.0,-1.0,-1.0,-1.0,-1.0,-1.0,-1.0,-1.0,-1.0,-1.0,-1.0,-1.0,-1.0,-1.0,-1.0,-1.0,-1.0,-1.0,-1.0,-1.0,-1.0,-1.0,41466
M,WIDOWED,ITA,PRIMARY,THIN,TENANT_REDUCED,OTHER_INACTIVE,POOR,N,N,N,N,N,N,N,N,N,UNK,N,-1.0,-1.0,-1.0,-1.0,-1.0,-1.0,-1.0,-1.0,-1.0,-1.0,-1.0,-1.0,-1.0,-1.0,-1.0,-1.0,-1.0,-1.0,-1.0,-1.0,-1.0,-1.0,-1.0,-1.0,-1.0,-1.0,-1.0,-1.0,-1.0,-1.0,-1.0,-1.0,-1.0,-1.0,-1.0,-1.0,60657
M,WIDOWED,ITA,PRIMARY,THIN,TENANT_MARKET,OTHER_INACTIVE,POOR,N,N,N,N,N,N,N,N,N,NA,N,-1.0,-1.0,-1.0,-1.0,-1.0,-1.0,-1.0,-1.0,-1.0,-1.0,-1.0,-1.0,-1.0,-1.0,-1.0,-1.0,-1.0,-1.0,-1.0,-1.0,-1.0,-1.0,-1.0,-1.0,-1.0,-1.0,-1.0,-1.0,-1.0,-1.0,-1.0,-1.0,-1.0,-1.0,-1.0,-1.0,89817
M,WIDOWED,ITA,LOWER_SEC,THIN,TENANT_REDUCED,RETIRED,FAIR,N,N,N,N,N,N,N,N,N,NA,N,-1.0,-1.0,-1.0,-1.0,-1.0,-1.0,-1.0,-1.0,-1.0,-1.0,-1.0,-1.0,-1.0,-1.0,-1.0,-1.0,-1.0,-1.0,-1.0,-1.0,-1.0,-1.0,-1.0,-1.0,-1.0,-1.0,-1.0,-1.0,-1.0,-1.0,-1.0,-1.0,-1.0,-1.0,-1.0,-1.0,924
M,WIDOWED,ITA,LOWER_SEC,THIN,TENANT_REDUCED,RETIRED,FAIR,N,N,N,N,N,N,N,N,N,UNK,N,-1.0,-1.0,-1.0,-1.0,-1.0,-1.0,-1.0,-1.0,-1.0,-1.0,-1.0,-1.0,-1.0,-1.0,-1.0,-1.0,-1.0,-1.0,-1.0,-1.0,-1.0,-1.0,-1.0,-1.0,-1.0,-1.0,-1.0,-1.0,-1.0,-1.0,-1.0,-1.0,-1.0,-1.0,-1.0,-1.0,31800
M,DIVORCED,ESP,PRIMARY,THIN,TENANT_REDUCED,OTHER_INACTIVE,FAIR,N,N,N,N,N,N,N,N,N,NA,N,-1.0,-1.0,-1.0,-1.0,-1.0,-1.0,-1.0,-1.0,-1.0,-1.0,-1.0,-1.0,-1.0,-1.0,-1.0,-1.0,-1.0,-1.0,-1.0,-1.0,-1.0,-1.0,-1.0,-1.0,-1.0,-1.0,-1.0,-1.0,-1.0,-1.0,-1.0,-1.0,-1.0,-1.0,-1.0,-1.0,13127
M,WIDOWED,ESP,LOWER_SEC,THIN,TENANT_REDUCED,RETIRED,POOR,N,N,N,N,N,N,N,N,N,UNK,N,-1.0,-1.0,-1.0,-1.0,-1.0,-1.0,-1.0,-1.0,-1.0,-1.0,-1.0,-1.0,-1.0,-1.0,-1.0,-1.0,-1.0,-1.0,-1.0,-1.0,-1.0,-1.0,-1.0,-1.0,-1.0,-1.0,-1.0,-1.0,-1.0,-1.0,-1.0,-1.0,-1.0,-1.0,-1.0,-1.0,13720
M,WIDOWED,ITA,PRIMARY,THIN,TENANT_MARKET,RETIRED,FAIR,N,N,N,N,N,N,N,N,N,NA,N,-1.0,-1.0,-1.0,-1.0,-1.0,-1.0,-1.0,-1.0,-1.0,-1.0,-1.0,-1.0,-1.0,-1.0,-1.0,-1.0,-1.0,-1.0,-1.0,-1.0,-1.0,-1.0,-1.0,-1.0,-1.0,-1.0,-1.0,-1.0,-1.0,-1.0,-1.0,-1.0,-1.0,-1.0,-1.0,-1.0,76387
M,WIDOWED,ESP,LOWER_SEC,THIN,TENANT_MARKET,OTHER_INACTIVE,POOR,N,N,N,N,N,N,N,N,N,UNK,N,-1.0,-1.0,-1.0,-1.0,-1.0,-1.0,-1.0,-1.0,-1.0,-1.0,-1.0,-1.0,-1.0,-1.0,-1.0,-1.0,-1.0,-1.0,-1.0,-1.0,-1.0,-1.0,-1.0,-1.0,-1.0,-1.0,-1.0,-1.0,-1.0,-1.0,-1.0,-1.0,-1.0,-1.0,-1.0,-1.0,39081
M,DIVORCED,ESP,LOWER_SEC,THIN,TENANT_REDUCED,OTHER_INACTIVE,FAIR,N,N,N,N,N,N,N,N,N,UNK,N,-1.0,-1.0,-1.0,-1.0,-1.0,-1.0,-1.0,-1.0,-1.0,-1.0,-1.0,-1.0,-1.0,-1.0,-1.0,-1.0,-1.0,-1.0,-1.0,-1.0,-1.0,-1.0,-1.0,-1.0,-1.0,-1.0,-1.0,-1.0,-1.0,-1.0,-1.0,-1.0,-1.0,-1.0,-1.0,-1.0,13692
M,DIVORCED,ITA,LOWER_SEC,THIN,TENANT_REDUCED,OTHER_INACTIVE,POOR,N,N,N,N,N,N,N,N,N,UNK,N,-1.0,-1.0,-1.0,-1.0,-1.0,-1.0,-1.0,-1.0,-1.0,-1.0,-1.0,-1.0,-1.0,-1.0,-1.0,-1.0,-1.0,-1.0,-1.0,-1.0,-1.0,-1.0,-1.0,-1.0,-1.0,-1.0,-1.0,-1.0,-1.0,-1.0,-1.0,-1.0,-1.0,-1.0,-1.0,-1.0,70457
M,WIDOWED,ESP,LOWER_SEC,THIN,TENANT_MARKET,OTHER_INACTIVE,POOR,N,N,N,N,N,N,N,N,N,NA,N,-1.0,-1.0,-1.0,-1.0,-1.0,-1.0,-1.0,-1.0,-1.0,-1.0,-1.0,-1.0,-1.0,-1.0,-1.0,-1.0,-1.0,-1.0,-1.0,-1.0,-1.0,-1.0,-1.0,-1.0,-1.0,-1.0,-1.0,-1.0,-1.0,-1.0,-1.0,-1.0,-1.0,-1.0,-1.0,-1.0,35093
M,WIDOWED,ITA,PRIMARY,THIN,TENANT_REDUCED,RETIRED,FAIR,N,N,N,N,N,N,N,N,N,UNK,N,-1.0,-1.0,-1.0,-1.0,-1.0,-1.0,-1.0,-1.0,-1.0,-1.0,-1.0,-1.0,-1.0,-1.0,-1.0,-1.0,-1.0,-1.0,-1.0,-1.0,-1.0,-1.0,-1.0,-1.0,-1.0,-1.0,-1.0,-1.0,-1.0,-1.0,-1.0,-1.0,-1.0,-1.0,-1.0,-1.0,50673
M,WIDOWED,ITA,PRIMARY,THIN,TENANT_REDUCED,RETIRED,FAIR,N,N,N,N,N,N,N,N,N,NA,N,-1.0,-1.0,-1.0,-1.0,-1.0,-1.0,-1.0,-1.0,-1.0,-1.0,-1.0,-1.0,-1.0,-1.0,-1.0,-1.0,-1.0,-1.0,-1.0,-1.0,-1.0,-1.0,-1.0,-1.0,-1.0,-1.0,-1.0,-1.0,-1.0,-1.0,-1.0,-1.0,-1.0,-1.0,-1.0,-1.0,92679
M,DIVORCED,ITA,PRIMARY,THIN,TENANT_REDUCED,OTHER_INACTIVE,FAIR,N,N,N,N,N,N,N,N,N,NA,N,-1.0,-1.0,-1.0,-1.0,-1.0,-1.0,-1.0,-1.0,-1.0,-1.0,-1.0,-1.0,-1.0,-1.0,-1.0,-1.0,-1.0,-1.0,-1.0,-1.0,-1.0,-1.0,-1.0,-1.0,-1.0,-1.0,-1.0,-1.0,-1.0,-1.0,-1.0,-1.0,-1.0,-1.0,-1.0,-1.0,22793
M,DIVORCED,ITA,LOWER_SEC,THIN,TENANT_REDUCED,RETIRED,FAIR,N,N,N,N,N,N,N,N,N,UNK,N,-1.0,-1.0,-1.0,-1.0,-1.0,-1.0,-1.0,-1.0,-1.0,-1.0,-1.0,-1.0,-1.0,-1.0,-1.0,-1.0,-1.0,-1.0,-1.0,-1.0,-1.0,-1.0,-1.0,-1.0,-1.0,-1.0,-1.0,-1.0,-1.0,-1.0,-1.0,-1.0,-1.0,-1.0,-1.0,-1.0,80514
M,WIDOWED,ITA,PRIMARY,THIN,TENANT_REDUCED,RETIRED,POOR,N,N,N,N,N,N,N,N,N,UNK,N,-1.0,-1.0,-1.0,-1.0,-1.0,-1.0,-1.0,-1.0,-1.0,-1.0,-1.0,-1.0,-1.0,-1.0,-1.0,-1.0,-1.0,-1.0,-1.0,-1.0,-1.0,-1.0,-1.0,-1.0,-1.0,-1.0,-1.0,-1.0,-1.0,-1.0,-1.0,-1.0,-1.0,-1.0,-1.0,-1.0,56923
M,DIVORCED,ESP,LOWER_SEC,THIN,TENANT_REDUCED,RETIRED,POOR,N,N,N,N,N,N,N,N,N,NA,N,-1.0,-1.0,-1.0,-1.0,-1.0,-1.0,-1.0,-1.0,-1.0,-1.0,-1.0,-1.0,-1.0,-1.0,-1.0,-1.0,-1.0,-1.0,-1.0,-1.0,-1.0,-1.0,-1.0,-1.0,-1.0,-1.0,-1.0,-1.0,-1.0,-1.0,-1.0,-1.0,-1.0,-1.0,-1.0,-1.0,89825
M,WIDOWED,ESP,LOWER_SEC,THIN,TENANT_MARKET,RETIRED,FAIR,N,N,N,N,N,N,N,N,N,UNK,N,-1.0,-1.0,-1.0,-1.0,-1.0,-1.0,-1.0,-1.0,-1.0,-1.0,-1.0,-1.0,-1.0,-1.0,-1.0,-1.0,-1.0,-1.0,-1.0,-1.0,-1.0,-1.0,-1.0,-1.0,-1.0,-1.0,-1.0,-1.0,-1.0,-1.0,-1.0,-1.0,-1.0,-1.0,-1.0,-1.0,63061
M,DIVORCED,ITA,LOWER_SEC,THIN,TENANT_REDUCED,RETIRED,FAIR,N,N,N,N,N,N,N,N,N,NA,N,-1.0,-1.0,-1.0,-1.0,-1.0,-1.0,-1.0,-1.0,-1.0,-1.0,-1.0,-1.0,-1.0,-1.0,-1.0,-1.0,-1.0,-1.0,-1.0,-1.0,-1.0,-1.0,-1.0,-1.0,-1.0,-1.0,-1.0,-1.0,-1.0,-1.0,-1.0,-1.0,-1.0,-1.0,-1.0,-1.0,46872
M,DIVORCED,ESP,PRIMARY,THIN,TENANT_REDUCED,RETIRED,FAIR,N,N,N,N,N,N,N,N,N,UNK,N,-1.0,-1.0,-1.0,-1.0,-1.0,-1.0,-1.0,-1.0,-1.0,-1.0,-1.0,-1.0,-1.0,-1.0,-1.0,-1.0,-1.0,-1.0,-1.0,-1.0,-1.0,-1.0,-1.0,-1.0,-1.0,-1.0,-1.0,-1.0,-1.0,-1.0,-1.0,-1.0,-1.0,-1.0,-1.0,-1.0,12421
M,DIVORCED,ESP,LOWER_SEC,THIN,TENANT_MARKET,OTHER_INACTIVE,FAIR,N,N,N,N,N,N,N,N,N,UNK,N,-1.0,-1.0,-1.0,-1.0,-1.0,-1.0,-1.0,-1.0,-1.0,-1.0,-1.0,-1.0,-1.0,-1.0,-1.0,-1.0,-1.0,-1.0,-1.0,-1.0,-1.0,-1.0,-1.0,-1.0,-1.0,-1.0,-1.0,-1.0,-1.0,-1.0,-1.0,-1.0,-1.0,-1.0,-1.0,-1.0,70106
M,DIVORCED,ITA,LOWER_SEC,THIN,TENANT_MARKET,OTHER_INACTIVE,FAIR,N,N,N,N,N,N,N,N,N,UNK,N,-1.0,-1.0,-1.0,-1.0,-1.0,-1.0,-1.0,-1.0,-1.0,-1.0,-1.0,-1.0,-1.0,-1.0,-1.0,-1.0,-1.0,-1.0,-1.0,-1.0,-1.0,-1.0,-1.0,-1.0,-1.0,-1.0,-1.0,-1.0,-1.0,-1.0,-1.0,-1.0,-1.0,-1.0,-1.0,-1.0,18716
M,DIVORCED,ITA,LOWER_SEC,THIN,TENANT_REDUCED,RETIRED,FAIR,N,N,N,N,N,N,N,N,N,UNK,N,-1.0,-1.0,-1.0,-1.0,-1.0,-1.0,-1.0,-1.0,-1.0,-1.0,-1.0,-1.0,-1.0,-1.0,-1.0,-1.0,-1.0,-1.0,-1.0,-1.0,-1.0,-1.0,-1.0,-1.0,-1.0,-1.0,-1.0,-1.0,-1.0,-1.0,-1.0,-1.0,-1.0,-1.0,-1.0,-1.0,91145
M,WIDOWED,ITA,LOWER_SEC,THIN,TENANT_MARKET,RETIRED,POOR,N,N,N,N,N,N,N,N,N,UNK,N,-1.0,-1.0,-1.0,-1.0,-1.0,-1.0,-1.0,-1.0,-1.0,-1.0,-1.0,-1.0,-1.0,-1.0,-1.0,-1.0,-1.0,-1.0,-1.0,-1.0,-1.0,-1.0,-1.0,-1.0,-1.0,-1.0,-1.0,-1.0,-1.0,-1.0,-1.0,-1.0,-1.0,-1.0,-1.0,-1.0,96802
M,DIVORCED,ITA,PRIMARY,THIN,TENANT_MARKET,RETIRED,FAIR,N,N,N,N,N,N,N,N,N,NA,N,-1.0,-1.0,-1.0,-1.0,-1.0,-1.0,-1.0,-1.0,-1.0,-1.0,-1.0,-1.0,-1.0,-1.0,-1.0,-1.0,-1.0,-1.0,-1.0,-1.0,-1.0,-1.0,-1.0,-1.0,-1.0,-1.0,-1.0,-1.0,-1.0,-1.0,-1.0,-1.0,-1.0,-1.0,-1.0,-1.0,6186
M,WIDOWED,ITA,LOWER_SEC,THIN,TENANT_MARKET,RETIRED,FAIR,N,N,N,N,N,N,N,N,N,UNK,N,-1.0,-1.0,-1.0,-1.0,-1.0,-1.0,-1.0,-1.0,-1.0,-1.0,-1.0,-1.0,-1.0,-1.0,-1.0,-1.0,-1.0,-1.0,-1.0,-1.0,-1.0,-1.0,-1.0,-1.0,-1.0,-1.0,-1.0,-1.0,-1.0,-1.0,-1.0,-1.0,-1.0,-1.0,-1.0,-1.0,67768
M,DIVORCED,ITA,LOWER_SEC,THIN,TENANT_REDUCED,OTHER_INACTIVE,POOR,N,N,N,N,N,N,N,N,N,UNK,N,-1.0,-1.0,-1.0,-1.0,-1.0,-1.0,-1.0,-1.0,-1.0,-1.0,-1.0,-1.0,-1.0,-1.0,-1.0,-1.0,-1.0,-1.0,-1.0,-1.0,-1.0,-1.0,-1.0,-1.0,-1.0,-1.0,-1.0,-1.0,-1.0,-1.0,-1.0,-1.0,-1.0,-1.0,-1.0,-1.0,653
M,WIDOWED,ESP,PRIMARY,THIN,TENANT_REDUCED,RETIRED,FAIR,N,N,N,N,N,N,N,N,N,UNK,N,-1.0,-1.0,-1.0,-1.0,-1.0,-1.0,-1.0,-1.0,-1.0,-1.0,-1.0,-1.0,-1.0,-1.0,-1.0,-1.0,-1.0,-1.0,-1.0,-1.0,-1.0,-1.0,-1.0,-1.0,-1.0,-1.0,-1.0,-1.0,-1.0,-1.0,-1.0,-1.0,-1.0,-1.0,-1.0,-1.0,46690
M,DIVORCED,ESP,LOWER_SEC,THIN,TENANT_REDUCED,OTHER_INACTIVE,POOR,N,N,N,N,N,N,N,N,N,UNK,N,-1.0,-1.0,-1.0,-1.0,-1.0,-1.0,-1.0,-1.0,-1.0,-1.0,-1.0,-1.0,-1.0,-1.0,-1.0,-1.0,-1.0,-1.0,-1.0,-1.0,-1.0,-1.0,-1.0,-1.0,-1.0,-1.0,-1.0,-1.0,-1.0,-1.0,-1.0,-1.0,-1.0,-1.0,-1.0,-1.0,13793
M,WIDOWED,ESP,LOWER_SEC,THIN,TENANT_REDUCED,OTHER_INACTIVE,FAIR,N,N,N,N,N,N,N,N,N,UNK,N,-1.0,-1.0,-1.0,-1.0,-1.0,-1.0,-1.0,-1.0,-1.0,-1.0,-1.0,-1.0,-1.0,-1.0,-1.0,-1.0,-1.0,-1.0,-1.0,-1.0,-1.0,-1.0,-1.0,-1.0,-1.0,-1.0,-1.0,-1.0,-1.0,-1.0,-1.0,-1.0,-1.0,-1.0,-1.0,-1.0,99863
M,DIVORCED,ITA,PRIMARY,THIN,TENANT_REDUCED,OTHER_INACTIVE,FAIR,N,N,N,N,N,N,N,N,N,NA,N,-1.0,-1.0,-1.0,-1.0,-1.0,-1.0,-1.0,-1.0,-1.0,-1.0,-1.0,-1.0,-1.0,-1.0,-1.0,-1.0,-1.0,-1.0,-1.0,-1.0,-1.0,-1.0,-1.0,-1.0,-1.0,-1.0,-1.0,-1.0,-1.0,-1.0,-1.0,-1.0,-1.0,-1.0,-1.0,-1.0,35580
M,WIDOWED,ESP,PRIMARY,THIN,TENANT_MARKET,RETIRED,POOR,N,N,N,N,N,N,N,N,N,UNK,N,-1.0,-1.0,-1.0,-1.0,-1.0,-1.0,-1.0,-1.0,-1.0,-1.0,-1.0,-1.0,-1.0,-1.0,-1.0,-1.0,-1.0,-1.0,-1.0,-1.0,-1.0,-1.0,-1.0,-1.0,-1.0,-1.0,-1.0,-1.0,-1.0,-1.0,-1.0,-1.0,-1.0,-1.0,-1.0,-1.0,88318
M,DIVORCED,ESP,LOWER_SEC,THIN,TENANT_MARKET,RETIRED,FAIR,N,N,N,N,N,N,N,N,N,NA,N,-1.0,-1.0,-1.0,-1.0,-1.0,-1.0,-1.0,-1.0,-1.0,-1.0,-1.0,-1.0,-1.0,-1.0,-1.0,-1.0,-1.0,-1.0,-1.0,-1.0,-1.0,-1.0,-1.0,-1.0,-1.0,-1.0,-1.0,-1.0,-1.0,-1.0,-1.0,-1.0,-1.0,-1.0,-1.0,-1.0,35897
M,WIDOWED,ITA,LOWER_SEC,THIN,TENANT_REDUCED,RETIRED,FAIR,N,N,N,N,N,N,N,N,N,UNK,N,-1.0,-1.0,-1.0,-1.0,-1.0,-1.0,-1.0,-1.0,-1.0,-1.0,-1.0,-1.0,-1.0,-1.0,-1.0,-1.0,-1.0,-1.0,-1.0,-1.0,-1.0,-1.0,-1.0,-1.0,-1.0,-1.0,-1.0,-1.0,-1.0,-1.0,-1.0,-1.0,-1.0,-1.0,-1.0,-1.0,18895
M,WIDOWED,ESP,PRIMARY,THIN,TENANT_MARKET,RETIRED,FAIR,N,N,N,N,N,N,N,N,N,NA,N,-1.0,-1.0,-1.0,-1.0,-1.0,-1.0,-1.0,-1.0,-1.0,-1.0,-1.0,-1.0,-1.0,-1.0,-1.0,-1.0,-1.0,-1.0,-1.0,-1.0,-1.0,-1.0,-1.0,-1.0,-1.0,-1.0,-1.0,-1.0,-1.0,-1.0,-1.0,-1.0,-1.0,-1.0,-1.0,-1.0,92081
M,WIDOWED,ESP,LOWER_SEC,THIN,TENANT_REDUCED,RETIRED,POOR,N,N,N,N,N,N,N,N,N,NA,N,-1.0,-1.0,-1.0,-1.0,-1.0,-1.0,-1.0,-1.0,-1.0,-1.0,-1.0,-1.0,-1.0,-1.0,-1.0,-1.0,-1.0,-1.0,-1.0,-1.0,-1.0,-1.0,-1.0,-1.0,-1.0,-1.0,-1.0,-1.0,-1.0,-1.0,-1.0,-1.0,-1.0,-1.0,-1.0,-1.0,74871
M,DIVORCED,ESP,LOWER_SEC,THIN,TENANT_MARKET,RETIRED,FAIR,N,N,N,N,N,N,N,N,N,UNK,N,-1.0,-1.0,-1.0,-1.0,-1.0,-1.0,-1.0,-1.0,-1.0,-1.0,-1.0,-1.0,-1.0,-1.0,-1.0,-1.0,-1.0,-1.0,-1.0,-1.0,-1.0,-1.0,-1.0,-1.0,-1.0,-1.0,-1.0,-1.0,-1.0,-1.0,-1.0,-1.0,-1.0,-1.0,-1.0,-1.0,36890
M,WIDOWED,ITA,LOWER_SEC,THIN,TENANT_REDUCED,OTHER_INACTIVE,FAIR,N,N,N,N,N,N,N,N,N,NA,N,-1.0,-1.0,-1.0,-1.0,-1.0,-1.0,-1.0,-1.0,-1.0,-1.0,-1.0,-1.0,-1.0,-1.0,-1.0,-1.0,-1.0,-1.0,-1.0,-1.0,-1.0,-1.0,-1.0,-1.0,-1.0,-1.0,-1.0,-1.0,-1.0,-1.0,-1.0,-1.0,-1.0,-1.0,-1.0,-1.0,40836
M,DIVORCED,ITA,PRIMARY,THIN,TENANT_MARKET,OTHER_INACTIVE,FAIR,N,N,N,N,N,N,N,N,N,UNK,N,-1.0,-1.0,-1.0,-1.0,-1.0,-1.0,-1.0,-1.0,-1.0,-1.0,-1.0,-1.0,-1.0,-1.0,-1.0,-1.0,-1.0,-1.0,-1.0,-1.0,-1.0,-1.0,-1.0,-1.0,-1.0,-1.0,-1.0,-1.0,-1.0,-1.0,-1.0,-1.0,-1.0,-1.0,-1.0,-1.0,20439
M,DIVORCED,ESP,LOWER_SEC,THIN,TENANT_REDUCED,RETIRED,POOR,N,N,N,N,N,N,N,N,N,NA,N,-1.0,-1.0,-1.0,-1.0,-1.0,-1.0,-1.0,-1.0,-1.0,-1.0,-1.0,-1.0,-1.0,-1.0,-1.0,-1.0,-1.0,-1.0,-1.0,-1.0,-1.0,-1.0,-1.0,-1.0,-1.0,-1.0,-1.0,-1.0,-1.0,-1.0,-1.0,-1.0,-1.0,-1.0,-1.0,-1.0,64948
M,DIVORCED,ITA,LOWER_SEC,THIN,TENANT_MARKET,RETIRED,POOR,N,N,N,N,N,N,N,N,N,UNK,N,-1.0,-1.0,-1.0,-1.0,-1.0,-1.0,-1.0,-1.0,-1.0,-1.0,-1.0,-1.0,-1.0,-1.0,-1.0,-1.0,-1.0,-1.0,-1.0,-1.0,-1.0,-1.0,-1.0,-1.0,-1.0,-1.0,-1.0,-1.0,-1.0,-1.0,-1.0,-1.0,-1.0,-1.0,-1.0,-1.0,17920
M,DIVORCED,ITA,PRIMARY,THIN,TENANT_REDUCED,OTHER_INACTIVE,POOR,N,N,N,N,N,N,N,N,N,NA,N,-1.0,-1.0,-1.0,-1.0,-1.0,-1.0,-1.0,-1.0,-1.0,-1.0,-1.0,-1.0,-1.0,-1.0,-1.0,-1.0,-1.0,-1.0,-1.0,-1.0,-1.0,-1.0,-1.0,-1.0,-1.0,-1.0,-1.0,-1.0,-1.0,-1.0,-1.0,-1.0,-1.0,-1.0,-1.0,-1.0,16006
M,DIVORCED,ITA,LOWER_SEC,THIN,TENANT_REDUCED,OTHER_INACTIVE,FAIR,N,N,N,N,N,N,N,N,N,NA,N,-1.0,-1.0,-1.0,-1.0,-1.0,-1.0,-1.0,-1.0,-1.0,-1.0,-1.0,-1.0,-1.0,-1.0,-1.0,-1.0,-1.0,-1.0,-1.0,-1.0,-1.0,-1.0,-1.0,-1.0,-1.0,-1.0,-1.0,-1.0,-1.0,-1.0,-1.0,-1.0,-1.0,-1.0,-1.0,-1.0,8708
M,WIDOWED,ESP,PRIMARY,THIN,TENANT_REDUCED,RETIRED,POOR,N,N,N,N,N,N,N,N,N,UNK,N,-1.0,-1.0,-1.0,-1.0,-1.0,-1.0,-1.0,-1.0,-1.0,-1.0,-1.0,-1.0,-1.0,-1.0,-1.0,-1.0,-1.0,-1.0,-1.0,-1.0,-1.0,-1.0,-1.0,-1.0,-1.0,-1.0,-1.0,-1.0,-1.0,-1.0,-1.0,-1.0,-1.0,-1.0,-1.0,-1.0,55827
M,WIDOWED,ITA,LOWER_SEC,THIN,TENANT_REDUCED,RETIRED,POOR,N,N,N,N,N,N,N,N,N,NA,N,-1.0,-1.0,-1.0,-1.0,-1.0,-1.0,-1.0,-1.0,-1.0,-1.0,-1.0,-1.0,-1.0,-1.0,-1.0,-1.0,-1.0,-1.0,-1.0,-1.0,-1.0,-1.0,-1.0,-1.0,-1.0,-1.0,-1.0,-1.0,-1.0,-1.0,-1.0,-1.0,-1.0,-1.0,-1.0,-1.0,83644
M,WIDOWED,ITA,PRIMARY,THIN,TENANT_MARKET,OTHER_INACTIVE,POOR,N,N,N,N,N,N,N,N,N,UNK,N,-1.0,-1.0,-1.0,-1.0,-1.0,-1.0,-1.0,-1.0,-1.0,-1.0,-1.0,-1.0,-1.0,-1.0,-1.0,-1.0,-1.0,-1.0,-1.0,-1.0,-1.0,-1.0,-1.0,-1.0,-1.0,-1.0,-1.0,-1.0,-1.0,-1.0,-1.0,-1.0,-1.0,-1.0,-1.0,-1.0,14580
M,DIVORCED,ESP,PRIMARY,THIN,TENANT_REDUCED,RETIRED,POOR,N,N,N,N,N,N,N,N,N,NA,N,-1.0,-1.0,-1.0,-1.0,-1.0,-1.0,-1.0,-1.0,-1.0,-1.0,-1.0,-1.0,-1.0,-1.0,-1.0,-1.0,-1.0,-1.0,-1.0,-1.0,-1.0,-1.0,-1.0,-1.0,-1.0,-1.0,-1.0,-1.0,-1.0,-1.0,-1.0,-1.0,-1.0,-1.0,-1.0,-1.0,1011
M,WIDOWED,ITA,LOWER_SEC,THIN,TENANT_MARKET,OTHER_INACTIVE,FAIR,N,N,N,N,N,N,N,N,N,UNK,N,-1.0,-1.0,-1.0,-1.0,-1.0,-1.0,-1.0,-1.0,-1.0,-1.0,-1.0,-1.0,-1.0,-1.0,-1.0,-1.0,-1.0,-1.0,-1.0,-1.0,-1.0,-1.0,-1.0,-1.0,-1.0,-1.0,-1.0,-1.0,-1.0,-1.0,-1.0,-1.0,-1.0,-1.0,-1.0,-1.0,42827
M,DIVORCED,ESP,PRIMARY,THIN,TENANT_MARKET,OTHER_INACTIVE,FAIR,N,N,N,N,N,N,N,N,N,UNK,N,-1.0,-1.0,-1.0,-1.0,-1.0,-1.0,-1.0,-1.0,-1.0,-1.0,-1.0,-1.0,-1.0,-1.0,-1.0,-1.0,-1.0,-1.0,-1.0,-1.0,-1.0,-1.0,-1.0,-1.0,-1.0,-1.0,-1.0,-1.0,-1.0,-1.0,-1.0,-1.0,-1.0,-1.0,-1.0,-1.0,41212
M,WIDOWED,ESP,LOWER_SEC,THIN,TENANT_MARKET,RETIRED,POOR,N,N,N,N,N,N,N,N,N,NA,N,-1.0,-1.0,-1.0,-1.0,-1.0,-1.0,-1.0,-1.0,-1.0,-1.0,-1.0,-1.0,-1.0,-1.0,-1.0,-1.0,-1.0,-1.0,-1.0,-1.0,-1.0,-1.0,-1.0,-1.0,-1.0,-1.0,-1.0,-1.0,-1.0,-1.0,-1.0,-1.0,-1.0,-1.0,-1.0,-1.0,3111
M,DIVORCED,ESP,PRIMARY,THIN,TENANT_REDUCED,RETIRED,POOR,N,N,N,N,N,N,N,N,N,NA,N,-1.0,-1.0,-1.0,-1.0,-1.0,-1.0,-1.0,-1.0,-1.0,-1.0,-1.0,-1.0,-1.0,-1.0,-1.0,-1.0,-1.0,-1.0,-1.0,-1.0,-1.0,-1.0,-1.0,-1.0,-1.0,-1.0,-1.0,-1.0,-1.0,-1.0,-1.0,-1.0,-1.0,-1.0,-1.0,-1.0,11142
M,DIVORCED,ESP,LOWER_SEC,THIN,TENANT_REDUCED,RETIRED,FAIR,N,N,N,N,N,N,N,N,N,NA,N,-1.0,-1.0,-1.0,-1.0,-1.0,-1.0,-1.0,-1.0,-1.0,-1.0,-1.0,-1.0,-1.0,-1.0,-1.0,-1.0,-1.0,-1.0,-1.0,-1.0,-1.0,-1.0,-1.0,-1.0,-1.0,-1.0,-1.0,-1.0,-1.0,-1.0,-1.0,-1.0,-1.0,-1.0,-1.0,-1.0,43508
M,WIDOWED,ESP,PRIMARY,THIN,TENANT_MARKET,OTHER_INACTIVE,FAIR,N,N,N,N,N,N,N,N,N,UNK,N,-1.0,-1.0,-1.0,-1.0,-1.0,-1.0,-1.0,-1.0,-1.0,-1.0,-1.0,-1.0,-1.0,-1.0,-1.0,-1.0,-1.0,-1.0,-1.0,-1.0,-1.0,-1.0,-1.0,-1.0,-1.0,-1.0,-1.0,-1.0,-1.0,-1.0,-1.0,-1.0,-1.0,-1.0,-1.0,-1.0,95406
M,WIDOWED,ESP,PRIMARY,THIN,TENANT_MARKET,RETIRED,POOR,N,N,N,N,N,N,N,N,N,UNK,N,-1.0,-1.0,-1.0,-1.0,-1.0,-1.0,-1.0,-1.0,-1.0,-1.0,-1.0,-1.0,-1.0,-1.0,-1.0,-1.0,-1.0,-1.0,-1.0,-1.0,-1.0,-1.0,-1.0,-1.0,-1.0,-1.0,-1.0,-1.0,-1.0,-1.0,-1.0,-1.0,-1.0,-1.0,-1.0,-1.0,29186
M,DIVORCED,ESP,LOWER_SEC,THIN,TENANT_REDUCED,RETIRED,FAIR,N,N,N,N,N,N,N,N,N,UNK,N,-1.0,-1.0,-1.0,-1.0,-1.0,-1.0,-1.0,-1.0,-1.0,-1.0,-1.0,-1.0,-1.0,-1.0,-1.0,-1.0,-1.0,-1.0,-1.0,-1.0,-1.0,-1.0,-1.0,-1.0,-1.0,-1.0,-1.0,-1.0,-1.0,-1.0,-1.0,-1.0,-1.0,-1.0,-1.0,-1.0,23639
M,DIVORCED,ESP,LOWER_SEC,THIN,TENANT_MARKET,OTHER_INACTIVE,FAIR,N,N,N,N,N,N,N,N,N,NA,N,-1.0,-1.0,-1.0,-1.0,-1.0,-1.0,-1.0,-1.0,-1.0,-1.0,-1.0,-1.0,-1.0,-1.0,-1.0,-1.0,-1.0,-1.0,-1.0,-1.0,-1.0,-1.0,-1.0,-1.0,-1.0,-1.0,-1.0,-1.0,-1.0,-1.0,-1.0,-1.0,-1.0,-1.0,-1.0,-1.0,44828
M,WIDOWED,ITA,PRIMARY,THIN,TENANT_REDUCED,OTHER_INACTIVE,POOR,N,N,N,N,N,N,N,N,N,UNK,N,-1.0,-1.0,-1.0,-1.0,-1.0,-1.0,-1.0,-1.0,-1.0,-1.0,-1.0,-1.0,-1.0,-1.0,-1.0,-1.0,-1.0,-1.0,-1.0,-1.0,-1.0,-1.0,-1.0,-1.0,-1.0,-1.0,-1.0,-1.0,-1.0,-1.0,-1.0,-1.0,-1.0,-1.0,-1.0,-1.0,8053
M,DIVORCED,ITA,LOWER_SEC,THIN,TENANT_REDUCED,OTHER_INACTIVE,FAIR,N,N,N,N,N,N,N,N,N,NA,N,-1.0,-1.0,-1.0,-1.0,-1.0,-1.0,-1.0,-1.0,-1.0,-1.0,-1.0,-1.0,-1.0,-1.0,-1.0,-1.0,-1.0,-1.0,-1.0,-1.0,-1.0,-1.0,-1.0,-1.0,-1.0,-1.0,-1.0,-1.0,-1.0,-1.0,-1.0,-1.0,-1.0,-1.0,-1.0,-1.0,51421
M,DIVORCED,ESP,LOWER_SEC,THIN,TENANT_REDUCED,OTHER_INACTIVE,FAIR,N,N,N,N,N,N,N,N,N,UNK,N,-1.0,-1.0,-1.0,-1.0,-1.0,-1.0,-1.0,-1.0,-1.0,-1.0,-1.0,-1.0,-1.0,-1.0,-1.0,-1.0,-1.0,-1.0,-1.0,-1.0,-1.0,-1.0,-1.0,-1.0,-1.0,-1.0,-1.0,-1.0,-1.0,-1.0,-1.0,-1.0,-1.0,-1.0,-1.0,-1.0,77378
M,WIDOWED,ESP,LOWER_SEC,THIN,TENANT_MARKET,OTHER_INACTIVE,FAIR,N,N,N,N,N,N,N,N,N,UNK,N,-1.0,-1.0,-1.0,-1.0,-1.0,-1.0,-1.0,-1.0,-1.0,-1.0,-1.0,-1.0,-1.0,-1.0,-1.0,-1.0,-1.0,-1.0,-1.0,-1.0,-1.0,-1.0,-1.0,-1.0,-1.0,-1.0,-1.0,-1.0,-1.0,-1.0,-1.0,-1.0,-1.0,-1.0,-1.0,-1.0,24242
M,DIVORCED,ESP,LOWER_SEC,THIN,TENANT_MARKET,RETIRED,FAIR,N,N,N,N,N,N,N,N,N,NA,N,-1.0,-1.0,-1.0,-1.0,-1.0,-1.0,-1.0,-1.0,-1.0,-1.0,-1.0,-1.0,-1.0,-1.0,-1.0,-1.0,-1.0,-1.0,-1.0,-1.0,-1.0,-1.0,-1.0,-1.0,-1.0,-1.0,-1.0,-1.0,-1.0,-1.0,-1.0,-1.0,-1.0,-1.0,-1.0,-1.0,92896
M,WIDOWED,ITA,PRIMARY,THIN,TENANT_MARKET,OTHER_INACTIVE,POOR,N,N,N,N,N,N,N,N,N,NA,N,-1.0,-1.0,-1.0,-1.0,-1.0,-1.0,-1.0,-1.0,-1.0,-1.0,-1.0,-1.0,-1.0,-1.0,-1.0,-1.0,-1.0,-1.0,-1.0,-1.0,-1.0,-1.0,-1.0,-1.0,-1.0,-1.0,-1.0,-1.0,-1.0,-1.0,-1.0,-1.0,-1.0,-1.0,-1.0,-1.0,37442
M,DIVORCED,ITA,LOWER_SEC,THIN,TENANT_REDUCED,OTHER_INACTIVE,POOR,N,N,N,N,N,N,N,N,N,NA,N,-1.0,-1.0,-1.0,-1.0,-1.0,-1.0,-1.0,-1.0,-1.0,-1.0,-1.0,-1.0,-1.0,-1.0,-1.0,-1.0,-1.0,-1.0,-1.0,-1.0,-1.0,-1.0,-1.0,-1.0,-1.0,-1.0,-1.0,-1.0,-1.0,-1.0,-1.0,-1.0,-1.0,-1.0,-1.0,-1.0,80602
M,WIDOWED,ITA,LOWER_SEC,THIN,TENANT_REDUCED,OTHER_INACTIVE,POOR,N,N,N,N,N,N,N,N,N,NA,N,-1.0,-1.0,-1.0,-1.0,-1.0,-1.0,-1.0,-1.0,-1.0,-1.0,-1.0,-1.0,-1.0,-1.0,-1.0,-1.0,-1.0,-1.0,-1.0,-1.0,-1.0,-1.0,-1.0,-1.0,-1.0,-1.0,-1.0,-1.0,-1.0,-1.0,-1.0,-1.0,-1.0,-1.0,-1.0,-1.0,75432
M,DIVORCED,ESP,PRIMARY,THIN,TENANT_REDUCED,RETIRED,FAIR,N,N,N,N,N,N,N,N,N,UNK,N,-1.0,-1.0,-1.0,-1.0,-1.0,-1.0,-1.0,-1.0,-1.0,-1.0,-1.0,-1.0,-1.0,-1.0,-1.0,-1.0,-1.0,-1.0,-1.0,-1.0,-1.0,-1.0,-1.0,-1.0,-1.0,-1.0,-1.0,-1.0,-1.0,-1.0,-1.0,-1.0,-1.0,-1.0,-1.0,-1.0,82918
M,DIVORCED,ESP,LOWER_SEC,THIN,TENANT_MARKET,RETIRED,POOR,N,N,N,N,N,N,N,N,N,NA,N,-1.0,-1.0,-1.0,-1.0,-1.0,-1.0,-1.0,-1.0,-1.0,-1.0,-1.0,-1.0,-1.0,-1.0,-1.0,-1.0,-1.0,-1.0,-1.0,-1.0,-1.0,-1.0,-1.0,-1.0,-1.0,-1.0,-1.0,-1.0,-1.0,-1.0,-1.0,-1.0,-1.0,-1.0,-1.0,-1.0,10983
M,WIDOWED,ITA,PRIMARY,THIN,TENANT_MARKET,RETIRED,FAIR,N,N,N,N,N,N,N,N,N,UNK,N,-1.0,-1.0,-1.0,-1.0,-1.0,-1.0,-1.0,-1.0,-1.0,-1.0,-1.0,-1.0,-1.0,-1.0,-1.0,-1.0,-1.0,-1.0,-1.0,-1.0,-1.0,-1.0,-1.0,-1.0,-1.0,-1.0,-1.0,-1.0,-1.0,-1.0,-1.0,-1.0,-1.0,-1.0,-1.0,-1.0,45165
M,WIDOWED,ITA,LOWER_SEC,THIN,TENANT_REDUCED,RETIRED,POOR,N,N,N,N,N,N,N,N,N,NA,N,-1.0,-1.0,-1.0,-1.0,-1.0,-1.0,-1.0,-1.0,-1.0,-1.0,-1.0,-1.0,-1.0,-1.0,-1.0,-1.0,-1.0,-1.0,-1.0,-1.0,-1.0,-1.0,-1.0,-1.0,-1.0,-1.0,-1.0,-1.0,-1.0,-1.0,-1.0,-1.0,-1.0,-1.0,-1.0,-1.0,36018
M,WIDOWED,ESP,LOWER_SEC,THIN,TENANT_REDUCED,OTHER_INACTIVE,FAIR,N,N,N,N,N,N,N,N,N,UNK,N,-1.0,-1.0,-1.0,-1.0,-1.0,-1.0,-1.0,-1.0,-1.0,-1.0,-1.0,-1.0,-1.0,-1.0,-1.0,-1.0,-1.0,-1.0,-1.0,-1.0,-1.0,-1.0,-1.0,-1.0,-1.0,-1.0,-1.0,-1.0,-1.0,-1.0,-1.0,-1.0,-1.0,-1.0,-1.0,-1.0,28916
M,WIDOWED,ESP,PRIMARY,THIN,TENANT_REDUCED,OTHER_INACTIVE,POOR,N,N,N,N,N,N,N,N,N,NA,N,-1.0,-1.0,-1.0,-1.0,-1.0,-1.0,-1.0,-1.0,-1.0,-1.0,-1.0,-1.0,-1.0,-1.0,-1.0,-1.0,-1.0,-1.0,-1.0,-1.0,-1.0,-1.0,-1.0,-1.0,-1.0,-1.0,-1.0,-1.0,-1.0,-1.0,-1.0,-1.0,-1.0,-1.0,-1.0,-1.0,40217
M,DIVORCED,ESP,LOWER_SEC,THIN,TENANT_MARKET,OTHER_INACTIVE,POOR,N,N,N,N,N,N,N,N,N,UNK,N,-1.0,-1.0,-1.0,-1.0,-1.0,-1.0,-1.0,-1.0,-1.0,-1.0,-1.0,-1.0,-1.0,-1.0,-1.0,-1.0,-1.0,-1.0,-1.0,-1.0,-1.0,-1.0,-1.0,-1.0,-1.0,-1.0,-1.0,-1.0,-1.0,-1.0,-1.0,-1.0,-1.0,-1.0,-1.0,-1.0,78287
M,WIDOWED,ITA,PRIMARY,THIN,TENANT_REDUCED,OTHER_INACTIVE,FAIR,N,N,N,N,N,N,N,N,N,NA,N,-1.0,-1.0,-1.0,-1.0,-1.0,-1.0,-1.0,-1.0,-1.0,-1.0,-1.0,-1.0,-1.0,-1.0,-1.0,-1.0,-1.0,-1.0,-1.0,-1.0,-1.0,-1.0,-1.0,-1.0,-1.0,-1.0,-1.0,-1.0,-1.0,-1.0,-1.0,-1.0,-1.0,-1.0,-1.0,-1.0,64675
M,DIVORCED,ESP,PRIMARY,THIN,TENANT_REDUCED,RETIRED,POOR,N,N,N,N,N,N,N,N,N,UNK,N,-1.0,-1.0,-1.0,-1.0,-1.0,-1.0,-1.0,-1.0,-1.0,-1.0,-1.0,-1.0,-1.0,-1.0,-1.0,-1.0,-1.0,-1.0,-1.0,-1.0,-1.0,-1.0,-1.0,-1.0,-1.0,-1.0,-1.0,-1.0,-1.0,-1.0,-1.0,-1.0,-1.0,-1.0,-1.0,-1.0,72811
M,DIVORCED,ITA,PRIMARY,THIN,TENANT_MARKET,OTHER_INACTIVE,POOR,N,N,N,N,N,N,N,N,N,NA,N,-1.0,-1.0,-1.0,-1.0,-1.0,-1.0,-1.0,-1.0,-1.0,-1.0,-1.0,-1.0,-1.0,-1.0,-1.0,-1.0,-1.0,-1.0,-1.0,-1.0,-1.0,-1.0,-1.0,-1.0,-1.0,-1.0,-1.0,-1.0,-1.0,-1.0,-1.0,-1.0,-1.0,-1.0,-1.0,-1.0,68187
M,DIVORCED,ITA,LOWER_SEC,THIN,TENANT_MARKET,RETIRED,FAIR,N,N,N,N,N,N,N,N,N,UNK,N,-1.0,-1.0,-1.0,-1.0,-1.0,-1.0,-1.0,-1.0,-1.0,-1.0,-1.0,-1.0,-1.0,-1.0,-1.0,-1.0,-1.0,-1.0,-1.0,-1.0,-1.0,-1.0,-1.0,-1.0,-1.0,-1.0,-1.0,-1.0,-1.0,-1.0,-1.0,-1.0,-1.0,-1.0,-1.0,-1.0,88565
M,DIVORCED,ITA,PRIMARY,THIN,TENANT_MARKET,RETIRED,POOR,N,N,N,N,N,N,N,N,N,UNK,N,-1.0,-1.0,-1.0,-1.0,-1.0,-1.0,-1.0,-1.0,-1.0,-1.0,-1.0,-1.0,-1.0,-1.0,-1.0,-1.0,-1.0,-1.0,-1.0,-1.0,-1.0,-1.0,-1.0,-1.0,-1.0,-1.0,-1.0,-1.0,-1.0,-1.0,-1.0,-1.0,-1.0,-1.0,-1.0,-1.0,14907
M,DIVORCED,ESP,PRIMARY,THIN,TENANT_MARKET,OTHER_INACTIVE,FAIR,N,N,N,N,N,N,N,N,N,NA,N,-1.0,-1.0,-1.0,-1.0,-1.0,-1.0,-1.0,-1.0,-1.0,-1.0,-1.0,-1.0,-1.0,-1.0,-1.0,-1.0,-1.0,-1.0,-1.0,-1.0,-1.0,-1.0,-1.0,-1.0,-1.0,-1.0,-1.0,-1.0,-1.0,-1.0,-1.0,-1.0,-1.0,-1.0,-1.0,-1.0,28409
M,WIDOWED,ESP,LOWER_SEC,THIN,TENANT_REDUCED,RETIRED,POOR,N,N,N,N,N,N,N,N,N,NA,N,-1.0,-1.0,-1.0,-1.0,-1.0,-1.0,-1.0,-1.0,-1.0,-1.0,-1.0,-1.0,-1.0,-1.0,-1.0,-1.0,-1.0,-1.0,-1.0,-1.0,-1.0,-1.0,-1.0,-1.0,-1.0,-1.0,-1.0,-1.0,-1.0,-1.0,-1.0,-1.0,-1.0,-1.0,-1.0,-1.0,35972
M,WIDOWED,ESP,PRIMARY,THIN,TENANT_REDUCED,RETIRED,FAIR,N,N,N,N,N,N,N,N,N,UNK,N,-1.0,-1.0,-1.0,-1.0,-1.0,-1.0,-1.0,-1.0,-1.0,-1.0,-1.0,-1.0,-1.0,-1.0,-1.0,-1.0,-1.0,-1.0,-1.0,-1.0,-1.0,-1.0,-1.0,-1.0,-1.0,-1.0,-1.0,-1.0,-1.0,-1.0,-1.0,-1.0,-1.0,-1.0,-1.0,-1.0,71948
M,DIVORCED,ITA,LOWER_SEC,THIN,TENANT_REDUCED,RETIRED,POOR,N,N,N,N,N,N,N,N,N,UNK,N,-1.0,-1.0,-1.0,-1.0,-1.0,-1.0,-1.0,-1.0,-1.0,-1.0,-1.0,-1.0,-1.0,-1.0,-1.0,-1.0,-1.0,-1.0,-1.0,-1.0,-1.0,-1.0,-1.0,-1.0,-1.0,-1.0,-1.0,-1.0,-1.0,-1.0,-1.0,-1.0,-1.0,-1.0,-1.0,-1.0,11166
M,WIDOWED,ESP,PRIMARY,THIN,TENANT_MARKET,RETIRED,POOR,N,N,N,N,N,N,N,N,N,UNK,N,-1.0,-1.0,-1.0,-1.0,-1.0,-1.0,-1.0,-1.0,-1.0,-1.0,-1.0,-1.0,-1.0,-1.0,-1.0,-1.0,-1.0,-1.0,-1.0,-1.0,-1.0,-1.0,-1.0,-1.0,-1.0,-1.0,-1.0,-1.0,-1.0,-1.0,-1.0,-1.0,-1.0,-1.0,-1.0,-1.0,84362
M,WIDOWED,ESP,PRIMARY,THIN,TENANT_MARKET,OTHER_INACTIVE,FAIR,N,N,N,N,N,N,N,N,N,NA,N,-1.0,-1.0,-1.0,-1.0,-1.0,-1.0,-1.0,-1.0,-1.0,-1.0,-1.0,-1.0,-1.0,-1.0,-1.0,-1.0,-1.0,-1.0,-1.0,-1.0,-1.0,-1.0,-1.0,-1.0,-1.0,-1.0,-1.0,-1.0,-1.0,-1.0,-1.0,-1.0,-1.0,-1.0,-1.0,-1.0,91803
M,WIDOWED,ITA,LOWER_SEC,THIN,TENANT_REDUCED,OTHER_INACTIVE,POOR,N,N,N,N,N,N,N,N,N,UNK,N,-1.0,-1.0,-1.0,-1.0,-1.0,-1.0,-1.0,-1.0,-1.0,-1.0,-1.0,-1.0,-1.0,-1.0,-1.0,-1.0,-1.0,-1.0,-1.0,-1.0,-1.0,-1.0,-1.0,-1.0,-1.0,-1.0,-1.0,-1.0,-1.0,-1.0,-1.0,-1.0,-1.0,-1.0,-1.0,-1.0,62783
M,WIDOWED,ITA,PRIMARY,THIN,TENANT_MARKET,OTHER_INACTIVE,FAIR,N,N,N,N,N,N,N,N,N,UNK,N,-1.0,-1.0,-1.0,-1.0,-1.0,-1.0,-1.0,-1.0,-1.0,-1.0,-1.0,-1.0,-1.0,-1.0,-1.0,-1.0,-1.0,-1.0,-1.0,-1.0,-1.0,-1.0,-1.0,-1.0,-1.0,-1.0,-1.0,-1.0,-1.0,-1.0,-1.0,-1.0,-1.0,-1.0,-1.0,-1.0,1004
M,DIVORCED,ITA,PRIMARY,THIN,TENANT_MARKET,OTHER_INACTIVE,POOR,N,N,N,N,N,N,N,N,N,UNK,N,-1.0,-1.0,-1.0,-1.0,-1.0,-1.0,-1.0,-1.0,-1.0,-1.0,-1.0,-1.0,-1.0,-1.0,-1.0,-1.0,-1.0,-1.0,-1.0,-1.0,-1.0,-1.0,-1.0,-1.0,-1.0,-1.0,-1.0,-1.0,-1.0,-1.0,-1.0,-1.0,-1.0,-1.0,-1.0,-1.0,144
M,DIVORCED,ESP,LOWER_SEC,THIN,TENANT_MARKET,RETIRED,FAIR,N,N,N,N,N,N,N,N,N,UNK,N,-1.0,-1.0,-1.0,-1.0,-1.0,-1.0,-1.0,-1.0,-1.0,-1.0,-1.0,-1.0,-1.0,-1.0,-1.0,-1.0,-1.0,-1.0,-1.0,-1.0,-1.0,-1.0,-1.0,-1.0,-1.0,-1.0,-1.0,-1.0,-1.0,-1.0,-1.0,-1.0,-1.0,-1.0,-1.0,-1.0,61559
M,WIDOWED,ITA,PRIMARY,THIN,TENANT_REDUCED,OTHER_INACTIVE,POOR,N,N,N,N,N,N,N,N,N,NA,N,-1.0,-1.0,-1.0,-1.0,-1.0,-1.0,-1.0,-1.0,-1.0,-1.0,-1.0,-1.0,-1.0,-1.0,-1.0,-1.0,-1.0,-1.0,-1.0,-1.0,-1.0,-1.0,-1.0,-1.0,-1.0,-1.0,-1.0,-1.0,-1.0,-1.0,-1.0,-1.0,-1.0,-1.0,-1.0,-1.0,34868
M,DIVORCED,ESP,LOWER_SEC,THIN,TENANT_REDUCED,RETIRED,POOR,N,N,N,N,N,N,N,N,N,NA,N,-1.0,-1.0,-1.0,-1.0,-1.0,-1.0,-1.0,-1.0,-1.0,-1.0,-1.0,-1.0,-1.0,-1.0,-1.0,-1.0,-1.0,-1.0,-1.0,-1.0,-1.0,-1.0,-1.0,-1.0,-1.0,-1.0,-1.0,-1.0,-1.0,-1.0,-1.0,-1.0,-1.0,-1.0,-1.0,-1.0,60117
M,WIDOWED,ESP,PRIMARY,THIN,TENANT_REDUCED,RETIRED,FAIR,N,N,N,N,N,N,N,N,N,UNK,N,-1.0,-1.0,-1.0,-1.0,-1.0,-1.0,-1.0,-1.0,-1.0,-1.0,-1.0,-1.0,-1.0,-1.0,-1.0,-1.0,-1.0,-1.0,-1.0,-1.0,-1.0,-1.0,-1.0,-1.0,-1.0,-1.0,-1.0,-1.0,-1.0,-1.0,-1.0,-1.0,-1.0,-1.0,-1.0,-1.0,54927
M,DIVORCED,ITA,LOWER_SEC,THIN,TENANT_REDUCED,RETIRED,POOR,N,N,N,N,N,N,N,N,N,UNK,N,-1.0,-1.0,-1.0,-1.0,-1.0,-1.0,-1.0,-1.0,-1.0,-1.0,-1.0,-1.0,-1.0,-1.0,-1.0,-1.0,-1.0,-1.0,-1.0,-1.0,-1.0,-1.0,-1.0,-1.0,-1.0,-1.0,-1.0,-1.0,-1.0,-1.0,-1.0,-1.0,-1.0,-1.0,-1.0,-1.0,78660
M,DIVORCED,ESP,PRIMARY,THIN,TENANT_MARKET,OTHER_INACTIVE,POOR,N,N,N,N,N,N,N,N,N,UNK,N,-1.0,-1.0,-1.0,-1.0,-1.0,-1.0,-1.0,-1.0,-1.0,-1.0,-1.0,-1.0,-1.0,-1.0,-1.0,-1.0,-1.0,-1.0,-1.0,-1.0,-1.0,-1.0,-1.0,-1.0,-1.0,-1.0,-1.0,-1.0,-1.0,-1.0,-1.0,-1.0,-1.0,-1.0,-1.0,-1.0,86167
M,WIDOWED,ESP,LOWER_SEC,THIN,TENANT_REDUCED,OTHER_INACTIVE,POOR,N,N,N,N,N,N,N,N,N,NA,N,-1.0,-1.0,-1.0,-1.0,-1.0,-1.0,-1.0,-1.0,-1.0,-1.0,-1.0,-1.0,-1.0,-1.0,-1.0,-1.0,-1.0,-1.0,-1.0,-1.0,-1.0,-1.0,-1.0,-1.0,-1.0,-1.0,-1.0,-1.0,-1.0,-1.0,-1.0,-1.0,-1.0,-1.0,-1.0,-1.0,87042
M,DIVORCED,ESP,PRIMARY,THIN,TENANT_REDUCED,RETIRED,FAIR,N,N,N,N,N,N,N,N,N,NA,N,-1.0,-1.0,-1.0,-1.0,-1.0,-1.0,-1.0,-1.0,-1.0,-1.0,-1.0,-1.0,-1.0,-1.0,-1.0,-1.0,-1.0,-1.0,-1.0,-1.0,-1.0,-1.0,-1.0,-1.0,-1.0,-1.0,-1.0,-1.0,-1.0,-1.0,-1.0,-1.0,-1.0,-1.0,-1.0,-1.0,41979
M,DIVORCED,ESP,LOWER_SEC,THIN,TENANT_MARKET,RETIRED,FAIR,N,N,N,N,N,N,N,N,N,NA,N,-1.0,-1.0,-1.0,-1.0,-1.0,-1.0,-1.0,-1.0,-1.0,-1.0,-1.0,-1.0,-1.0,-1.0,-1.0,-1.0,-1.0,-1.0,-1.0,-1.0,-1.0,-1.0,-1.0,-1.0,-1.0,-1.0,-1.0,-1.0,-1.0,-1.0,-1.0,-1.0,-1.0,-1.0,-1.0,-1.0,44031
M,DIVORCED,ESP,LOWER_SEC,THIN,TENANT_MARKET,RETIRED,POOR,N,N,N,N,N,N,N,N,N,NA,N,-1.0,-1.0,-1.0,-1.0,-1.0,-1.0,-1.0,-1.0,-1.0,-1.0,-1.0,-1.0,-1.0,-1.0,-1.0,-1.0,-1.0,-1.0,-1.0,-1.0,-1.0,-1.0,-1.0,-1.0,-1.0,-1.0,-1.0,-1.0,-1.0,-1.0,-1.0,-1.0,-1.0,-1.0,-1.0,-1.0,18394
M,WIDOWED,ITA,PRIMARY,THIN,TENANT_REDUCED,OTHER_INACTIVE,POOR,N,N,N,N,N,N,N,N,N,NA,N,-1.0,-1.0,-1.0,-1.0,-1.0,-1.0,-1.0,-1.0,-1.0,-1.0,-1.0,-1.0,-1.0,-1.0,-1.0,-1.0,-1.0,-1.0,-1.0,-1.0,-1.0,-1.0,-1.0,-1.0,-1.0,-1.0,-1.0,-1.0,-1.0,-1.0,-1.0,-1.0,-1.0,-1.0,-1.0,-1.0,65169
M,WIDOWED,ESP,LOWER_SEC,THIN,TENANT_MARKET,OTHER_INACTIVE,FAIR,N,N,N,N,N,N,N,N,N,UNK,N,-1.0,-1.0,-1.0,-1.0,-1.0,-1.0,-1.0,-1.0,-1.0,-1.0,-1.0,-1.0,-1.0,-1.0,-1.0,-1.0,-1.0,-1.0,-1.0,-1.0,-1.0,-1.0,-1.0,-1.0,-1.0,-1.0,-1.0,-1.0,-1.0,-1.0,-1.0,-1.0,-1.0,-1.0,-1.0,-1.0,90451
M,WIDOWED,ESP,PRIMARY,THIN,TENANT_MARKET,OTHER_INACTIVE,FAIR,N,N,N,N,N,N,N,N,N,NA,N,-1.0,-1.0,-1.0,-1.0,-1.0,-1.0,-1.0,-1.0,-1.0,-1.0,-1.0,-1.0,-1.0,-1.0,-1.0,-1.0,-1.0,-1.0,-1.0,-1.0,-1.0,-1.0,-1.0,-1.0,-1.0,-1.0,-1.0,-1.0,-1.0,-1.0,-1.0,-1.0,-1.0,-1.0,-1.0,-1.0,55721
M,WIDOWED,ESP,LOWER_SEC,THIN,TENANT_REDUCED,OTHER_INACTIVE,FAIR,N,N,N,N,N,N,N,N,N,NA,N,-1.0,-1.0,-1.0,-1.0,-1.0,-1.0,-1.0,-1.0,-1.0,-1.0,-1.0,-1.0,-1.0,-1.0,-1.0,-1.0,-1.0,-1.0,-1.0,-1.0,-1.0,-1.0,-1.0,-1.0,-1.0,-1.0,-1.0,-1.0,-1.0,-1.0,-1.0,-1.0,-1.0,-1.0,-1.0,-1.0,42397
M,WIDOWED,ESP,PRIMARY,THIN,TENANT_REDUCED,OTHER_INACTIVE,POOR,N,N,N,N,N,N,N,N,N,UNK,N,-1.0,-1.0,-1.0,-1.0,-1.0,-1.0,-1.0,-1.0,-1.0,-1.0,-1.0,-1.0,-1.0,-1.0,-1.0,-1.0,-1.0,-1.0,-1.0,-1.0,-1.0,-1.0,-1.0,-1.0,-1.0,-1.0,-1.0,-1.0,-1.0,-1.0,-1.0,-1.0,-1.0,-1.0,-1.0,-1.0,57779
M,WIDOWED,ESP,PRIMARY,THIN,TENANT_MARKET,RETIRED,POOR,N,N,N,N,N,N,N,N,N,NA,N,-1.0,-1.0,-1.0,-1.0,-1.0,-1.0,-1.0,-1.0,-1.0,-1.0,-1.0,-1.0,-1.0,-1.0,-1.0,-1.0,-1.0,-1.0,-1.0,-1.0,-1.0,-1.0,-1.0,-1.0,-1.0,-1.0,-1.0,-1.0,-1.0,-1.0,-1.0,-1.0,-1.0,-1.0,-1.0,-1.0,5714
M,DIVORCED,ESP,PRIMARY,THIN,TENANT_REDUCED,OTHER_INACTIVE,POOR,N,N,N,N,N,N,N,N,N,NA,N,-1.0,-1.0,-1.0,-1.0,-1.0,-1.0,-1.0,-1.0,-1.0,-1.0,-1.0,-1.0,-1.0,-1.0,-1.0,-1.0,-1.0,-1.0,-1.0,-1.0,-1.0,-1.0,-1.0,-1.0,-1.0,-1.0,-1.0,-1.0,-1.0,-1.0,-1.0,-1.0,-1.0,-1.0,-1.0,-1.0,83050
M,DIVORCED,ESP,LOWER_SEC,THIN,TENANT_REDUCED,RETIRED,FAIR,N,N,N,N,N,N,N,N,N,NA,N,-1.0,-1.0,-1.0,-1.0,-1.0,-1.0,-1.0,-1.0,-1.0,-1.0,-1.0,-1.0,-1.0,-1.0,-1.0,-1.0,-1.0,-1.0,-1.0,-1.0,-1.0,-1.0,-1.0,-1.0,-1.0,-1.0,-1.0,-1.0,-1.0,-1.0,-1.0,-1.0,-1.0,-1.0,-1.0,-1.0,50390
M,DIVORCED,ITA,PRIMARY,THIN,TENANT_MARKET,RETIRED,POOR,N,N,N,N,N,N,N,N,N,UNK,N,-1.0,-1.0,-1.0,-1.0,-1.0,-1.0,-1.0,-1.0,-1.0,-1.0,-1.0,-1.0,-1.0,-1.0,-1.0,-1.0,-1.0,-1.0,-1.0,-1.0,-1.0,-1.0,-1.0,-1.0,-1.0,-1.0,-1.0,-1.0,-1.0,-1.0,-1.0,-1.0,-1.0,-1.0,-1.0,-1.0,91395
M,WIDOWED,ITA,PRIMARY,THIN,TENANT_REDUCED,OTHER_INACTIVE,POOR,N,N,N,N,N,N,N,N,N,UNK,N,-1.0,-1.0,-1.0,-1.0,-1.0,-1.0,-1.0,-1.0,-1.0,-1.0,-1.0,-1.0,-1.0,-1.0,-1.0,-1.0,-1.0,-1.0,-1.0,-1.0,-1.0,-1.0,-1.0,-1.0,-1.0,-1.0,-1.0,-1.0,-1.0,-1.0,-1.0,-1.0,-1.0,-1.0,-1.0,-1.0,33343
M,DIVORCED,ESP,PRIMARY,THIN,TENANT_REDUCED,OTHER_INACTIVE,FAIR,N,N,N,N,N,N,N,N,N,NA,N,-1.0,-1.0,-1.0,-1.0,-1.0,-1.0,-1.0,-1.0,-1.0,-1.0,-1.0,-1.0,-1.0,-1.0,-1.0,-1.0,-1.0,-1.0,-1.0,-1.0,-1.0,-1.0,-1.0,-1.0,-1.0,-1.0,-1.0,-1.0,-1.0,-1.0,-1.0,-1.0,-1.0,-1.0,-1.0,-1.0,51333
M,WIDOWED,ITA,LOWER_SEC,THIN,TENANT_REDUCED,OTHER_INACTIVE,POOR,N,N,N,N,N,N,N,N,N,NA,N,-1.0,-1.0,-1.0,-1.0,-1.0,-1.0,-1.0,-1.0,-1.0,-1.0,-1.0,-1.0,-1.0,-1.0,-1.0,-1.0,-1.0,-1.0,-1.0,-1.0,-1.0,-1.0,-1.0,-1.0,-1.0,-1.0,-1.0,-1.0,-1.0,-1.0,-1.0,-1.0,-1.0,-1.0,-1.0,-1.0,78259
M,DIVORCED,ESP,LOWER_SEC,THIN,TENANT_REDUCED,RETIRED,POOR,N,N,N,N,N,N,N,N,N,NA,N,-1.0,-1.0,-1.0,-1.0,-1.0,-1.0,-1.0,-1.0,-1.0,-1.0,-1.0,-1.0,-1.0,-1.0,-1.0,-1.0,-1.0,-1.0,-1.0,-1.0,-1.0,-1.0,-1.0,-1.0,-1.0,-1.0,-1.0,-1.0,-1.0,-1.0,-1.0,-1.0,-1.0,-1.0,-1.0,-1.0,22573
M,DIVORCED,ESP,PRIMARY,THIN,TENANT_REDUCED,RETIRED,POOR,N,N,N,N,N,N,N,N,N,UNK,N,-1.0,-1.0,-1.0,-1.0,-1.0,-1.0,-1.0,-1.0,-1.0,-1.0,-1.0,-1.0,-1.0,-1.0,-1.0,-1.0,-1.0,-1.0,-1.0,-1.0,-1.0,-1.0,-1.0,-1.0,-1.0,-1.0,-1.0,-1.0,-1.0,-1.0,-1.0,-1.0,-1.0,-1.0,-1.0,-1.0,46446
M,DIVORCED,ITA,PRIMARY,THIN,TENANT_MARKET,RETIRED,FAIR,N,N,N,N,N,N,N,N,N,NA,N,-1.0,-1.0,-1.0,-1.0,-1.0,-1.0,-1.0,-1.0,-1.0,-1.0,-1.0,-1.0,-1.0,-1.0,-1.0,-1.0,-1.0,-1.0,-1.0,-1.0,-1.0,-1.0,-1.0,-1.0,-1.0,-1.0,-1.0,-1.0,-1.0,-1.0,-1.0,-1.0,-1.0,-1.0,-1.0,-1.0,81323
M,DIVORCED,ITA,LOWER_SEC,THIN,TENANT_MARKET,RETIRED,POOR,N,N,N,N,N,N,N,N,N,UNK,N,-1.0,-1.0,-1.0,-1.0,-1.0,-1.0,-1.0,-1.0,-1.0,-1.0,-1.0,-1.0,-1.0,-1.0,-1.0,-1.0,-1.0,-1.0,-1.0,-1.0,-1.0,-1.0,-1.0,-1.0,-1.0,-1.0,-1.0,-1.0,-1.0,-1.0,-1.0,-1.0,-1.0,-1.0,-1.0,-1.0,24010
M,DIVORCED,ITA,PRIMARY,THIN,TENANT_MARKET,RETIRED,POOR,N,N,N,N,N,N,N,N,N,UNK,N,-1.0,-1.0,-1.0,-1.0,-1.0,-1.0,-1.0,-1.0,-1.0,-1.0,-1.0,-1.0,-1.0,-1.0,-1.0,-1.0,-1.0,-1.0,-1.0,-1.0,-1.0,-1.0,-1.0,-1.0,-1.0,-1.0,-1.0,-1.0,-1.0,-1.0,-1.0,-1.0,-1.0,-1.0,-1.0,-1.0,10276
M,WIDOWED,ESP,PRIMARY,THIN,TENANT_MARKET,OTHER_INACTIVE,FAIR,N,N,N,N,N,N,N,N,N,UNK,N,-1.0,-1.0,-1.0,-1.0,-1.0,-1.0,-1.0,-1.0,-1.0,-1.0,-1.0,-1.0,-1.0,-1.0,-1.0,-1.0,-1.0,-1.0,-1.0,-1.0,-1.0,-1.0,-1.0,-1.0,-1.0,-1.0,-1.0,-1.0,-1.0,-1.0,-1.0,-1.0,-1.0,-1.0,-1.0,-1.0,50499
M,DIVORCED,ITA,PRIMARY,THIN,TENANT_REDUCED,OTHER_INACTIVE,FAIR,N,N,N,N,N,N,N,N,N,UNK,N,-1.0,-1.0,-1.0,-1.0,-1.0,-1.0,-1.0,-1.0,-1.0,-1.0,-1.0,-1.0,-1.0,-1.0,-1.0,-1.0,-1.0,-1.0,-1.0,-1.0,-1.0,-1.0,-1.0,-1.0,-1.0,-1.0,-1.0,-1.0,-1.0,-1.0,-1.0,-1.0,-1.0,-1.0,-1.0,-1.0,1851
M,WIDOWED,ITA,LOWER_SEC,THIN,TENANT_MARKET,RETIRED,FAIR,N,N,N,N,N,N,N,N,N,NA,N,-1.0,-1.0,-1.0,-1.0,-1.0,-1.0,-1.0,-1.0,-1.0,-1.0,-1.0,-1.0,-1.0,-1.0,-1.0,-1.0,-1.0,-1.0,-1.0,-1.0,-1.0,-1.0,-1.0,-1.0,-1.0,-1.0,-1.0,-1.0,-1.0,-1.0,-1.0,-1.0,-1.0,-1.0,-1.0,-1.0,88760
M,WIDOWED,ITA,LOWER_SEC,THIN,TENANT_MARKET,OTHER_INACTIVE,FAIR,N,N,N,N,N,N,N,N,N,NA,N,-1.0,-1.0,-1.0,-1.0,-1.0,-1.0,-1.0,-1.0,-1.0,-1.0,-1.0,-1.0,-1.0,-1.0,-1.0,-1.0,-1.0,-1.0,-1.0,-1.0,-1.0,-1.0,-1.0,-1.0,-1.0,-1.0,-1.0,-1.0,-1.0,-1.0,-1.0,-1.0,-1.0,-1.0,-1.0,-1.0,39031
M,DIVORCED,ITA,LOWER_SEC,THIN,TENANT_MARKET,RETIRED,POOR,N,N,N,N,N,N,N,N,N,NA,N,-1.0,-1.0,-1.0,-1.0,-1.0,-1.0,-1.0,-1.0,-1.0,-1.0,-1.0,-1.0,-1.0,-1.0,-1.0,-1.0,-1.0,-1.0,-1.0,-1.0,-1.0,-1.0,-1.0,-1.0,-1.0,-1.0,-1.0,-1.0,-1.0,-1.0,-1.0,-1.0,-1.0,-1.0,-1.0,-1.0,38379
M,WIDOWED,ESP,LOWER_SEC,THIN,TENANT_MARKET,OTHER_INACTIVE,FAIR,N,N,N,N,N,N,N,N,N,NA,N,-1.0,-1.0,-1.0,-1.0,-1.0,-1.0,-1.0,-1.0,-1.0,-1.0,-1.0,-1.0,-1.0,-1.0,-1.0,-1.0,-1.0,-1.0,-1.0,-1.0,-1.0,-1.0,-1.0,-1.0,-1.0,-1.0,-1.0,-1.0,-1.0,-1.0,-1.0,-1.0,-1.0,-1.0,-1.0,-1.0,2071
M,DIVORCED,ITA,PRIMARY,THIN,TENANT_REDUCED,OTHER_INACTIVE,FAIR,N,N,N,N,N,N,N,N,N,NA,N,-1.0,-1.0,-1.0,-1.0,-1.0,-1.0,-1.0,-1.0,-1.0,-1.0,-1.0,-1.0,-1.0,-1.0,-1.0,-1.0,-1.0,-1.0,-1.0,-1.0,-1.0,-1.0,-1.0,-1.0,-1.0,-1.0,-1.0,-1.0,-1.0,-1.0,-1.0,-1.0,-1.0,-1.0,-1.0,-1.0,20544
M,DIVORCED,ESP,LOWER_SEC,THIN,TENANT_REDUCED,RETIRED,POOR,N,N,N,N,N,N,N,N,N,UNK,N,-1.0,-1.0,-1.0,-1.0,-1.0,-1.0,-1.0,-1.0,-1.0,-1.0,-1.0,-1.0,-1.0,-1.0,-1.0,-1.0,-1.0,-1.0,-1.0,-1.0,-1.0,-1.0,-1.0,-1.0,-1.0,-1.0,-1.0,-1.0,-1.0,-1.0,-1.0,-1.0,-1.0,-1.0,-1.0,-1.0,45385
M,WIDOWED,ITA,LOWER_SEC,THIN,TENANT_REDUCED,OTHER_INACTIVE,FAIR,N,N,N,N,N,N,N,N,N,UNK,N,-1.0,-1.0,-1.0,-1.0,-1.0,-1.0,-1.0,-1.0,-1.0,-1.0,-1.0,-1.0,-1.0,-1.0,-1.0,-1.0,-1.0,-1.0,-1.0,-1.0,-1.0,-1.0,-1.0,-1.0,-1.0,-1.0,-1.0,-1.0,-1.0,-1.0,-1.0,-1.0,-1.0,-1.0,-1.0,-1.0,7247
M,WIDOWED,ESP,PRIMARY,THIN,TENANT_MARKET,RETIRED,FAIR,N,N,N,N,N,N,N,N,N,NA,N,-1.0,-1.0,-1.0,-1.0,-1.0,-1.0,-1.0,-1.0,-1.0,-1.0,-1.0,-1.0,-1.0,-1.0,-1.0,-1.0,-1.0,-1.0,-1.0,-1.0,-1.0,-1.0,-1.0,-1.0,-1.0,-1.0,-1.0,-1.0,-1.0,-1.0,-1.0,-1.0,-1.0,-1.0,-1.0,-1.0,55570
M,DIVORCED,ITA,LOWER_SEC,THIN,TENANT_REDUCED,RETIRED,FAIR,N,N,N,N,N,N,N,N,N,UNK,N,-1.0,-1.0,-1.0,-1.0,-1.0,-1.0,-1.0,-1.0,-1.0,-1.0,-1.0,-1.0,-1.0,-1.0,-1.0,-1.0,-1.0,-1.0,-1.0,-1.0,-1.0,-1.0,-1.0,-1.0,-1.0,-1.0,-1.0,-1.0,-1.0,-1.0,-1.0,-1.0,-1.0,-1.0,-1.0,-1.0,19517
M,DIVORCED,ITA,LOWER_SEC,THIN,TENANT_MARKET,RETIRED,FAIR,N,N,N,N,N,N,N,N,N,NA,N,-1.0,-1.0,-1.0,-1.0,-1.0,-1.0,-1.0,-1.0,-1.0,-1.0,-1.0,-1.0,-1.0,-1.0,-1.0,-1.0,-1.0,-1.0,-1.0,-1.0,-1.0,-1.0,-1.0,-1.0,-1.0,-1.0,-1.0,-1.0,-1.0,-1.0,-1.0,-1.0,-1.0,-1.0,-1.0,-1.0,32183
M,DIVORCED,ESP,PRIMARY,THIN,TENANT_REDUCED,OTHER_INACTIVE,FAIR,N,N,N,N,N,N,N,N,N,UNK,N,-1.0,-1.0,-1.0,-1.0,-1.0,-1.0,-1.0,-1.0,-1.0,-1.0,-1.0,-1.0,-1.0,-1.0,-1.0,-1.0,-1.0,-1.0,-1.0,-1.0,-1.0,-1.0,-1.0,-1.0,-1.0,-1.0,-1.0,-1.0,-1.0,-1.0,-1.0,-1.0,-1.0,-1.0,-1.0,-1.0,59868
M,WIDOWED,ITA,PRIMARY,THIN,TENANT_MARKET,OTHER_INACTIVE,FAIR,N,N,N,N,N,N,N,N,N,UNK,N,-1.0,-1.0,-1.0,-1.0,-1.0,-1.0,-1.0,-1.0,-1.0,-1.0,-1.0,-1.0,-1.0,-1.0,-1.0,-1.0,-1.0,-1.0,-1.0,-1.0,-1.0,-1.0,-1.0,-1.0,-1.0,-1.0,-1.0,-1.0,-1.0,-1.0,-1.0,-1.0,-1.0,-1.0,-1.0,-1.0,34019
M,WIDOWED,ESP,LOWER_SEC,THIN,TENANT_REDUCED,OTHER_INACTIVE,POOR,N,N,N,N,N,N,N,N,N,NA,N,-1.0,-1.0,-1.0,-1.0,-1.0,-1.0,-1.0,-1.0,-1.0,-1.0,-1.0,-1.0,-1.0,-1.0,-1.0,-1.0,-1.0,-1.0,-1.0,-1.0,-1.0,-1.0,-1.0,-1.0,-1.0,-1.0,-1.0,-1.0,-1.0,-1.0,-1.0,-1.0,-1.0,-1.0,-1.0,-1.0,98315
M,WIDOWED,ITA,PRIMARY,THIN,TENANT_MARKET,RETIRED,POOR,N,N,N,N,N,N,N,N,N,NA,N,-1.0,-1.0,-1.0,-1.0,-1.0,-1.0,-1.0,-1.0,-1.0,-1.0,-1.0,-1.0,-1.0,-1.0,-1.0,-1.0,-1.0,-1.0,-1.0,-1.0,-1.0,-1.0,-1.0,-1.0,-1.0,-1.0,-1.0,-1.0,-1.0,-1.0,-1.0,-1.0,-1.0,-1.0,-1.0,-1.0,71365
M,WIDOWED,ITA,LOWER_SEC,THIN,TENANT_MARKET,OTHER_INACTIVE,POOR,N,N,N,N,N,N,N,N,N,NA,N,-1.0,-1.0,-1.0,-1.0,-1.0,-1.0,-1.0,-1.0,-1.0,-1.0,-1.0,-1.0,-1.0,-1.0,-1.0,-1.0,-1.0,-1.0,-1.0,-1.0,-1.0,-1.0,-1.0,-1.0,-1.0,-1.0,-1.0,-1.0,-1.0,-1.0,-1.0,-1.0,-1.0,-1.0,-1.0,-1.0,38910
M,DIVORCED,ESP,PRIMARY,THIN,TENANT_REDUCED,RETIRED,FAIR,N,N,N,N,N,N,N,N,N,UNK,N,-1.0,-1.0,-1.0,-1.0,-1.0,-1.0,-1.0,-1.0,-1.0,-1.0,-1.0,-1.0,-1.0,-1.0,-1.0,-1.0,-1.0,-1.0,-1.0,-1.0,-1.0,-1.0,-1.0,-1.0,-1.0,-1.0,-1.0,-1.0,-1.0,-1.0,-1.0,-1.0,-1.0,-1.0,-1.0,-1.0,3567
M,WIDOWED,ESP,PRIMARY,THIN,TENANT_REDUCED,RETIRED,FAIR,N,N,N,N,N,N,N,N,N,NA,N,-1.0,-1.0,-1.0,-1.0,-1.0,-1.0,-1.0,-1.0,-1.0,-1.0,-1.0,-1.0,-1.0,-1.0,-1.0,-1.0,-1.0,-1.0,-1.0,-1.0,-1.0,-1.0,-1.0,-1.0,-1.0,-1.0,-1.0,-1.0,-1.0,-1.0,-1.0,-1.0,-1.0,-1.0,-1.0,-1.0,45157
M,DIVORCED,ITA,LOWER_SEC,THIN,TENANT_MARKET,OTHER_INACTIVE,POOR,N,N,N,N,N,N,N,N,N,NA,N,-1.0,-1.0,-1.0,-1.0,-1.0,-1.0,-1.0,-1.0,-1.0,-1.0,-1.0,-1.0,-1.0,-1.0,-1.0,-1.0,-1.0,-1.0,-1.0,-1.0,-1.0,-1.0,-1.0,-1.0,-1.0,-1.0,-1.0,-1.0,-1.0,-1.0,-1.0,-1.0,-1.0,-1.0,-1.0,-1.0,22327
M,DIVORCED,ESP,PRIMARY,THIN,TENANT_MARKET,RETIRED,FAIR,N,N,N,N,N,N,N,N,N,UNK,N,-1.0,-1.0,-1.0,-1.0,-1.0,-1.0,-1.0,-1.0,-1.0,-1.0,-1.0,-1.0,-1.0,-1.0,-1.0,-1.0,-1.0,-1.0,-1.0,-1.0,-1.0,-1.0,-1.0,-1.0,-1.0,-1.0,-1.0,-1.0,-1.0,-1.0,-1.0,-1.0,-1.0,-1.0,-1.0,-1.0,81826
M,WIDOWED,ITA,LOWER_SEC,THIN,TENANT_REDUCED,RETIRED,FAIR,N,N,N,N,N,N,N,N,N,NA,N,-1.0,-1.0,-1.0,-1.0,-1.0,-1.0,-1.0,-1.0,-1.0,-1.0,-1.0,-1.0,-1.0,-1.0,-1.0,-1.0,-1.0,-1.0,-1.0,-1.0,-1.0,-1.0,-1.0,-1.0,-1.0,-1.0,-1.0,-1.0,-1.0,-1.0,-1.0,-1.0,-1.0,-1.0,-1.0,-1.0,27691
M,WIDOWED,ITA,LOWER_SEC,THIN,TENANT_MARKET,RETIRED,FAIR,N,N,N,N,N,N,N,N,N,UNK,N,-1.0,-1.0,-1.0,-1.0,-1.0,-1.0,-1.0,-1.0,-1.0,-1.0,-1.0,-1.0,-1.0,-1.0,-1.0,-1.0,-1.0,-1.0,-1.0,-1.0,-1.0,-1.0,-1.0,-1.0,-1.0,-1.0,-1.0,-1.0,-1.0,-1.0,-1.0,-1.0,-1.0,-1.0,-1.0,-1.0,63964
M,DIVORCED,ITA,LOWER_SEC,THIN,TENANT_MARKET,RETIRED,FAIR,N,N,N,N,N,N,N,N,N,NA,N,-1.0,-1.0,-1.0,-1.0,-1.0,-1.0,-1.0,-1.0,-1.0,-1.0,-1.0,-1.0,-1.0,-1.0,-1.0,-1.0,-1.0,-1.0,-1.0,-1.0,-1.0,-1.0,-1.0,-1.0,-1.0,-1.0,-1.0,-1.0,-1.0,-1.0,-1.0,-1.0,-1.0,-1.0,-1.0,-1.0,29073
M,WIDOWED,ITA,LOWER_SEC,THIN,TENANT_REDUCED,OTHER_INACTIVE,POOR,N,N,N,N,N,N,N,N,N,UNK,N,-1.0,-1.0,-1.0,-1.0,-1.0,-1.0,-1.0,-1.0,-1.0,-1.0,-1.0,-1.0,-1.0,-1.0,-1.0,-1.0,-1.0,-1.0,-1.0,-1.0,-1.0,-1.0,-1.0,-1.0,-1.0,-1.0,-1.0,-1.0,-1.0,-1.0,-1.0,-1.0,-1.0,-1.0,-1.0,-1.0,65998
M,WIDOWED,ESP,LOWER_SEC,THIN,TENANT_MARKET,OTHER_INACTIVE,POOR,N,N,N,N,N,N,N,N,N,NA,N,-1.0,-1.0,-1.0,-1.0,-1.0,-1.0,-1.0,-1.0,-1.0,-1.0,-1.0,-1.0,-1.0,-1.0,-1.0,-1.0,-1.0,-1.0,-1.0,-1.0,-1.0,-1.0,-1.0,-1.0,-1.0,-1.0,-1.0,-1.0,-1.0,-1.0,-1.0,-1.0,-1.0,-1.0,-1.0,-1.0,73093
M,WIDOWED,ESP,PRIMARY,THIN,TENANT_MARKET,RETIRED,FAIR,N,N,N,N,N,N,N,N,N,NA,N,-1.0,-1.0,-1.0,-1.0,-1.0,-1.0,-1.0,-1.0,-1.0,-1.0,-1.0,-1.0,-1.0,-1.0,-1.0,-1.0,-1.0,-1.0,-1.0,-1.0,-1.0,-1.0,-1.0,-1.0,-1.0,-1.0,-1.0,-1.0,-1.0,-1.0,-1.0,-1.0,-1.0,-1.0,-1.0,-1.0,41726
M,DIVORCED,ESP,PRIMARY,THIN,TENANT_MARKET,RETIRED,FAIR,N,N,N,N,N,N,N,N,N,UNK,N,-1.0,-1.0,-1.0,-1.0,-1.0,-1.0,-1.0,-1.0,-1.0,-1.0,-1.0,-1.0,-1.0,-1.0,-1.0,-1.0,-1.0,-1.0,-1.0,-1.0,-1.0,-1.0,-1.0,-1.0,-1.0,-1.0,-1.0,-1.0,-1.0,-1.0,-1.0,-1.0,-1.0,-1.0,-1.0,-1.0,73716
M,DIVORCED,ESP,PRIMARY,THIN,TENANT_REDUCED,RETIRED,POOR,N,N,N,N,N,N,N,N,N,NA,N,-1.0,-1.0,-1.0,-1.0,-1.0,-1.0,-1.0,-1.0,-1.0,-1.0,-1.0,-1.0,-1.0,-1.0,-1.0,-1.0,-1.0,-1.0,-1.0,-1.0,-1.0,-1.0,-1.0,-1.0,-1.0,-1.0,-1.0,-1.0,-1.0,-1.0,-1.0,-1.0,-1.0,-1.0,-1.0,-1.0,90756
M,DIVORCED,ESP,LOWER_SEC,THIN,TENANT_MARKET,RETIRED,POOR,N,N,N,N,N,N,N,N,N,NA,N,-1.0,-1.0,-1.0,-1.0,-1.0,-1.0,-1.0,-1.0,-1.0,-1.0,-1.0,-1.0,-1.0,-1.0,-1.0,-1.0,-1.0,-1.0,-1.0,-1.0,-1.0,-1.0,-1.0,-1.0,-1.0,-1.0,-1.0,-1.0,-1.0,-1.0,-1.0,-1.0,-1.0,-1.0,-1.0,-1.0,56870
M,WIDOWED,ITA,LOWER_SEC,THIN,TENANT_REDUCED,OTHER_INACTIVE,POOR,N,N,N,N,N,N,N,N,N,NA,N,-1.0,-1.0,-1.0,-1.0,-1.0,-1.0,-1.0,-1.0,-1.0,-1.0,-1.0,-1.0,-1.0,-1.0,-1.0,-1.0,-1.0,-1.0,-1.0,-1.0,-1.0,-1.0,-1.0,-1.0,-1.0,-1.0,-1.0,-1.0,-1.0,-1.0,-1.0,-1.0,-1.0,-1.0,-1.0,-1.0,57570
M,WIDOWED,ITA,LOWER_SEC,THIN,TENANT_MARKET,OTHER_INACTIVE,POOR,N,N,N,N,N,N,N,N,N,NA,N,-1.0,-1.0,-1.0,-1.0,-1.0,-1.0,-1.0,-1.0,-1.0,-1.0,-1.0,-1.0,-1.0,-1.0,-1.0,-1.0,-1.0,-1.0,-1.0,-1.0,-1.0,-1.0,-1.0,-1.0,-1.0,-1.0,-1.0,-1.0,-1.0,-1.0,-1.0,-1.0,-1.0,-1.0,-1.0,-1.0,5103
M,WIDOWED,ITA,PRIMARY,THIN,TENANT_MARKET,RETIRED,FAIR,N,N,N,N,N,N,N,N,N,NA,N,-1.0,-1.0,-1.0,-1.0,-1.0,-1.0,-1.0,-1.0,-1.0,-1.0,-1.0,-1.0,-1.0,-1.0,-1.0,-1.0,-1.0,-1.0,-1.0,-1.0,-1.0,-1.0,-1.0,-1.0,-1.0,-1.0,-1.0,-1.0,-1.0,-1.0,-1.0,-1.0,-1.0,-1.0,-1.0,-1.0,4619
M,DIVORCED,ESP,PRIMARY,THIN,TENANT_REDUCED,OTHER_INACTIVE,FAIR,N,N,N,N,N,N,N,N,N,NA,N,-1.0,-1.0,-1.0,-1.0,-1.0,-1.0,-1.0,-1.0,-1.0,-1.0,-1.0,-1.0,-1.0,-1.0,-1.0,-1.0,-1.0,-1.0,-1.0,-1.0,-1.0,-1.0,-1.0,-1.0,-1.0,-1.0,-1.0,-1.0,-1.0,-1.0,-1.0,-1.0,-1.0,-1.0,-1.0,-1.0,81411
M,WIDOWED,ITA,PRIMARY,THIN,TENANT_REDUCED,RETIRED,POOR,N,N,N,N,N,N,N,N,N,NA,N,-1.0,-1.0,-1.0,-1.0,-1.0,-1.0,-1.0,-1.0,-1.0,-1.0,-1.0,-1.0,-1.0,-1.0,-1.0,-1.0,-1.0,-1.0,-1.0,-1.0,-1.0,-1.0,-1.0,-1.0,-1.0,-1.0,-1.0,-1.0,-1.0,-1.0,-1.0,-1.0,-1.0,-1.0,-1.0,-1.0,27354
M,WIDOWED,ITA,PRIMARY,THIN,TENANT_REDUCED,RETIRED,POOR,N,N,N,N,N,N,N,N,N,UNK,N,-1.0,-1.0,-1.0,-1.0,-1.0,-1.0,-1.0,-1.0,-1.0,-1.0,-1.0,-1.0,-1.0,-1.0,-1.0,-1.0,-1.0,-1.0,-1.0,-1.0,-1.0,-1.0,-1.0,-1.0,-1.0,-1.0,-1.0,-1.0,-1.0,-1.0,-1.0,-1.0,-1.0,-1.0,-1.0,-1.0,58952
M,DIVORCED,ESP,LOWER_SEC,THIN,TENANT_MARKET,OTHER_INACTIVE,POOR,N,N,N,N,N,N,N,N,N,NA,N,-1.0,-1.0,-1.0,-1.0,-1.0,-1.0,-1.0,-1.0,-1.0,-1.0,-1.0,-1.0,-1.0,-1.0,-1.0,-1.0,-1.0,-1.0,-1.0,-1.0,-1.0,-1.0,-1.0,-1.0,-1.0,-1.0,-1.0,-1.0,-1.0,-1.0,-1.0,-1.0,-1.0,-1.0,-1.0,-1.0,53066
M,DIVORCED,ESP,PRIMARY,THIN,TENANT_MARKET,RETIRED,FAIR,N,N,N,N,N,N,N,N,N,UNK,N,-1.0,-1.0,-1.0,-1.0,-1.0,-1.0,-1.0,-1.0,-1.0,-1.0,-1.0,-1.0,-1.0,-1.0,-1.0,-1.0,-1.0,-1.0,-1.0,-1.0,-1.0,-1.0,-1.0,-1.0,-1.0,-1.0,-1.0,-1.0,-1.0,-1.0,-1.0,-1.0,-1.0,-1.0,-1.0,-1.0,58979
M,WIDOWED,ITA,PRIMARY,THIN,TENANT_REDUCED,RETIRED,POOR,N,N,N,N,N,N,N,N,N,UNK,N,-1.0,-1.0,-1.0,-1.0,-1.0,-1.0,-1.0,-1.0,-1.0,-1.0,-1.0,-1.0,-1.0,-1.0,-1.0,-1.0,-1.0,-1.0,-1.0,-1.0,-1.0,-1.0,-1.0,-1.0,-1.0,-1.0,-1.0,-1.0,-1.0,-1.0,-1.0,-1.0,-1.0,-1.0,-1.0,-1.0,44135
M,WIDOWED,ESP,PRIMARY,THIN,TENANT_REDUCED,RETIRED,POOR,N,N,N,N,N,N,N,N,N,NA,N,-1.0,-1.0,-1.0,-1.0,-1.0,-1.0,-1.0,-1.0,-1.0,-1.0,-1.0,-1.0,-1.0,-1.0,-1.0,-1.0,-1.0,-1.0,-1.0,-1.0,-1.0,-1.0,-1.0,-1.0,-1.0,-1.0,-1.0,-1.0,-1.0,-1.0,-1.0,-1.0,-1.0,-1.0,-1.0,-1.0,91003
M,WIDOWED,ESP,PRIMARY,THIN,TENANT_REDUCED,OTHER_INACTIVE,FAIR,N,N,N,N,N,N,N,N,N,UNK,N,-1.0,-1.0,-1.0,-1.0,-1.0,-1.0,-1.0,-1.0,-1.0,-1.0,-1.0,-1.0,-1.0,-1.0,-1.0,-1.0,-1.0,-1.0,-1.0,-1.0,-1.0,-1.0,-1.0,-1.0,-1.0,-1.0,-1.0,-1.0,-1.0,-1.0,-1.0,-1.0,-1.0,-1.0,-1.0,-1.0,73531
M,DIVORCED,ESP,LOWER_SEC,THIN,TENANT_REDUCED,RETIRED,POOR,N,N,N,N,N,N,N,N,N,UNK,N,-1.0,-1.0,-1.0,-1.0,-1.0,-1.0,-1.0,-1.0,-1.0,-1.0,-1.0,-1.0,-1.0,-1.0,-1.0,-1.0,-1.0,-1.0,-1.0,-1.0,-1.0,-1.0,-1.0,-1.0,-1.0,-1.0,-1.0,-1.0,-1.0,-1.0,-1.0,-1.0,-1.0,-1.0,-1.0,-1.0,67393
M,WIDOWED,ITA,PRIMARY,THIN,TENANT_REDUCED,RETIRED,POOR,N,N,N,N,N,N,N,N,N,UNK,N,-1.0,-1.0,-1.0,-1.0,-1.0,-1.0,-1.0,-1.0,-1.0,-1.0,-1.0,-1.0,-1.0,-1.0,-1.0,-1.0,-1.0,-1.0,-1.0,-1.0,-1.0,-1.0,-1.0,-1.0,-1.0,-1.0,-1.0,-1.0,-1.0,-1.0,-1.0,-1.0,-1.0,-1.0,-1.0,-1.0,78786
M,DIVORCED,ITA,LOWER_SEC,THIN,TENANT_REDUCED,RETIRED,POOR,N,N,N,N,N,N,N,N,N,NA,N,-1.0,-1.0,-1.0,-1.0,-1.0,-1.0,-1.0,-1.0,-1.0,-1.0,-1.0,-1.0,-1.0,-1.0,-1.0,-1.0,-1.0,-1.0,-1.0,-1.0,-1.0,-1.0,-1.0,-1.0,-1.0,-1.0,-1.0,-1.0,-1.0,-1.0,-1.0,-1.0,-1.0,-1.0,-1.0,-1.0,25468
M,DIVORCED,ESP,PRIMARY,THIN,TENANT_MARKET,OTHER_INACTIVE,POOR,N,N,N,N,N,N,N,N,N,UNK,N,-1.0,-1.0,-1.0,-1.0,-1.0,-1.0,-1.0,-1.0,-1.0,-1.0,-1.0,-1.0,-1.0,-1.0,-1.0,-1.0,-1.0,-1.0,-1.0,-1.0,-1.0,-1.0,-1.0,-1.0,-1.0,-1.0,-1.0,-1.0,-1.0,-1.0,-1.0,-1.0,-1.0,-1.0,-1.0,-1.0,11637
M,DIVORCED,ESP,LOWER_SEC,THIN,TENANT_REDUCED,OTHER_INACTIVE,POOR,N,N,N,N,N,N,N,N,N,UNK,N,-1.0,-1.0,-1.0,-1.0,-1.0,-1.0,-1.0,-1.0,-1.0,-1.0,-1.0,-1.0,-1.0,-1.0,-1.0,-1.0,-1.0,-1.0,-1.0,-1.0,-1.0,-1.0,-1.0,-1.0,-1.0,-1.0,-1.0,-1.0,-1.0,-1.0,-1.0,-1.0,-1.0,-1.0,-1.0,-1.0,70541
M,DIVORCED,ESP,PRIMARY,THIN,TENANT_REDUCED,OTHER_INACTIVE,POOR,N,N,N,N,N,N,N,N,N,UNK,N,-1.0,-1.0,-1.0,-1.0,-1.0,-1.0,-1.0,-1.0,-1.0,-1.0,-1.0,-1.0,-1.0,-1.0,-1.0,-1.0,-1.0,-1.0,-1.0,-1.0,-1.0,-1.0,-1.0,-1.0,-1.0,-1.0,-1.0,-1.0,-1.0,-1.0,-1.0,-1.0,-1.0,-1.0,-1.0,-1.0,98729
M,WIDOWED,ESP,PRIMARY,THIN,TENANT_REDUCED,OTHER_INACTIVE,FAIR,N,N,N,N,N,N,N,N,N,UNK,N,-1.0,-1.0,-1.0,-1.0,-1.0,-1.0,-1.0,-1.0,-1.0,-1.0,-1.0,-1.0,-1.0,-1.0,-1.0,-1.0,-1.0,-1.0,-1.0,-1.0,-1.0,-1.0,-1.0,-1.0,-1.0,-1.0,-1.0,-1.0,-1.0,-1.0,-1.0,-1.0,-1.0,-1.0,-1.0,-1.0,26178
M,DIVORCED,ITA,PRIMARY,THIN,TENANT_MARKET,RETIRED,FAIR,N,N,N,N,N,N,N,N,N,NA,N,-1.0,-1.0,-1.0,-1.0,-1.0,-1.0,-1.0,-1.0,-1.0,-1.0,-1.0,-1.0,-1.0,-1.0,-1.0,-1.0,-1.0,-1.0,-1.0,-1.0,-1.0,-1.0,-1.0,-1.0,-1.0,-1.0,-1.0,-1.0,-1.0,-1.0,-1.0,-1.0,-1.0,-1.0,-1.0,-1.0,97631
M,WIDOWED,ESP,LOWER_SEC,THIN,TENANT_REDUCED,OTHER_INACTIVE,FAIR,N,N,N,N,N,N,N,N,N,UNK,N,-1.0,-1.0,-1.0,-1.0,-1.0,-1.0,-1.0,-1.0,-1.0,-1.0,-1.0,-1.0,-1.0,-1.0,-1.0,-1.0,-1.0,-1.0,-1.0,-1.0,-1.0,-1.0,-1.0,-1.0,-1.0,-1.0,-1.0,-1.0,-1.0,-1.0,-1.0,-1.0,-1.0,-1.0,-1.0,-1.0,3789
M,DIVORCED,ITA,LOWER_SEC,THIN,TENANT_REDUCED,OTHER_INACTIVE,FAIR,N,N,N,N,N,N,N,N,N,UNK,N,-1.0,-1.0,-1.0,-1.0,-1.0,-1.0,-1.0,-1.0,-1.0,-1.0,-1.0,-1.0,-1.0,-1.0,-1.0,-1.0,-1.0,-1.0,-1.0,-1.0,-1.0,-1.0,-1.0,-1.0,-1.0,-1.0,-1.0,-1.0,-1.0,-1.0,-1.0,-1.0,-1.0,-1.0,-1.0,-1.0,55888
M,WIDOWED,ESP,PRIMARY,THIN,TENANT_REDUCED,RETIRED,POOR,N,N,N,N,N,N,N,N,N,UNK,N,-1.0,-1.0,-1.0,-1.0,-1.0,-1.0,-1.0,-1.0,-1.0,-1.0,-1.0,-1.0,-1.0,-1.0,-1.0,-1.0,-1.0,-1.0,-1.0,-1.0,-1.0,-1.0,-1.0,-1.0,-1.0,-1.0,-1.0,-1.0,-1.0,-1.0,-1.0,-1.0,-1.0,-1.0,-1.0,-1.0,48348
M,WIDOWED,ESP,LOWER_SEC,THIN,TENANT_REDUCED,RETIRED,FAIR,N,N,N,N,N,N,N,N,N,UNK,N,-1.0,-1.0,-1.0,-1.0,-1.0,-1.0,-1.0,-1.0,-1.0,-1.0,-1.0,-1.0,-1.0,-1.0,-1.0,-1.0,-1.0,-1.0,-1.0,-1.0,-1.0,-1.0,-1.0,-1.0,-1.0,-1.0,-1.0,-1.0,-1.0,-1.0,-1.0,-1.0,-1.0,-1.0,-1.0,-1.0,89183
M,WIDOWED,ITA,LOWER_SEC,THIN,TENANT_REDUCED,RETIRED,POOR,N,N,N,N,N,N,N,N,N,UNK,N,-1.0,-1.0,-1.0,-1.0,-1.0,-1.0,-1.0,-1.0,-1.0,-1.0,-1.0,-1.0,-1.0,-1.0,-1.0,-1.0,-1.0,-1.0,-1.0,-1.0,-1.0,-1.0,-1.0,-1.0,-1.0,-1.0,-1.0,-1.0,-1.0,-1.0,-1.0,-1.0,-1.0,-1.0,-1.0,-1.0,27947
M,WIDOWED,ESP,PRIMARY,THIN,TENANT_REDUCED,OTHER_INACTIVE,POOR,N,N,N,N,N,N,N,N,N,NA,N,-1.0,-1.0,-1.0,-1.0,-1.0,-1.0,-1.0,-1.0,-1.0,-1.0,-1.0,-1.0,-1.0,-1.0,-1.0,-1.0,-1.0,-1.0,-1.0,-1.0,-1.0,-1.0,-1.0,-1.0,-1.0,-1.0,-1.0,-1.0,-1.0,-1.0,-1.0,-1.0,-1.0,-1.0,-1.0,-1.0,66133
M,DIVORCED,ESP,LOWER_SEC,THIN,TENANT_REDUCED,OTHER_INACTIVE,POOR,N,N,N,N,N,N,N,N,N,NA,N,-1.0,-1.0,-1.0,-1.0,-1.0,-1.0,-1.0,-1.0,-1.0,-1.0,-1.0,-1.0,-1.0,-1.0,-1.0,-1.0,-1.0,-1.0,-1.0,-1.0,-1.0,-1.0,-1.0,-1.0,-1.0,-1.0,-1.0,-1.0,-1.0,-1.0,-1.0,-1.0,-1.0,-1.0,-1.0,-1.0,46576
M,DIVORCED,ESP,PRIMARY,THIN,TENANT_MARKET,OTHER_INACTIVE,FAIR,N,N,N,N,N,N,N,N,N,NA,N,-1.0,-1.0,-1.0,-1.0,-1.0,-1.0,-1.0,-1.0,-1.0,-1.0,-1.0,-1.0,-1.0,-1.0,-1.0,-1.0,-1.0,-1.0,-1.0,-1.0,-1.0,-1.0,-1.0,-1.0,-1.0,-1.0,-1.0,-1.0,-1.0,-1.0,-1.0,-1.0,-1.0,-1.0,-1.0,-1.0,43293
M,DIVORCED,ESP,PRIMARY,THIN,TENANT_MARKET,RETIRED,FAIR,N,N,N,N,N,N,N,N,N,UNK,N,-1.0,-1.0,-1.0,-1.0,-1.0,-1.0,-1.0,-1.0,-1.0,-1.0,-1.0,-1.0,-1.0,-1.0,-1.0,-1.0,-1.0,-1.0,-1.0,-1.0,-1.0,-1.0,-1.0,-1.0,-1.0,-1.0,-1.0,-1.0,-1.0,-1.0,-1.0,-1.0,-1.0,-1.0,-1.0,-1.0,33963
M,DIVORCED,ESP,LOWER_SEC,THIN,TENANT_REDUCED,OTHER_INACTIVE,FAIR,N,N,N,N,N,N,N,N,N,NA,N,-1.0,-1.0,-1.0,-1.0,-1.0,-1.0,-1.0,-1.0,-1.0,-1.0,-1.0,-1.0,-1.0,-1.0,-1.0,-1.0,-1.0,-1.0,-1.0,-1.0,-1.0,-1.0,-1.0,-1.0,-1.0,-1.0,-1.0,-1.0,-1.0,-1.0,-1.0,-1.0,-1.0,-1.0,-1.0,-1.0,38761
M,DIVORCED,ITA,LOWER_SEC,THIN,TENANT_REDUCED,OTHER_INACTIVE,POOR,N,N,N,N,N,N,N,N,N,UNK,N,-1.0,-1.0,-1.0,-1.0,-1.0,-1.0,-1.0,-1.0,-1.0,-1.0,-1.0,-1.0,-1.0,-1.0,-1.0,-1.0,-1.0,-1.0,-1.0,-1.0,-1.0,-1.0,-1.0,-1.0,-1.0,-1.0,-1.0,-1.0,-1.0,-1.0,-1.0,-1.0,-1.0,-1.0,-1.0,-1.0,58954
M,DIVORCED,ITA,LOWER_SEC,THIN,TENANT_REDUCED,OTHER_INACTIVE,POOR,N,N,N,N,N,N,N,N,N,NA,N,-1.0,-1.0,-1.0,-1.0,-1.0,-1.0,-1.0,-1.0,-1.0,-1.0,-1.0,-1.0,-1.0,-1.0,-1.0,-1.0,-1.0,-1.0,-1.0,-1.0,-1.0,-1.0,-1.0,-1.0,-1.0,-1.0,-1.0,-1.0,-1.0,-1.0,-1.0,-1.0,-1.0,-1.0,-1.0,-1.0,18529
M,WIDOWED,ESP,LOWER_SEC,THIN,TENANT_REDUCED,OTHER_INACTIVE,FAIR,N,N,N,N,N,N,N,N,N,NA,N,-1.0,-1.0,-1.0,-1.0,-1.0,-1.0,-1.0,-1.0,-1.0,-1.0,-1.0,-1.0,-1.0,-1.0,-1.0,-1.0,-1.0,-1.0,-1.0,-1.0,-1.0,-1.0,-1.0,-1.0,-1.0,-1.0,-1.0,-1.0,-1.0,-1.0,-1.0,-1.0,-1.0,-1.0,-1.0,-1.0,87052
M,DIVORCED,ITA,PRIMARY,THIN,TENANT_REDUCED,RETIRED,FAIR,N,N,N,N,N,N,N,N,N,NA,N,-1.0,-1.0,-1.0,-1.0,-1.0,-1.0,-1.0,-1.0,-1.0,-1.0,-1.0,-1.0,-1.0,-1.0,-1.0,-1.0,-1.0,-1.0,-1.0,-1.0,-1.0,-1.0,-1.0,-1.0,-1.0,-1.0,-1.0,-1.0,-1.0,-1.0,-1.0,-1.0,-1.0,-1.0,-1.0,-1.0,65087
M,DIVORCED,ITA,PRIMARY,THIN,TENANT_MARKET,OTHER_INACTIVE,POOR,N,N,N,N,N,N,N,N,N,UNK,N,-1.0,-1.0,-1.0,-1.0,-1.0,-1.0,-1.0,-1.0,-1.0,-1.0,-1.0,-1.0,-1.0,-1.0,-1.0,-1.0,-1.0,-1.0,-1.0,-1.0,-1.0,-1.0,-1.0,-1.0,-1.0,-1.0,-1.0,-1.0,-1.0,-1.0,-1.0,-1.0,-1.0,-1.0,-1.0,-1.0,73251
M,WIDOWED,ITA,PRIMARY,THIN,TENANT_REDUCED,RETIRED,FAIR,N,N,N,N,N,N,N,N,N,UNK,N,-1.0,-1.0,-1.0,-1.0,-1.0,-1.0,-1.0,-1.0,-1.0,-1.0,-1.0,-1.0,-1.0,-1.0,-1.0,-1.0,-1.0,-1.0,-1.0,-1.0,-1.0,-1.0,-1.0,-1.0,-1.0,-1.0,-1.0,-1.0,-1.0,-1.0,-1.0,-1.0,-1.0,-1.0,-1.0,-1.0,49821
M,WIDOWED,ITA,LOWER_SEC,THIN,TENANT_REDUCED,RETIRED,POOR,N,N,N,N,N,N,N,N,N,UNK,N,-1.0,-1.0,-1.0,-1.0,-1.0,-1.0,-1.0,-1.0,-1.0,-1.0,-1.0,-1.0,-1.0,-1.0,-1.0,-1.0,-1.0,-1.0,-1.0,-1.0,-1.0,-1.0,-1.0,-1.0,-1.0,-1.0,-1.0,-1.0,-1.0,-1.0,-1.0,-1.0,-1.0,-1.0,-1.0,-1.0,83174
M,WIDOWED,ESP,PRIMARY,THIN,TENANT_MARKET,RETIRED,POOR,N,N,N,N,N,N,N,N,N,UNK,N,-1.0,-1.0,-1.0,-1.0,-1.0,-1.0,-1.0,-1.0,-1.0,-1.0,-1.0,-1.0,-1.0,-1.0,-1.0,-1.0,-1.0,-1.0,-1.0,-1.0,-1.0,-1.0,-1.0,-1.0,-1.0,-1.0,-1.0,-1.0,-1.0,-1.0,-1.0,-1.0,-1.0,-1.0,-1.0,-1.0,9709
M,WIDOWED,ITA,PRIMARY,THIN,TENANT_MARKET,RETIRED,FAIR,N,N,N,N,N,N,N,N,N,NA,N,-1.0,-1.0,-1.0,-1.0,-1.0,-1.0,-1.0,-1.0,-1.0,-1.0,-1.0,-1.0,-1.0,-1.0,-1.0,-1.0,-1.0,-1.0,-1.0,-1.0,-1.0,-1.0,-1.0,-1.0,-1.0,-1.0,-1.0,-1.0,-1.0,-1.0,-1.0,-1.0,-1.0,-1.0,-1.0,-1.0,66708
M,DIVORCED,ESP,LOWER_SEC,THIN,TENANT_REDUCED,RETIRED,FAIR,N,N,N,N,N,N,N,N,N,UNK,N,-1.0,-1.0,-1.0,-1.0,-1.0,-1.0,-1.0,-1.0,-1.0,-1.0,-1.0,-1.0,-1.0,-1.0,-1.0,-1.0,-1.0,-1.0,-1.0,-1.0,-1.0,-1.0,-1.0,-1.0,-1.0,-1.0,-1.0,-1.0,-1.0,-1.0,-1.0,-1.0,-1.0,-1.0,-1.0,-1.0,16797
M,WIDOWED,ITA,PRIMARY,THIN,TENANT_MARKET,RETIRED,POOR,N,N,N,N,N,N,N,N,N,UNK,N,-1.0,-1.0,-1.0,-1.0,-1.0,-1.0,-1.0,-1.0,-1.0,-1.0,-1.0,-1.0,-1.0,-1.0,-1.0,-1.0,-1.0,-1.0,-1.0,-1.0,-1.0,-1.0,-1.0,-1.0,-1.0,-1.0,-1.0,-1.0,-1.0,-1.0,-1.0,-1.0,-1.0,-1.0,-1.0,-1.0,77726
M,WIDOWED,ITA,LOWER_SEC,THIN,TENANT_MARKET,RETIRED,FAIR,N,N,N,N,N,N,N,N,N,UNK,N,-1.0,-1.0,-1.0,-1.0,-1.0,-1.0,-1.0,-1.0,-1.0,-1.0,-1.0,-1.0,-1.0,-1.0,-1.0,-1.0,-1.0,-1.0,-1.0,-1.0,-1.0,-1.0,-1.0,-1.0,-1.0,-1.0,-1.0,-1.0,-1.0,-1.0,-1.0,-1.0,-1.0,-1.0,-1.0,-1.0,53675
M,DIVORCED,ESP,PRIMARY,THIN,TENANT_MARKET,OTHER_INACTIVE,POOR,N,N,N,N,N,N,N,N,N,NA,N,-1.0,-1.0,-1.0,-1.0,-1.0,-1.0,-1.0,-1.0,-1.0,-1.0,-1.0,-1.0,-1.0,-1.0,-1.0,-1.0,-1.0,-1.0,-1.0,-1.0,-1.0,-1.0,-1.0,-1.0,-1.0,-1.0,-1.0,-1.0,-1.0,-1.0,-1.0,-1.0,-1.0,-1.0,-1.0,-1.0,42255
M,WIDOWED,ITA,PRIMARY,THIN,TENANT_REDUCED,OTHER_INACTIVE,FAIR,N,N,N,N,N,N,N,N,N,UNK,N,-1.0,-1.0,-1.0,-1.0,-1.0,-1.0,-1.0,-1.0,-1.0,-1.0,-1.0,-1.0,-1.0,-1.0,-1.0,-1.0,-1.0,-1.0,-1.0,-1.0,-1.0,-1.0,-1.0,-1.0,-1.0,-1.0,-1.0,-1.0,-1.0,-1.0,-1.0,-1.0,-1.0,-1.0,-1.0,-1.0,33709
M,DIVORCED,ESP,PRIMARY,THIN,TENANT_REDUCED,RETIRED,POOR,N,N,N,N,N,N,N,N,N,NA,N,-1.0,-1.0,-1.0,-1.0,-1.0,-1.0,-1.0,-1.0,-1.0,-1.0,-1.0,-1.0,-1.0,-1.0,-1.0,-1.0,-1.0,-1.0,-1.0,-1.0,-1.0,-1.0,-1.0,-1.0,-1.0,-1.0,-1.0,-1.0,-1.0,-1.0,-1.0,-1.0,-1.0,-1.0,-1.0,-1.0,96522
M,DIVORCED,ITA,PRIMARY,THIN,TENANT_MARKET,RETIRED,POOR,N,N,N,N,N,N,N,N,N,NA,N,-1.0,-1.0,-1.0,-1.0,-1.0,-1.0,-1.0,-1.0,-1.0,-1.0,-1.0,-1.0,-1.0,-1.0,-1.0,-1.0,-1.0,-1.0,-1.0,-1.0,-1.0,-1.0,-1.0,-1.0,-1.0,-1.0,-1.0,-1.0,-1.0,-1.0,-1.0,-1.0,-1.0,-1.0,-1.0,-1.0,50014
M,DIVORCED,ESP,PRIMARY,THIN,TENANT_MARKET,RETIRED,POOR,N,N,N,N,N,N,N,N,N,NA,N,-1.0,-1.0,-1.0,-1.0,-1.0,-1.0,-1.0,-1.0,-1.0,-1.0,-1.0,-1.0,-1.0,-1.0,-1.0,-1.0,-1.0,-1.0,-1.0,-1.0,-1.0,-1.0,-1.0,-1.0,-1.0,-1.0,-1.0,-1.0,-1.0,-1.0,-1.0,-1.0,-1.0,-1.0,-1.0,-1.0,69073
M,WIDOWED,ESP,LOWER_SEC,THIN,TENANT_REDUCED,OTHER_INACTIVE,POOR,N,N,N,N,N,N,N,N,N,UNK,N,-1.0,-1.0,-1.0,-1.0,-1.0,-1.0,-1.0,-1.0,-1.0,-1.0,-1.0,-1.0,-1.0,-1.0,-1.0,-1.0,-1.0,-1.0,-1.0,-1.0,-1.0,-1.0,-1.0,-1.0,-1.0,-1.0,-1.0,-1.0,-1.0,-1.0,-1.0,-1.0,-1.0,-1.0,-1.0,-1.0,82968
M,WIDOWED,ITA,LOWER_SEC,THIN,TENANT_MARKET,OTHER_INACTIVE,POOR,N,N,N,N,N,N,N,N,N,NA,N,-1.0,-1.0,-1.0,-1.0,-1.0,-1.0,-1.0,-1.0,-1.0,-1.0,-1.0,-1.0,-1.0,-1.0,-1.0,-1.0,-1.0,-1.0,-1.0,-1.0,-1.0,-1.0,-1.0,-1.0,-1.0,-1.0,-1.0,-1.0,-1.0,-1.0,-1.0,-1.0,-1.0,-1.0,-1.0,-1.0,46848
M,DIVORCED,ITA,LOWER_SEC,THIN,TENANT_REDUCED,OTHER_INACTIVE,POOR,N,N,N,N,N,N,N,N,N,UNK,N,-1.0,-1.0,-1.0,-1.0,-1.0,-1.0,-1.0,-1.0,-1.0,-1.0,-1.0,-1.0,-1.0,-1.0,-1.0,-1.0,-1.0,-1.0,-1.0,-1.0,-1.0,-1.0,-1.0,-1.0,-1.0,-1.0,-1.0,-1.0,-1.0,-1.0,-1.0,-1.0,-1.0,-1.0,-1.0,-1.0,84063
M,WIDOWED,ESP,LOWER_SEC,THIN,TENANT_MARKET,OTHER_INACTIVE,POOR,N,N,N,N,N,N,N,N,N,UNK,N,-1.0,-1.0,-1.0,-1.0,-1.0,-1.0,-1.0,-1.0,-1.0,-1.0,-1.0,-1.0,-1.0,-1.0,-1.0,-1.0,-1.0,-1.0,-1.0,-1.0,-1.0,-1.0,-1.0,-1.0,-1.0,-1.0,-1.0,-1.0,-1.0,-1.0,-1.0,-1.0,-1.0,-1.0,-1.0,-1.0,12580
M,DIVORCED,ESP,LOWER_SEC,THIN,TENANT_REDUCED,OTHER_INACTIVE,FAIR,N,N,N,N,N,N,N,N,N,UNK,N,-1.0,-1.0,-1.0,-1.0,-1.0,-1.0,-1.0,-1.0,-1.0,-1.0,-1.0,-1.0,-1.0,-1.0,-1.0,-1.0,-1.0,-1.0,-1.0,-1.0,-1.0,-1.0,-1.0,-1.0,-1.0,-1.0,-1.0,-1.0,-1.0,-1.0,-1.0,-1.0,-1.0,-1.0,-1.0,-1.0,63100
M,WIDOWED,ESP,PRIMARY,THIN,TENANT_MARKET,OTHER_INACTIVE,FAIR,N,N,N,N,N,N,N,N,N,UNK,N,-1.0,-1.0,-1.0,-1.0,-1.0,-1.0,-1.0,-1.0,-1.0,-1.0,-1.0,-1.0,-1.0,-1.0,-1.0,-1.0,-1.0,-1.0,-1.0,-1.0,-1.0,-1.0,-1.0,-1.0,-1.0,-1.0,-1.0,-1.0,-1.0,-1.0,-1.0,-1.0,-1.0,-1.0,-1.0,-1.0,63816
M,DIVORCED,ESP,LOWER_SEC,THIN,TENANT_MARKET,OTHER_INACTIVE,POOR,N,N,N,N,N,N,N,N,N,UNK,N,-1.0,-1.0,-1.0,-1.0,-1.0,-1.0,-1.0,-1.0,-1.0,-1.0,-1.0,-1.0,-1.0,-1.0,-1.0,-1.0,-1.0,-1.0,-1.0,-1.0,-1.0,-1.0,-1.0,-1.0,-1.0,-1.0,-1.0,-1.0,-1.0,-1.0,-1.0,-1.0,-1.0,-1.0,-1.0,-1.0,37715
M,DIVORCED,ITA,PRIMARY,THIN,TENANT_MARKET,RETIRED,POOR,N,N,N,N,N,N,N,N,N,UNK,N,-1.0,-1.0,-1.0,-1.0,-1.0,-1.0,-1.0,-1.0,-1.0,-1.0,-1.0,-1.0,-1.0,-1.0,-1.0,-1.0,-1.0,-1.0,-1.0,-1.0,-1.0,-1.0,-1.0,-1.0,-1.0,-1.0,-1.0,-1.0,-1.0,-1.0,-1.0,-1.0,-1.0,-1.0,-1.0,-1.0,12483
M,WIDOWED,ESP,PRIMARY,THIN,TENANT_REDUCED,RETIRED,FAIR,N,N,N,N,N,N,N,N,N,UNK,N,-1.0,-1.0,-1.0,-1.0,-1.0,-1.0,-1.0,-1.0,-1.0,-1.0,-1.0,-1.0,-1.0,-1.0,-1.0,-1.0,-1.0,-1.0,-1.0,-1.0,-1.0,-1.0,-1.0,-1.0,-1.0,-1.0,-1.0,-1.0,-1.0,-1.0,-1.0,-1.0,-1.0,-1.0,-1.0,-1.0,85672
M,WIDOWED,ITA,LOWER_SEC,THIN,TENANT_MARKET,RETIRED,POOR,N,N,N,N,N,N,N,N,N,NA,N,-1.0,-1.0,-1.0,-1.0,-1.0,-1.0,-1.0,-1.0,-1.0,-1.0,-1.0,-1.0,-1.0,-1.0,-1.0,-1.0,-1.0,-1.0,-1.0,-1.0,-1.0,-1.0,-1.0,-1.0,-1.0,-1.0,-1.0,-1.0,-1.0,-1.0,-1.0,-1.0,-1.0,-1.0,-1.0,-1.0,52488
M,DIVORCED,ESP,PRIMARY,THIN,TENANT_MARKET,OTHER_INACTIVE,FAIR,N,N,N,N,N,N,N,N,N,NA,N,-1.0,-1.0,-1.0,-1.0,-1.0,-1.0,-1.0,-1.0,-1.0,-1.0,-1.0,-1.0,-1.0,-1.0,-1.0,-1.0,-1.0,-1.0,-1.0,-1.0,-1.0,-1.0,-1.0,-1.0,-1.0,-1.0,-1.0,-1.0,-1.0,-1.0,-1.0,-1.0,-1.0,-1.0,-1.0,-1.0,60488
M,DIVORCED,ESP,LOWER_SEC,THIN,TENANT_MARKET,OTHER_INACTIVE,POOR,N,N,N,N,N,N,N,N,N,UNK,N,-1.0,-1.0,-1.0,-1.0,-1.0,-1.0,-1.0,-1.0,-1.0,-1.0,-1.0,-1.0,-1.0,-1.0,-1.0,-1.0,-1.0,-1.0,-1.0,-1.0,-1.0,-1.0,-1.0,-1.0,-1.0,-1.0,-1.0,-1.0,-1.0,-1.0,-1.0,-1.0,-1.0,-1.0,-1.0,-1.0,91846
M,WIDOWED,ESP,LOWER_SEC,THIN,TENANT_MARKET,RETIRED,POOR,N,N,N,N,N,N,N,N,N,NA,N,-1.0,-1.0,-1.0,-1.0,-1.0,-1.0,-1.0,-1.0,-1.0,-1.0,-1.0,-1.0,-1.0,-1.0,-1.0,-1.0,-1.0,-1.0,-1.0,-1.0,-1.0,-1.0,-1.0,-1.0,-1.0,-1.0,-1.0,-1.0,-1.0,-1.0,-1.0,-1.0,-1.0,-1.0,-1.0,-1.0,88318
M,WIDOWED,ITA,PRIMARY,THIN,TENANT_REDUCED,RETIRED,FAIR,N,N,N,N,N,N,N,N,N,NA,N,-1.0,-1.0,-1.0,-1.0,-1.0,-1.0,-1.0,-1.0,-1.0,-1.0,-1.0,-1.0,-1.0,-1.0,-1.0,-1.0,-1.0,-1.0,-1.0,-1.0,-1.0,-1.0,-1.0,-1.0,-1.0,-1.0,-1.0,-1.0,-1.0,-1.0,-1.0,-1.0,-1.0,-1.0,-1.0,-1.0,24847
M,WIDOWED,ESP,LOWER_SEC,THIN,TENANT_REDUCED,RETIRED,POOR,N,N,N,N,N,N,N,N,N,NA,N,-1.0,-1.0,-1.0,-1.0,-1.0,-1.0,-1.0,-1.0,-1.0,-1.0,-1.0,-1.0,-1.0,-1.0,-1.0,-1.0,-1.0,-1.0,-1.0,-1.0,-1.0,-1.0,-1.0,-1.0,-1.0,-1.0,-1.0,-1.0,-1.0,-1.0,-1.0,-1.0,-1.0,-1.0,-1.0,-1.0,87058
M,WIDOWED,ITA,PRIMARY,THIN,TENANT_REDUCED,RETIRED,POOR,N,N,N,N,N,N,N,N,N,NA,N,-1.0,-1.0,-1.0,-1.0,-1.0,-1.0,-1.0,-1.0,-1.0,-1.0,-1.0,-1.0,-1.0,-1.0,-1.0,-1.0,-1.0,-1.0,-1.0,-1.0,-1.0,-1.0,-1.0,-1.0,-1.0,-1.0,-1.0,-1.0,-1.0,-1.0,-1.0,-1.0,-1.0,-1.0,-1.0,-1.0,56252
M,DIVORCED,ITA,LOWER_SEC,THIN,TENANT_MARKET,RETIRED,POOR,N,N,N,N,N,N,N,N,N,UNK,N,-1.0,-1.0,-1.0,-1.0,-1.0,-1.0,-1.0,-1.0,-1.0,-1.0,-1.0,-1.0,-1.0,-1.0,-1.0,-1.0,-1.0,-1.0,-1.0,-1.0,-1.0,-1.0,-1.0,-1.0,-1.0,-1.0,-1.0,-1.0,-1.0,-1.0,-1.0,-1.0,-1.0,-1.0,-1.0,-1.0,99382
M,WIDOWED,ESP,PRIMARY,THIN,TENANT_REDUCED,RETIRED,FAIR,N,N,N,N,N,N,N,N,N,NA,N,-1.0,-1.0,-1.0,-1.0,-1.0,-1.0,-1.0,-1.0,-1.0,-1.0,-1.0,-1.0,-1.0,-1.0,-1.0,-1.0,-1.0,-1.0,-1.0,-1.0,-1.0,-1.0,-1.0,-1.0,-1.0,-1.0,-1.0,-1.0,-1.0,-1.0,-1.0,-1.0,-1.0,-1.0,-1.0,-1.0,59002
M,DIVORCED,ESP,LOWER_SEC,THIN,TENANT_MARKET,RETIRED,FAIR,N,N,N,N,N,N,N,N,N,NA,N,-1.0,-1.0,-1.0,-1.0,-1.0,-1.0,-1.0,-1.0,-1.0,-1.0,-1.0,-1.0,-1.0,-1.0,-1.0,-1.0,-1.0,-1.0,-1.0,-1.0,-1.0,-1.0,-1.0,-1.0,-1.0,-1.0,-1.0,-1.0,-1.0,-1.0,-1.0,-1.0,-1.0,-1.0,-1.0,-1.0,3658
M,WIDOWED,ITA,LOWER_SEC,THIN,TENANT_REDUCED,OTHER_INACTIVE,FAIR,N,N,N,N,N,N,N,N,N,NA,N,-1.0,-1.0,-1.0,-1.0,-1.0,-1.0,-1.0,-1.0,-1.0,-1.0,-1.0,-1.0,-1.0,-1.0,-1.0,-1.0,-1.0,-1.0,-1.0,-1.0,-1.0,-1.0,-1.0,-1.0,-1.0,-1.0,-1.0,-1.0,-1.0,-1.0,-1.0,-1.0,-1.0,-1.0,-1.0,-1.0,51760
M,WIDOWED,ESP,LOWER_SEC,THIN,TENANT_REDUCED,OTHER_INACTIVE,POOR,N,N,N,N,N,N,N,N,N,UNK,N,-1.0,-1.0,-1.0,-1.0,-1.0,-1.0,-1.0,-1.0,-1.0,-1.0,-1.0,-1.0,-1.0,-1.0,-1.0,-1.0,-1.0,-1.0,-1.0,-1.0,-1.0,-1.0,-1.0,-1.0,-1.0,-1.0,-1.0,-1.0,-1.0,-1.0,-1.0,-1.0,-1.0,-1.0,-1.0,-1.0,83429
M,DIVORCED,ITA,PRIMARY,THIN,TENANT_MARKET,OTHER_INACTIVE,POOR,N,N,N,N,N,N,N,N,N,UNK,N,-1.0,-1.0,-1.0,-1.0,-1.0,-1.0,-1.0,-1.0,-1.0,-1.0,-1.0,-1.0,-1.0,-1.0,-1.0,-1.0,-1.0,-1.0,-1.0,-1.0,-1.0,-1.0,-1.0,-1.0,-1.0,-1.0,-1.0,-1.0,-1.0,-1.0,-1.0,-1.0,-1.0,-1.0,-1.0,-1.0,52509
M,WIDOWED,ESP,PRIMARY,THIN,TENANT_MARKET,OTHER_INACTIVE,FAIR,N,N,N,N,N,N,N,N,N,UNK,N,-1.0,-1.0,-1.0,-1.0,-1.0,-1.0,-1.0,-1.0,-1.0,-1.0,-1.0,-1.0,-1.0,-1.0,-1.0,-1.0,-1.0,-1.0,-1.0,-1.0,-1.0,-1.0,-1.0,-1.0,-1.0,-1.0,-1.0,-1.0,-1.0,-1.0,-1.0,-1.0,-1.0,-1.0,-1.0,-1.0,44079
M,WIDOWED,ITA,LOWER_SEC,THIN,TENANT_REDUCED,RETIRED,FAIR,N,N,N,N,N,N,N,N,N,UNK,N,-1.0,-1.0,-1.0,-1.0,-1.0,-1.0,-1.0,-1.0,-1.0,-1.0,-1.0,-1.0,-1.0,-1.0,-1.0,-1.0,-1.0,-1.0,-1.0,-1.0,-1.0,-1.0,-1.0,-1.0,-1.0,-1.0,-1.0,-1.0,-1.0,-1.0,-1.0,-1.0,-1.0,-1.0,-1.0,-1.0,8780
M,WIDOWED,ITA,PRIMARY,THIN,TENANT_REDUCED,RETIRED,FAIR,N,N,N,N,N,N,N,N,N,NA,N,-1.0,-1.0,-1.0,-1.0,-1.0,-1.0,-1.0,-1.0,-1.0,-1.0,-1.0,-1.0,-1.0,-1.0,-1.0,-1.0,-1.0,-1.0,-1.0,-1.0,-1.0,-1.0,-1.0,-1.0,-1.0,-1.0,-1.0,-1.0,-1.0,-1.0,-1.0,-1.0,-1.0,-1.0,-1.0,-1.0,48242
M,WIDOWED,ITA,LOWER_SEC,THIN,TENANT_REDUCED,OTHER_INACTIVE,POOR,N,N,N,N,N,N,N,N,N,UNK,N,-1.0,-1.0,-1.0,-1.0,-1.0,-1.0,-1.0,-1.0,-1.0,-1.0,-1.0,-1.0,-1.0,-1.0,-1.0,-1.0,-1.0,-1.0,-1.0,-1.0,-1.0,-1.0,-1.0,-1.0,-1.0,-1.0,-1.0,-1.0,-1.0,-1.0,-1.0,-1.0,-1.0,-1.0,-1.0,-1.0,3408
M,DIVORCED,ESP,LOWER_SEC,THIN,TENANT_MARKET,RETIRED,FAIR,N,N,N,N,N,N,N,N,N,UNK,N,-1.0,-1.0,-1.0,-1.0,-1.0,-1.0,-1.0,-1.0,-1.0,-1.0,-1.0,-1.0,-1.0,-1.0,-1.0,-1.0,-1.0,-1.0,-1.0,-1.0,-1.0,-1.0,-1.0,-1.0,-1.0,-1.0,-1.0,-1.0,-1.0,-1.0,-1.0,-1.0,-1.0,-1.0,-1.0,-1.0,10676
M,DIVORCED,ITA,LOWER_SEC,THIN,TENANT_REDUCED,OTHER_INACTIVE,FAIR,N,N,N,N,N,N,N,N,N,UNK,N,-1.0,-1.0,-1.0,-1.0,-1.0,-1.0,-1.0,-1.0,-1.0,-1.0,-1.0,-1.0,-1.0,-1.0,-1.0,-1.0,-1.0,-1.0,-1.0,-1.0,-1.0,-1.0,-1.0,-1.0,-1.0,-1.0,-1.0,-1.0,-1.0,-1.0,-1.0,-1.0,-1.0,-1.0,-1.0,-1.0,99716
M,DIVORCED,ITA,PRIMARY,THIN,TENANT_REDUCED,RETIRED,POOR,N,N,N,N,N,N,N,N,N,UNK,N,-1.0,-1.0,-1.0,-1.0,-1.0,-1.0,-1.0,-1.0,-1.0,-1.0,-1.0,-1.0,-1.0,-1.0,-1.0,-1.0,-1.0,-1.0,-1.0,-1.0,-1.0,-1.0,-1.0,-1.0,-1.0,-1.0,-1.0,-1.0,-1.0,-1.0,-1.0,-1.0,-1.0,-1.0,-1.0,-1.0,85991
M,DIVORCED,ITA,PRIMARY,THIN,TENANT_MARKET,RETIRED,FAIR,N,N,N,N,N,N,N,N,N,NA,N,-1.0,-1.0,-1.0,-1.0,-1.0,-1.0,-1.0,-1.0,-1.0,-1.0,-1.0,-1.0,-1.0,-1.0,-1.0,-1.0,-1.0,-1.0,-1.0,-1.0,-1.0,-1.0,-1.0,-1.0,-1.0,-1.0,-1.0,-1.0,-1.0,-1.0,-1.0,-1.0,-1.0,-1.0,-1.0,-1.0,71152
M,DIVORCED,ESP,PRIMARY,THIN,TENANT_MARKET,RETIRED,POOR,N,N,N,N,N,N,N,N,N,UNK,N,-1.0,-1.0,-1.0,-1.0,-1.0,-1.0,-1.0,-1.0,-1.0,-1.0,-1.0,-1.0,-1.0,-1.0,-1.0,-1.0,-1.0,-1.0,-1.0,-1.0,-1.0,-1.0,-1.0,-1.0,-1.0,-1.0,-1.0,-1.0,-1.0,-1.0,-1.0,-1.0,-1.0,-1.0,-1.0,-1.0,54206
M,DIVORCED,ITA,LOWER_SEC,THIN,TENANT_REDUCED,OTHER_INACTIVE,POOR,N,N,N,N,N,N,N,N,N,NA,N,-1.0,-1.0,-1.0,-1.0,-1.0,-1.0,-1.0,-1.0,-1.0,-1.0,-1.0,-1.0,-1.0,-1.0,-1.0,-1.0,-1.0,-1.0,-1.0,-1.0,-1.0,-1.0,-1.0,-1.0,-1.0,-1.0,-1.0,-1.0,-1.0,-1.0,-1.0,-1.0,-1.0,-1.0,-1.0,-1.0,50778
M,WIDOWED,ESP,PRIMARY,THIN,TENANT_MARKET,RETIRED,POOR,N,N,N,N,N,N,N,N,N,NA,N,-1.0,-1.0,-1.0,-1.0,-1.0,-1.0,-1.0,-1.0,-1.0,-1.0,-1.0,-1.0,-1.0,-1.0,-1.0,-1.0,-1.0,-1.0,-1.0,-1.0,-1.0,-1.0,-1.0,-1.0,-1.0,-1.0,-1.0,-1.0,-1.0,-1.0,-1.0,-1.0,-1.0,-1.0,-1.0,-1.0,53709
M,DIVORCED,ESP,PRIMARY,THIN,TENANT_REDUCED,OTHER_INACTIVE,POOR,N,N,N,N,N,N,N,N,N,UNK,N,-1.0,-1.0,-1.0,-1.0,-1.0,-1.0,-1.0,-1.0,-1.0,-1.0,-1.0,-1.0,-1.0,-1.0,-1.0,-1.0,-1.0,-1.0,-1.0,-1.0,-1.0,-1.0,-1.0,-1.0,-1.0,-1.0,-1.0,-1.0,-1.0,-1.0,-1.0,-1.0,-1.0,-1.0,-1.0,-1.0,87829
M,DIVORCED,ESP,LOWER_SEC,THIN,TENANT_MARKET,RETIRED,POOR,N,N,N,N,N,N,N,N,N,NA,N,-1.0,-1.0,-1.0,-1.0,-1.0,-1.0,-1.0,-1.0,-1.0,-1.0,-1.0,-1.0,-1.0,-1.0,-1.0,-1.0,-1.0,-1.0,-1.0,-1.0,-1.0,-1.0,-1.0,-1.0,-1.0,-1.0,-1.0,-1.0,-1.0,-1.0,-1.0,-1.0,-1.0,-1.0,-1.0,-1.0,6801
M,DIVORCED,ITA,PRIMARY,THIN,TENANT_REDUCED,RETIRED,POOR,N,N,N,N,N,N,N,N,N,UNK,N,-1.0,-1.0,-1.0,-1.0,-1.0,-1.0,-1.0,-1.0,-1.0,-1.0,-1.0,-1.0,-1.0,-1.0,-1.0,-1.0,-1.0,-1.0,-1.0,-1.0,-1.0,-1.0,-1.0,-1.0,-1.0,-1.0,-1.0,-1.0,-1.0,-1.0,-1.0,-1.0,-1.0,-1.0,-1.0,-1.0,70476
M,WIDOWED,ITA,PRIMARY,THIN,TENANT_MARKET,OTHER_INACTIVE,FAIR,N,N,N,N,N,N,N,N,N,UNK,N,-1.0,-1.0,-1.0,-1.0,-1.0,-1.0,-1.0,-1.0,-1.0,-1.0,-1.0,-1.0,-1.0,-1.0,-1.0,-1.0,-1.0,-1.0,-1.0,-1.0,-1.0,-1.0,-1.0,-1.0,-1.0,-1.0,-1.0,-1.0,-1.0,-1.0,-1.0,-1.0,-1.0,-1.0,-1.0,-1.0,13977
M,DIVORCED,ESP,LOWER_SEC,THIN,TENANT_REDUCED,OTHER_INACTIVE,FAIR,N,N,N,N,N,N,N,N,N,NA,N,-1.0,-1.0,-1.0,-1.0,-1.0,-1.0,-1.0,-1.0,-1.0,-1.0,-1.0,-1.0,-1.0,-1.0,-1.0,-1.0,-1.0,-1.0,-1.0,-1.0,-1.0,-1.0,-1.0,-1.0,-1.0,-1.0,-1.0,-1.0,-1.0,-1.0,-1.0,-1.0,-1.0,-1.0,-1.0,-1.0,73025
M,WIDOWED,ESP,LOWER_SEC,THIN,TENANT_MARKET,RETIRED,FAIR,N,N,N,N,N,N,N,N,N,UNK,N,-1.0,-1.0,-1.0,-1.0,-1.0,-1.0,-1.0,-1.0,-1.0,-1.0,-1.0,-1.0,-1.0,-1.0,-1.0,-1.0,-1.0,-1.0,-1.0,-1.0,-1.0,-1.0,-1.0,-1.0,-1.0,-1.0,-1.0,-1.0,-1.0,-1.0,-1.0,-1.0,-1.0,-1.0,-1.0,-1.0,77578
M,WIDOWED,ESP,LOWER_SEC,THIN,TENANT_MARKET,RETIRED,POOR,N,N,N,N,N,N,N,N,N,UNK,N,-1.0,-1.0,-1.0,-1.0,-1.0,-1.0,-1.0,-1.0,-1.0,-1.0,-1.0,-1.0,-1.0,-1.0,-1.0,-1.0,-1.0,-1.0,-1.0,-1.0,-1.0,-1.0,-1.0,-1.0,-1.0,-1.0,-1.0,-1.0,-1.0,-1.0,-1.0,-1.0,-1.0,-1.0,-1.0,-1.0,55983
M,DIVORCED,ITA,LOWER_SEC,THIN,TENANT_REDUCED,RETIRED,FAIR,N,N,N,N,N,N,N,N,N,NA,N,-1.0,-1.0,-1.0,-1.0,-1.0,-1.0,-1.0,-1.0,-1.0,-1.0,-1.0,-1.0,-1.0,-1.0,-1.0,-1.0,-1.0,-1.0,-1.0,-1.0,-1.0,-1.0,-1.0,-1.0,-1.0,-1.0,-1.0,-1.0,-1.0,-1.0,-1.0,-1.0,-1.0,-1.0,-1.0,-1.0,89274
M,DIVORCED,ITA,PRIMARY,THIN,TENANT_REDUCED,OTHER_INACTIVE,POOR,N,N,N,N,N,N,N,N,N,UNK,N,-1.0,-1.0,-1.0,-1.0,-1.0,-1.0,-1.0,-1.0,-1.0,-1.0,-1.0,-1.0,-1.0,-1.0,-1.0,-1.0,-1.0,-1.0,-1.0,-1.0,-1.0,-1.0,-1.0,-1.0,-1.0,-1.0,-1.0,-1.0,-1.0,-1.0,-1.0,-1.0,-1.0,-1.0,-1.0,-1.0,61141
M,DIVORCED,ITA,PRIMARY,THIN,TENANT_REDUCED,OTHER_INACTIVE,POOR,N,N,N,N,N,N,N,N,N,NA,N,-1.0,-1.0,-1.0,-1.0,-1.0,-1.0,-1.0,-1.0,-1.0,-1.0,-1.0,-1.0,-1.0,-1.0,-1.0,-1.0,-1.0,-1.0,-1.0,-1.0,-1.0,-1.0,-1.0,-1.0,-1.0,-1.0,-1.0,-1.0,-1.0,-1.0,-1.0,-1.0,-1.0,-1.0,-1.0,-1.0,1756
M,WIDOWED,ITA,LOWER_SEC,THIN,TENANT_REDUCED,RETIRED,POOR,N,N,N,N,N,N,N,N,N,UNK,N,-1.0,-1.0,-1.0,-1.0,-1.0,-1.0,-1.0,-1.0,-1.0,-1.0,-1.0,-1.0,-1.0,-1.0,-1.0,-1.0,-1.0,-1.0,-1.0,-1.0,-1.0,-1.0,-1.0,-1.0,-1.0,-1.0,-1.0,-1.0,-1.0,-1.0,-1.0,-1.0,-1.0,-1.0,-1.0,-1.0,35114
M,DIVORCED,ESP,LOWER_SEC,THIN,TENANT_REDUCED,RETIRED,FAIR,N,N,N,N,N,N,N,N,N,NA,N,-1.0,-1.0,-1.0,-1.0,-1.0,-1.0,-1.0,-1.0,-1.0,-1.0,-1.0,-1.0,-1.0,-1.0,-1.0,-1.0,-1.0,-1.0,-1.0,-1.0,-1.0,-1.0,-1.0,-1.0,-1.0,-1.0,-1.0,-1.0,-1.0,-1.0,-1.0,-1.0,-1.0,-1.0,-1.0,-1.0,73709
M,WIDOWED,ITA,LOWER_SEC,THIN,TENANT_MARKET,OTHER_INACTIVE,FAIR,N,N,N,N,N,N,N,N,N,NA,N,-1.0,-1.0,-1.0,-1.0,-1.0,-1.0,-1.0,-1.0,-1.0,-1.0,-1.0,-1.0,-1.0,-1.0,-1.0,-1.0,-1.0,-1.0,-1.0,-1.0,-1.0,-1.0,-1.0,-1.0,-1.0,-1.0,-1.0,-1.0,-1.0,-1.0,-1.0,-1.0,-1.0,-1.0,-1.0,-1.0,56277
M,WIDOWED,ITA,PRIMARY,THIN,TENANT_MARKET,OTHER_INACTIVE,POOR,N,N,N,N,N,N,N,N,N,NA,N,-1.0,-1.0,-1.0,-1.0,-1.0,-1.0,-1.0,-1.0,-1.0,-1.0,-1.0,-1.0,-1.0,-1.0,-1.0,-1.0,-1.0,-1.0,-1.0,-1.0,-1.0,-1.0,-1.0,-1.0,-1.0,-1.0,-1.0,-1.0,-1.0,-1.0,-1.0,-1.0,-1.0,-1.0,-1.0,-1.0,17077
M,DIVORCED,ITA,LOWER_SEC,THIN,TENANT_REDUCED,OTHER_INACTIVE,POOR,N,N,N,N,N,N,N,N,N,NA,N,-1.0,-1.0,-1.0,-1.0,-1.0,-1.0,-1.0,-1.0,-1.0,-1.0,-1.0,-1.0,-1.0,-1.0,-1.0,-1.0,-1.0,-1.0,-1.0,-1.0,-1.0,-1.0,-1.0,-1.0,-1.0,-1.0,-1.0,-1.0,-1.0,-1.0,-1.0,-1.0,-1.0,-1.0,-1.0,-1.0,39886
M,WIDOWED,ITA,PRIMARY,THIN,TENANT_REDUCED,RETIRED,POOR,N,N,N,N,N,N,N,N,N,UNK,N,-1.0,-1.0,-1.0,-1.0,-1.0,-1.0,-1.0,-1.0,-1.0,-1.0,-1.0,-1.0,-1.0,-1.0,-1.0,-1.0,-1.0,-1.0,-1.0,-1.0,-1.0,-1.0,-1.0,-1.0,-1.0,-1.0,-1.0,-1.0,-1.0,-1.0,-1.0,-1.0,-1.0,-1.0,-1.0,-1.0,38406
M,WIDOWED,ITA,LOWER_SEC,THIN,TENANT_REDUCED,RETIRED,FAIR,N,N,N,N,N,N,N,N,N,UNK,N,-1.0,-1.0,-1.0,-1.0,-1.0,-1.0,-1.0,-1.0,-1.0,-1.0,-1.0,-1.0,-1.0,-1.0,-1.0,-1.0,-1.0,-1.0,-1.0,-1.0,-1.0,-1.0,-1.0,-1.0,-1.0,-1.0,-1.0,-1.0,-1.0,-1.0,-1.0,-1.0,-1.0,-1.0,-1.0,-1.0,91033
M,DIVORCED,ESP,PRIMARY,THIN,TENANT_MARKET,RETIRED,POOR,N,N,N,N,N,N,N,N,N,NA,N,-1.0,-1.0,-1.0,-1.0,-1.0,-1.0,-1.0,-1.0,-1.0,-1.0,-1.0,-1.0,-1.0,-1.0,-1.0,-1.0,-1.0,-1.0,-1.0,-1.0,-1.0,-1.0,-1.0,-1.0,-1.0,-1.0,-1.0,-1.0,-1.0,-1.0,-1.0,-1.0,-1.0,-1.0,-1.0,-1.0,93159
M,WIDOWED,ITA,LOWER_SEC,THIN,TENANT_REDUCED,RETIRED,POOR,N,N,N,N,N,N,N,N,N,NA,N,-1.0,-1.0,-1.0,-1.0,-1.0,-1.0,-1.0,-1.0,-1.0,-1.0,-1.0,-1.0,-1.0,-1.0,-1.0,-1.0,-1.0,-1.0,-1.0,-1.0,-1.0,-1.0,-1.0,-1.0,-1.0,-1.0,-1.0,-1.0,-1.0,-1.0,-1.0,-1.0,-1.0,-1.0,-1.0,-1.0,80062
M,WIDOWED,ESP,LOWER_SEC,THIN,TENANT_MARKET,OTHER_INACTIVE,POOR,N,N,N,N,N,N,N,N,N,UNK,N,-1.0,-1.0,-1.0,-1.0,-1.0,-1.0,-1.0,-1.0,-1.0,-1.0,-1.0,-1.0,-1.0,-1.0,-1.0,-1.0,-1.0,-1.0,-1.0,-1.0,-1.0,-1.0,-1.0,-1.0,-1.0,-1.0,-1.0,-1.0,-1.0,-1.0,-1.0,-1.0,-1.0,-1.0,-1.0,-1.0,97224
M,WIDOWED,ITA,PRIMARY,THIN,TENANT_MARKET,RETIRED,FAIR,N,N,N,N,N,N,N,N,N,UNK,N,-1.0,-1.0,-1.0,-1.0,-1.0,-1.0,-1.0,-1.0,-1.0,-1.0,-1.0,-1.0,-1.0,-1.0,-1.0,-1.0,-1.0,-1.0,-1.0,-1.0,-1.0,-1.0,-1.0,-1.0,-1.0,-1.0,-1.0,-1.0,-1.0,-1.0,-1.0,-1.0,-1.0,-1.0,-1.0,-1.0,19091
M,WIDOWED,ITA,PRIMARY,THIN,TENANT_REDUCED,RETIRED,POOR,N,N,N,N,N,N,N,N,N,UNK,N,-1.0,-1.0,-1.0,-1.0,-1.0,-1.0,-1.0,-1.0,-1.0,-1.0,-1.0,-1.0,-1.0,-1.0,-1.0,-1.0,-1.0,-1.0,-1.0,-1.0,-1.0,-1.0,-1.0,-1.0,-1.0,-1.0,-1.0,-1.0,-1.0,-1.0,-1.0,-1.0,-1.0,-1.0,-1.0,-1.0,74830
M,DIVORCED,ESP,LOWER_SEC,THIN,TENANT_MARKET,OTHER_INACTIVE,POOR,N,N,N,N,N,N,N,N,N,NA,N,-1.0,-1.0,-1.0,-1.0,-1.0,-1.0,-1.0,-1.0,-1.0,-1.0,-1.0,-1.0,-1.0,-1.0,-1.0,-1.0,-1.0,-1.0,-1.0,-1.0,-1.0,-1.0,-1.0,-1.0,-1.0,-1.0,-1.0,-1.0,-1.0,-1.0,-1.0,-1.0,-1.0,-1.0,-1.0,-1.0,29009
M,DIVORCED,ESP,LOWER_SEC,THIN,TENANT_REDUCED,RETIRED,FAIR,N,N,N,N,N,N,N,N,N,UNK,N,-1.0,-1.0,-1.0,-1.0,-1.0,-1.0,-1.0,-1.0,-1.0,-1.0,-1.0,-1.0,-1.0,-1.0,-1.0,-1.0,-1.0,-1.0,-1.0,-1.0,-1.0,-1.0,-1.0,-1.0,-1.0,-1.0,-1.0,-1.0,-1.0,-1.0,-1.0,-1.0,-1.0,-1.0,-1.0,-1.0,2837
M,DIVORCED,ESP,LOWER_SEC,THIN,TENANT_MARKET,RETIRED,POOR,N,N,N,N,N,N,N,N,N,NA,N,-1.0,-1.0,-1.0,-1.0,-1.0,-1.0,-1.0,-1.0,-1.0,-1.0,-1.0,-1.0,-1.0,-1.0,-1.0,-1.0,-1.0,-1.0,-1.0,-1.0,-1.0,-1.0,-1.0,-1.0,-1.0,-1.0,-1.0,-1.0,-1.0,-1.0,-1.0,-1.0,-1.0,-1.0,-1.0,-1.0,63895
M,WIDOWED,ESP,PRIMARY,THIN,TENANT_MARKET,OTHER_INACTIVE,FAIR,N,N,N,N,N,N,N,N,N,NA,N,-1.0,-1.0,-1.0,-1.0,-1.0,-1.0,-1.0,-1.0,-1.0,-1.0,-1.0,-1.0,-1.0,-1.0,-1.0,-1.0,-1.0,-1.0,-1.0,-1.0,-1.0,-1.0,-1.0,-1.0,-1.0,-1.0,-1.0,-1.0,-1.0,-1.0,-1.0,-1.0,-1.0,-1.0,-1.0,-1.0,48794
M,DIVORCED,ESP,LOWER_SEC,THIN,TENANT_REDUCED,RETIRED,FAIR,N,N,N,N,N,N,N,N,N,NA,N,-1.0,-1.0,-1.0,-1.0,-1.0,-1.0,-1.0,-1.0,-1.0,-1.0,-1.0,-1.0,-1.0,-1.0,-1.0,-1.0,-1.0,-1.0,-1.0,-1.0,-1.0,-1.0,-1.0,-1.0,-1.0,-1.0,-1.0,-1.0,-1.0,-1.0,-1.0,-1.0,-1.0,-1.0,-1.0,-1.0,90703
M,WIDOWED,ESP,PRIMARY,THIN,TENANT_REDUCED,OTHER_INACTIVE,FAIR,N,N,N,N,N,N,N,N,N,NA,N,-1.0,-1.0,-1.0,-1.0,-1.0,-1.0,-1.0,-1.0,-1.0,-1.0,-1.0,-1.0,-1.0,-1.0,-1.0,-1.0,-1.0,-1.0,-1.0,-1.0,-1.0,-1.0,-1.0,-1.0,-1.0,-1.0,-1.0,-1.0,-1.0,-1.0,-1.0,-1.0,-1.0,-1.0,-1.0,-1.0,87996
M,WIDOWED,ITA,PRIMARY,THIN,TENANT_MARKET,RETIRED,POOR,N,N,N,N,N,N,N,N,N,UNK,N,-1.0,-1.0,-1.0,-1.0,-1.0,-1.0,-1.0,-1.0,-1.0,-1.0,-1.0,-1.0,-1.0,-1.0,-1.0,-1.0,-1.0,-1.0,-1.0,-1.0,-1.0,-1.0,-1.0,-1.0,-1.0,-1.0,-1.0,-1.0,-1.0,-1.0,-1.0,-1.0,-1.0,-1.0,-1.0,-1.0,78073
M,WIDOWED,ITA,PRIMARY,THIN,TENANT_MARKET,OTHER_INACTIVE,FAIR,N,N,N,N,N,N,N,N,N,NA,N,-1.0,-1.0,-1.0,-1.0,-1.0,-1.0,-1.0,-1.0,-1.0,-1.0,-1.0,-1.0,-1.0,-1.0,-1.0,-1.0,-1.0,-1.0,-1.0,-1.0,-1.0,-1.0,-1.0,-1.0,-1.0,-1.0,-1.0,-1.0,-1.0,-1.0,-1.0,-1.0,-1.0,-1.0,-1.0,-1.0,63648
M,DIVORCED,ITA,PRIMARY,THIN,TENANT_MARKET,OTHER_INACTIVE,FAIR,N,N,N,N,N,N,N,N,N,NA,N,-1.0,-1.0,-1.0,-1.0,-1.0,-1.0,-1.0,-1.0,-1.0,-1.0,-1.0,-1.0,-1.0,-1.0,-1.0,-1.0,-1.0,-1.0,-1.0,-1.0,-1.0,-1.0,-1.0,-1.0,-1.0,-1.0,-1.0,-1.0,-1.0,-1.0,-1.0,-1.0,-1.0,-1.0,-1.0,-1.0,43788
M,DIVORCED,ESP,PRIMARY,THIN,TENANT_MARKET,RETIRED,POOR,N,N,N,N,N,N,N,N,N,UNK,N,-1.0,-1.0,-1.0,-1.0,-1.0,-1.0,-1.0,-1.0,-1.0,-1.0,-1.0,-1.0,-1.0,-1.0,-1.0,-1.0,-1.0,-1.0,-1.0,-1.0,-1.0,-1.0,-1.0,-1.0,-1.0,-1.0,-1.0,-1.0,-1.0,-1.0,-1.0,-1.0,-1.0,-1.0,-1.0,-1.0,46099
M,WIDOWED,ITA,PRIMARY,THIN,TENANT_MARKET,RETIRED,FAIR,N,N,N,N,N,N,N,N,N,UNK,N,-1.0,-1.0,-1.0,-1.0,-1.0,-1.0,-1.0,-1.0,-1.0,-1.0,-1.0,-1.0,-1.0,-1.0,-1.0,-1.0,-1.0,-1.0,-1.0,-1.0,-1.0,-1.0,-1.0,-1.0,-1.0,-1.0,-1.0,-1.0,-1.0,-1.0,-1.0,-1.0,-1.0,-1.0,-1.0,-1.0,34107
M,WIDOWED,ESP,LOWER_SEC,THIN,TENANT_REDUCED,OTHER_INACTIVE,POOR,N,N,N,N,N,N,N,N,N,UNK,N,-1.0,-1.0,-1.0,-1.0,-1.0,-1.0,-1.0,-1.0,-1.0,-1.0,-1.0,-1.0,-1.0,-1.0,-1.0,-1.0,-1.0,-1.0,-1.0,-1.0,-1.0,-1.0,-1.0,-1.0,-1.0,-1.0,-1.0,-1.0,-1.0,-1.0,-1.0,-1.0,-1.0,-1.0,-1.0,-1.0,46019
M,WIDOWED,ITA,PRIMARY,THIN,TENANT_MARKET,RETIRED,POOR,N,N,N,N,N,N,N,N,N,NA,N,-1.0,-1.0,-1.0,-1.0,-1.0,-1.0,-1.0,-1.0,-1.0,-1.0,-1.0,-1.0,-1.0,-1.0,-1.0,-1.0,-1.0,-1.0,-1.0,-1.0,-1.0,-1.0,-1.0,-1.0,-1.0,-1.0,-1.0,-1.0,-1.0,-1.0,-1.0,-1.0,-1.0,-1.0,-1.0,-1.0,61568
M,WIDOWED,ITA,LOWER_SEC,THIN,TENANT_MARKET,OTHER_INACTIVE,POOR,N,N,N,N,N,N,N,N,N,NA,N,-1.0,-1.0,-1.0,-1.0,-1.0,-1.0,-1.0,-1.0,-1.0,-1.0,-1.0,-1.0,-1.0,-1.0,-1.0,-1.0,-1.0,-1.0,-1.0,-1.0,-1.0,-1.0,-1.0,-1.0,-1.0,-1.0,-1.0,-1.0,-1.0,-1.0,-1.0,-1.0,-1.0,-1.0,-1.0,-1.0,18819
M,DIVORCED,ITA,PRIMARY,THIN,TENANT_REDUCED,OTHER_INACTIVE,FAIR,N,N,N,N,N,N,N,N,N,NA,N,-1.0,-1.0,-1.0,-1.0,-1.0,-1.0,-1.0,-1.0,-1.0,-1.0,-1.0,-1.0,-1.0,-1.0,-1.0,-1.0,-1.0,-1.0,-1.0,-1.0,-1.0,-1.0,-1.0,-1.0,-1.0,-1.0,-1.0,-1.0,-1.0,-1.0,-1.0,-1.0,-1.0,-1.0,-1.0,-1.0,17709
M,WIDOWED,ITA,PRIMARY,THIN,TENANT_MARKET,RETIRED,POOR,N,N,N,N,N,N,N,N,N,NA,N,-1.0,-1.0,-1.0,-1.0,-1.0,-1.0,-1.0,-1.0,-1.0,-1.0,-1.0,-1.0,-1.0,-1.0,-1.0,-1.0,-1.0,-1.0,-1.0,-1.0,-1.0,-1.0,-1.0,-1.0,-1.0,-1.0,-1.0,-1.0,-1.0,-1.0,-1.0,-1.0,-1.0,-1.0,-1.0,-1.0,81063
M,DIVORCED,ESP,PRIMARY,THIN,TENANT_REDUCED,OTHER_INACTIVE,POOR,N,N,N,N,N,N,N,N,N,NA,N,-1.0,-1.0,-1.0,-1.0,-1.0,-1.0,-1.0,-1.0,-1.0,-1.0,-1.0,-1.0,-1.0,-1.0,-1.0,-1.0,-1.0,-1.0,-1.0,-1.0,-1.0,-1.0,-1.0,-1.0,-1.0,-1.0,-1.0,-1.0,-1.0,-1.0,-1.0,-1.0,-1.0,-1.0,-1.0,-1.0,44149
M,WIDOWED,ESP,PRIMARY,THIN,TENANT_MARKET,RETIRED,FAIR,N,N,N,N,N,N,N,N,N,UNK,N,-1.0,-1.0,-1.0,-1.0,-1.0,-1.0,-1.0,-1.0,-1.0,-1.0,-1.0,-1.0,-1.0,-1.0,-1.0,-1.0,-1.0,-1.0,-1.0,-1.0,-1.0,-1.0,-1.0,-1.0,-1.0,-1.0,-1.0,-1.0,-1.0,-1.0,-1.0,-1.0,-1.0,-1.0,-1.0,-1.0,24177
M,DIVORCED,ESP,LOWER_SEC,THIN,TENANT_MARKET,RETIRED,FAIR,N,N,N,N,N,N,N,N,N,NA,N,-1.0,-1.0,-1.0,-1.0,-1.0,-1.0,-1.0,-1.0,-1.0,-1.0,-1.0,-1.0,-1.0,-1.0,-1.0,-1.0,-1.0,-1.0,-1.0,-1.0,-1.0,-1.0,-1.0,-1.0,-1.0,-1.0,-1.0,-1.0,-1.0,-1.0,-1.0,-1.0,-1.0,-1.0,-1.0,-1.0,69102
M,WIDOWED,ESP,LOWER_SEC,THIN,TENANT_MARKET,OTHER_INACTIVE,FAIR,N,N,N,N,N,N,N,N,N,NA,N,-1.0,-1.0,-1.0,-1.0,-1.0,-1.0,-1.0,-1.0,-1.0,-1.0,-1.0,-1.0,-1.0,-1.0,-1.0,-1.0,-1.0,-1.0,-1.0,-1.0,-1.0,-1.0,-1.0,-1.0,-1.0,-1.0,-1.0,-1.0,-1.0,-1.0,-1.0,-1.0,-1.0,-1.0,-1.0,-1.0,20981
M,DIVORCED,ESP,PRIMARY,THIN,TENANT_MARKET,RETIRED,POOR,N,N,N,N,N,N,N,N,N,NA,N,-1.0,-1.0,-1.0,-1.0,-1.0,-1.0,-1.0,-1.0,-1.0,-1.0,-1.0,-1.0,-1.0,-1.0,-1.0,-1.0,-1.0,-1.0,-1.0,-1.0,-1.0,-1.0,-1.0,-1.0,-1.0,-1.0,-1.0,-1.0,-1.0,-1.0,-1.0,-1.0,-1.0,-1.0,-1.0,-1.0,49842
M,DIVORCED,ESP,LOWER_SEC,THIN,TENANT_REDUCED,RETIRED,POOR,N,N,N,N,N,N,N,N,N,UNK,N,-1.0,-1.0,-1.0,-1.0,-1.0,-1.0,-1.0,-1.0,-1.0,-1.0,-1.0,-1.0,-1.0,-1.0,-1.0,-1.0,-1.0,-1.0,-1.0,-1.0,-1.0,-1.0,-1.0,-1.0,-1.0,-1.0,-1.0,-1.0,-1.0,-1.0,-1.0,-1.0,-1.0,-1.0,-1.0,-1.0,39817
M,WIDOWED,ITA,PRIMARY,THIN,TENANT_MARKET,RETIRED,POOR,N,N,N,N,N,N,N,N,N,NA,N,-1.0,-1.0,-1.0,-1.0,-1.0,-1.0,-1.0,-1.0,-1.0,-1.0,-1.0,-1.0,-1.0,-1.0,-1.0,-1.0,-1.0,-1.0,-1.0,-1.0,-1.0,-1.0,-1.0,-1.0,-1.0,-1.0,-1.0,-1.0,-1.0,-1.0,-1.0,-1.0,-1.0,-1.0,-1.0,-1.0,11263
M,DIVORCED,ESP,LOWER_SEC,THIN,TENANT_MARKET,OTHER_INACTIVE,POOR,N,N,N,N,N,N,N,N,N,NA,N,-1.0,-1.0,-1.0,-1.0,-1.0,-1.0,-1.0,-1.0,-1.0,-1.0,-1.0,-1.0,-1.0,-1.0,-1.0,-1.0,-1.0,-1.0,-1.0,-1.0,-1.0,-1.0,-1.0,-1.0,-1.0,-1.0,-1.0,-1.0,-1.0,-1.0,-1.0,-1.0,-1.0,-1.0,-1.0,-1.0,86584
M,DIVORCED,ITA,LOWER_SEC,THIN,TENANT_MARKET,OTHER_INACTIVE,POOR,N,N,N,N,N,N,N,N,N,UNK,N,-1.0,-1.0,-1.0,-1.0,-1.0,-1.0,-1.0,-1.0,-1.0,-1.0,-1.0,-1.0,-1.0,-1.0,-1.0,-1.0,-1.0,-1.0,-1.0,-1.0,-1.0,-1.0,-1.0,-1.0,-1.0,-1.0,-1.0,-1.0,-1.0,-1.0,-1.0,-1.0,-1.0,-1.0,-1.0,-1.0,59637
M,DIVORCED,ITA,LOWER_SEC,THIN,TENANT_REDUCED,OTHER_INACTIVE,POOR,N,N,N,N,N,N,N,N,N,UNK,N,-1.0,-1.0,-1.0,-1.0,-1.0,-1.0,-1.0,-1.0,-1.0,-1.0,-1.0,-1.0,-1.0,-1.0,-1.0,-1.0,-1.0,-1.0,-1.0,-1.0,-1.0,-1.0,-1.0,-1.0,-1.0,-1.0,-1.0,-1.0,-1.0,-1.0,-1.0,-1.0,-1.0,-1.0,-1.0,-1.0,9281
M,WIDOWED,ITA,LOWER_SEC,THIN,TENANT_REDUCED,OTHER_INACTIVE,POOR,N,N,N,N,N,N,N,N,N,NA,N,-1.0,-1.0,-1.0,-1.0,-1.0,-1.0,-1.0,-1.0,-1.0,-1.0,-1.0,-1.0,-1.0,-1.0,-1.0,-1.0,-1.0,-1.0,-1.0,-1.0,-1.0,-1.0,-1.0,-1.0,-1.0,-1.0,-1.0,-1.0,-1.0,-1.0,-1.0,-1.0,-1.0,-1.0,-1.0,-1.0,69969
M,WIDOWED,ESP,PRIMARY,THIN,TENANT_MARKET,OTHER_INACTIVE,FAIR,N,N,N,N,N,N,N,N,N,UNK,N,-1.0,-1.0,-1.0,-1.0,-1.0,-1.0,-1.0,-1.0,-1.0,-1.0,-1.0,-1.0,-1.0,-1.0,-1.0,-1.0,-1.0,-1.0,-1.0,-1.0,-1.0,-1.0,-1.0,-1.0,-1.0,-1.0,-1.0,-1.0,-1.0,-1.0,-1.0,-1.0,-1.0,-1.0,-1.0,-1.0,78571
M,WIDOWED,ESP,PRIMARY,THIN,TENANT_REDUCED,RETIRED,FAIR,N,N,N,N,N,N,N,N,N,UNK,N,-1.0,-1.0,-1.0,-1.0,-1.0,-1.0,-1.0,-1.0,-1.0,-1.0,-1.0,-1.0,-1.0,-1.0,-1.0,-1.0,-1.0,-1.0,-1.0,-1.0,-1.0,-1.0,-1.0,-1.0,-1.0,-1.0,-1.0,-1.0,-1.0,-1.0,-1.0,-1.0,-1.0,-1.0,-1.0,-1.0,85701
M,WIDOWED,ESP,LOWER_SEC,THIN,TENANT_MARKET,OTHER_INACTIVE,FAIR,N,N,N,N,N,N,N,N,N,NA,N,-1.0,-1.0,-1.0,-1.0,-1.0,-1.0,-1.0,-1.0,-1.0,-1.0,-1.0,-1.0,-1.0,-1.0,-1.0,-1.0,-1.0,-1.0,-1.0,-1.0,-1.0,-1.0,-1.0,-1.0,-1.0,-1.0,-1.0,-1.0,-1.0,-1.0,-1.0,-1.0,-1.0,-1.0,-1.0,-1.0,35134
M,WIDOWED,ITA,PRIMARY,THIN,TENANT_REDUCED,OTHER_INACTIVE,POOR,N,N,N,N,N,N,N,N,N,NA,N,-1.0,-1.0,-1.0,-1.0,-1.0,-1.0,-1.0,-1.0,-1.0,-1.0,-1.0,-1.0,-1.0,-1.0,-1.0,-1.0,-1.0,-1.0,-1.0,-1.0,-1.0,-1.0,-1.0,-1.0,-1.0,-1.0,-1.0,-1.0,-1.0,-1.0,-1.0,-1.0,-1.0,-1.0,-1.0,-1.0,89091
M,DIVORCED,ITA,PRIMARY,THIN,TENANT_MARKET,RETIRED,POOR,N,N,N,N,N,N,N,N,N,NA,N,-1.0,-1.0,-1.0,-1.0,-1.0,-1.0,-1.0,-1.0,-1.0,-1.0,-1.0,-1.0,-1.0,-1.0,-1.0,-1.0,-1.0,-1.0,-1.0,-1.0,-1.0,-1.0,-1.0,-1.0,-1.0,-1.0,-1.0,-1.0,-1.0,-1.0,-1.0,-1.0,-1.0,-1.0,-1.0,-1.0,59564
M,WIDOWED,ESP,LOWER_SEC,THIN,TENANT_REDUCED,RETIRED,FAIR,N,N,N,N,N,N,N,N,N,UNK,N,-1.0,-1.0,-1.0,-1.0,-1.0,-1.0,-1.0,-1.0,-1.0,-1.0,-1.0,-1.0,-1.0,-1.0,-1.0,-1.0,-1.0,-1.0,-1.0,-1.0,-1.0,-1.0,-1.0,-1.0,-1.0,-1.0,-1.0,-1.0,-1.0,-1.0,-1.0,-1.0,-1.0,-1.0,-1.0,-1.0,31645
M,DIVORCED,ITA,PRIMARY,THIN,TENANT_REDUCED,RETIRED,POOR,N,N,N,N,N,N,N,N,N,NA,N,-1.0,-1.0,-1.0,-1.0,-1.0,-1.0,-1.0,-1.0,-1.0,-1.0,-1.0,-1.0,-1.0,-1.0,-1.0,-1.0,-1.0,-1.0,-1.0,-1.0,-1.0,-1.0,-1.0,-1.0,-1.0,-1.0,-1.0,-1.0,-1.0,-1.0,-1.0,-1.0,-1.0,-1.0,-1.0,-1.0,50933
M,WIDOWED,ITA,PRIMARY,THIN,TENANT_REDUCED,OTHER_INACTIVE,POOR,N,N,N,N,N,N,N,N,N,UNK,N,-1.0,-1.0,-1.0,-1.0,-1.0,-1.0,-1.0,-1.0,-1.0,-1.0,-1.0,-1.0,-1.0,-1.0,-1.0,-1.0,-1.0,-1.0,-1.0,-1.0,-1.0,-1.0,-1.0,-1.0,-1.0,-1.0,-1.0,-1.0,-1.0,-1.0,-1.0,-1.0,-1.0,-1.0,-1.0,-1.0,30249
M,WIDOWED,ITA,PRIMARY,THIN,TENANT_REDUCED,OTHER_INACTIVE,FAIR,N,N,N,N,N,N,N,N,N,NA,N,-1.0,-1.0,-1.0,-1.0,-1.0,-1.0,-1.0,-1.0,-1.0,-1.0,-1.0,-1.0,-1.0,-1.0,-1.0,-1.0,-1.0,-1.0,-1.0,-1.0,-1.0,-1.0,-1.0,-1.0,-1.0,-1.0,-1.0,-1.0,-1.0,-1.0,-1.0,-1.0,-1.0,-1.0,-1.0,-1.0,87401
M,DIVORCED,ITA,LOWER_SEC,THIN,TENANT_REDUCED,RETIRED,POOR,N,N,N,N,N,N,N,N,N,NA,N,-1.0,-1.0,-1.0,-1.0,-1.0,-1.0,-1.0,-1.0,-1.0,-1.0,-1.0,-1.0,-1.0,-1.0,-1.0,-1.0,-1.0,-1.0,-1.0,-1.0,-1.0,-1.0,-1.0,-1.0,-1.0,-1.0,-1.0,-1.0,-1.0,-1.0,-1.0,-1.0,-1.0,-1.0,-1.0,-1.0,88158
M,DIVORCED,ESP,PRIMARY,THIN,TENANT_REDUCED,OTHER_INACTIVE,FAIR,N,N,N,N,N,N,N,N,N,NA,N,-1.0,-1.0,-1.0,-1.0,-1.0,-1.0,-1.0,-1.0,-1.0,-1.0,-1.0,-1.0,-1.0,-1.0,-1.0,-1.0,-1.0,-1.0,-1.0,-1.0,-1.0,-1.0,-1.0,-1.0,-1.0,-1.0,-1.0,-1.0,-1.0,-1.0,-1.0,-1.0,-1.0,-1.0,-1.0,-1.0,47554
M,WIDOWED,ITA,LOWER_SEC,THIN,TENANT_MARKET,RETIRED,FAIR,N,N,N,N,N,N,N,N,N,NA,N,-1.0,-1.0,-1.0,-1.0,-1.0,-1.0,-1.0,-1.0,-1.0,-1.0,-1.0,-1.0,-1.0,-1.0,-1.0,-1.0,-1.0,-1.0,-1.0,-1.0,-1.0,-1.0,-1.0,-1.0,-1.0,-1.0,-1.0,-1.0,-1.0,-1.0,-1.0,-1.0,-1.0,-1.0,-1.0,-1.0,3809
M,DIVORCED,ESP,PRIMARY,THIN,TENANT_REDUCED,RETIRED,POOR,N,N,N,N,N,N,N,N,N,NA,N,-1.0,-1.0,-1.0,-1.0,-1.0,-1.0,-1.0,-1.0,-1.0,-1.0,-1.0,-1.0,-1.0,-1.0,-1.0,-1.0,-1.0,-1.0,-1.0,-1.0,-1.0,-1.0,-1.0,-1.0,-1.0,-1.0,-1.0,-1.0,-1.0,-1.0,-1.0,-1.0,-1.0,-1.0,-1.0,-1.0,75682
M,DIVORCED,ITA,PRIMARY,THIN,TENANT_MARKET,OTHER_INACTIVE,POOR,N,N,N,N,N,N,N,N,N,UNK,N,-1.0,-1.0,-1.0,-1.0,-1.0,-1.0,-1.0,-1.0,-1.0,-1.0,-1.0,-1.0,-1.0,-1.0,-1.0,-1.0,-1.0,-1.0,-1.0,-1.0,-1.0,-1.0,-1.0,-1.0,-1.0,-1.0,-1.0,-1.0,-1.0,-1.0,-1.0,-1.0,-1.0,-1.0,-1.0,-1.0,80597
M,WIDOWED,ESP,PRIMARY,THIN,TENANT_MARKET,OTHER_INACTIVE,POOR,N,N,N,N,N,N,N,N,N,NA,N,-1.0,-1.0,-1.0,-1.0,-1.0,-1.0,-1.0,-1.0,-1.0,-1.0,-1.0,-1.0,-1.0,-1.0,-1.0,-1.0,-1.0,-1.0,-1.0,-1.0,-1.0,-1.0,-1.0,-1.0,-1.0,-1.0,-1.0,-1.0,-1.0,-1.0,-1.0,-1.0,-1.0,-1.0,-1.0,-1.0,42006
M,WIDOWED,ITA,PRIMARY,THIN,TENANT_REDUCED,RETIRED,POOR,N,N,N,N,N,N,N,N,N,UNK,N,-1.0,-1.0,-1.0,-1.0,-1.0,-1.0,-1.0,-1.0,-1.0,-1.0,-1.0,-1.0,-1.0,-1.0,-1.0,-1.0,-1.0,-1.0,-1.0,-1.0,-1.0,-1.0,-1.0,-1.0,-1.0,-1.0,-1.0,-1.0,-1.0,-1.0,-1.0,-1.0,-1.0,-1.0,-1.0,-1.0,30852
M,DIVORCED,ITA,PRIMARY,THIN,TENANT_REDUCED,OTHER_INACTIVE,FAIR,N,N,N,N,N,N,N,N,N,UNK,N,-1.0,-1.0,-1.0,-1.0,-1.0,-1.0,-1.0,-1.0,-1.0,-1.0,-1.0,-1.0,-1.0,-1.0,-1.0,-1.0,-1.0,-1.0,-1.0,-1.0,-1.0,-1.0,-1.0,-1.0,-1.0,-1.0,-1.0,-1.0,-1.0,-1.0,-1.0,-1.0,-1.0,-1.0,-1.0,-1.0,61396
M,WIDOWED,ITA,PRIMARY,THIN,TENANT_REDUCED,OTHER_INACTIVE,FAIR,N,N,N,N,N,N,N,N,N,UNK,N,-1.0,-1.0,-1.0,-1.0,-1.0,-1.0,-1.0,-1.0,-1.0,-1.0,-1.0,-1.0,-1.0,-1.0,-1.0,-1.0,-1.0,-1.0,-1.0,-1.0,-1.0,-1.0,-1.0,-1.0,-1.0,-1.0,-1.0,-1.0,-1.0,-1.0,-1.0,-1.0,-1.0,-1.0,-1.0,-1.0,1554
M,WIDOWED,ITA,PRIMARY,THIN,TENANT_REDUCED,OTHER_INACTIVE,FAIR,N,N,N,N,N,N,N,N,N,NA,N,-1.0,-1.0,-1.0,-1.0,-1.0,-1.0,-1.0,-1.0,-1.0,-1.0,-1.0,-1.0,-1.0,-1.0,-1.0,-1.0,-1.0,-1.0,-1.0,-1.0,-1.0,-1.0,-1.0,-1.0,-1.0,-1.0,-1.0,-1.0,-1.0,-1.0,-1.0,-1.0,-1.0,-1.0,-1.0,-1.0,52157
M,DIVORCED,ITA,LOWER_SEC,THIN,TENANT_MARKET,OTHER_INACTIVE,FAIR,N,N,N,N,N,N,N,N,N,UNK,N,-1.0,-1.0,-1.0,-1.0,-1.0,-1.0,-1.0,-1.0,-1.0,-1.0,-1.0,-1.0,-1.0,-1.0,-1.0,-1.0,-1.0,-1.0,-1.0,-1.0,-1.0,-1.0,-1.0,-1.0,-1.0,-1.0,-1.0,-1.0,-1.0,-1.0,-1.0,-1.0,-1.0,-1.0,-1.0,-1.0,99942
M,WIDOWED,ITA,LOWER_SEC,THIN,TENANT_REDUCED,RETIRED,FAIR,N,N,N,N,N,N,N,N,N,NA,N,-1.0,-1.0,-1.0,-1.0,-1.0,-1.0,-1.0,-1.0,-1.0,-1.0,-1.0,-1.0,-1.0,-1.0,-1.0,-1.0,-1.0,-1.0,-1.0,-1.0,-1.0,-1.0,-1.0,-1.0,-1.0,-1.0,-1.0,-1.0,-1.0,-1.0,-1.0,-1.0,-1.0,-1.0,-1.0,-1.0,80357
M,DIVORCED,ESP,PRIMARY,THIN,TENANT_MARKET,OTHER_INACTIVE,POOR,N,N,N,N,N,N,N,N,N,UNK,N,-1.0,-1.0,-1.0,-1.0,-1.0,-1.0,-1.0,-1.0,-1.0,-1.0,-1.0,-1.0,-1.0,-1.0,-1.0,-1.0,-1.0,-1.0,-1.0,-1.0,-1.0,-1.0,-1.0,-1.0,-1.0,-1.0,-1.0,-1.0,-1.0,-1.0,-1.0,-1.0,-1.0,-1.0,-1.0,-1.0,16885
M,DIVORCED,ITA,LOWER_SEC,THIN,TENANT_MARKET,OTHER_INACTIVE,FAIR,N,N,N,N,N,N,N,N,N,NA,N,-1.0,-1.0,-1.0,-1.0,-1.0,-1.0,-1.0,-1.0,-1.0,-1.0,-1.0,-1.0,-1.0,-1.0,-1.0,-1.0,-1.0,-1.0,-1.0,-1.0,-1.0,-1.0,-1.0,-1.0,-1.0,-1.0,-1.0,-1.0,-1.0,-1.0,-1.0,-1.0,-1.0,-1.0,-1.0,-1.0,89497
M,WIDOWED,ITA,PRIMARY,THIN,TENANT_MARKET,RETIRED,POOR,N,N,N,N,N,N,N,N,N,UNK,N,-1.0,-1.0,-1.0,-1.0,-1.0,-1.0,-1.0,-1.0,-1.0,-1.0,-1.0,-1.0,-1.0,-1.0,-1.0,-1.0,-1.0,-1.0,-1.0,-1.0,-1.0,-1.0,-1.0,-1.0,-1.0,-1.0,-1.0,-1.0,-1.0,-1.0,-1.0,-1.0,-1.0,-1.0,-1.0,-1.0,95275
M,DIVORCED,ITA,LOWER_SEC,THIN,TENANT_REDUCED,OTHER_INACTIVE,POOR,N,N,N,N,N,N,N,N,N,NA,N,-1.0,-1.0,-1.0,-1.0,-1.0,-1.0,-1.0,-1.0,-1.0,-1.0,-1.0,-1.0,-1.0,-1.0,-1.0,-1.0,-1.0,-1.0,-1.0,-1.0,-1.0,-1.0,-1.0,-1.0,-1.0,-1.0,-1.0,-1.0,-1.0,-1.0,-1.0,-1.0,-1.0,-1.0,-1.0,-1.0,89886
M,WIDOWED,ESP,LOWER_SEC,THIN,TENANT_REDUCED,RETIRED,POOR,N,N,N,N,N,N,N,N,N,NA,N,-1.0,-1.0,-1.0,-1.0,-1.0,-1.0,-1.0,-1.0,-1.0,-1.0,-1.0,-1.0,-1.0,-1.0,-1.0,-1.0,-1.0,-1.0,-1.0,-1.0,-1.0,-1.0,-1.0,-1.0,-1.0,-1.0,-1.0,-1.0,-1.0,-1.0,-1.0,-1.0,-1.0,-1.0,-1.0,-1.0,796
M,DIVORCED,ESP,PRIMARY,THIN,TENANT_MARKET,RETIRED,POOR,N,N,N,N,N,N,N,N,N,NA,N,-1.0,-1.0,-1.0,-1.0,-1.0,-1.0,-1.0,-1.0,-1.0,-1.0,-1.0,-1.0,-1.0,-1.0,-1.0,-1.0,-1.0,-1.0,-1.0,-1.0,-1.0,-1.0,-1.0,-1.0,-1.0,-1.0,-1.0,-1.0,-1.0,-1.0,-1.0,-1.0,-1.0,-1.0,-1.0,-1.0,84925
M,WIDOWED,ITA,PRIMARY,THIN,TENANT_MARKET,OTHER_INACTIVE,POOR,N,N,N,N,N,N,N,N,N,UNK,N,-1.0,-1.0,-1.0,-1.0,-1.0,-1.0,-1.0,-1.0,-1.0,-1.0,-1.0,-1.0,-1.0,-1.0,-1.0,-1.0,-1.0,-1.0,-1.0,-1.0,-1.0,-1.0,-1.0,-1.0,-1.0,-1.0,-1.0,-1.0,-1.0,-1.0,-1.0,-1.0,-1.0,-1.0,-1.0,-1.0,42550
M,WIDOWED,ITA,PRIMARY,THIN,TENANT_MARKET,OTHER_INACTIVE,FAIR,N,N,N,N,N,N,N,N,N,NA,N,-1.0,-1.0,-1.0,-1.0,-1.0,-1.0,-1.0,-1.0,-1.0,-1.0,-1.0,-1.0,-1.0,-1.0,-1.0,-1.0,-1.0,-1.0,-1.0,-1.0,-1.0,-1.0,-1.0,-1.0,-1.0,-1.0,-1.0,-1.0,-1.0,-1.0,-1.0,-1.0,-1.0,-1.0,-1.0,-1.0,15432
M,DIVORCED,ESP,LOWER_SEC,THIN,TENANT_MARKET,OTHER_INACTIVE,POOR,N,N,N,N,N,N,N,N,N,UNK,N,-1.0,-1.0,-1.0,-1.0,-1.0,-1.0,-1.0,-1.0,-1.0,-1.0,-1.0,-1.0,-1.0,-1.0,-1.0,-1.0,-1.0,-1.0,-1.0,-1.0,-1.0,-1.0,-1.0,-1.0,-1.0,-1.0,-1.0,-1.0,-1.0,-1.0,-1.0,-1.0,-1.0,-1.0,-1.0,-1.0,78589
M,DIVORCED,ITA,PRIMARY,THIN,TENANT_MARKET,OTHER_INACTIVE,POOR,N,N,N,N,N,N,N,N,N,NA,N,-1.0,-1.0,-1.0,-1.0,-1.0,-1.0,-1.0,-1.0,-1.0,-1.0,-1.0,-1.0,-1.0,-1.0,-1.0,-1.0,-1.0,-1.0,-1.0,-1.0,-1.0,-1.0,-1.0,-1.0,-1.0,-1.0,-1.0,-1.0,-1.0,-1.0,-1.0,-1.0,-1.0,-1.0,-1.0,-1.0,69548
M,DIVORCED,ITA,PRIMARY,THIN,TENANT_MARKET,RETIRED,FAIR,N,N,N,N,N,N,N,N,N,NA,N,-1.0,-1.0,-1.0,-1.0,-1.0,-1.0,-1.0,-1.0,-1.0,-1.0,-1.0,-1.0,-1.0,-1.0,-1.0,-1.0,-1.0,-1.0,-1.0,-1.0,-1.0,-1.0,-1.0,-1.0,-1.0,-1.0,-1.0,-1.0,-1.0,-1.0,-1.0,-1.0,-1.0,-1.0,-1.0,-1.0,88031
M,DIVORCED,ESP,PRIMARY,THIN,TENANT_MARKET,RETIRED,FAIR,N,N,N,N,N,N,N,N,N,UNK,N,-1.0,-1.0,-1.0,-1.0,-1.0,-1.0,-1.0,-1.0,-1.0,-1.0,-1.0,-1.0,-1.0,-1.0,-1.0,-1.0,-1.0,-1.0,-1.0,-1.0,-1.0,-1.0,-1.0,-1.0,-1.0,-1.0,-1.0,-1.0,-1.0,-1.0,-1.0,-1.0,-1.0,-1.0,-1.0,-1.0,19076
M,WIDOWED,ITA,PRIMARY,THIN,TENANT_REDUCED,OTHER_INACTIVE,FAIR,N,N,N,N,N,N,N,N,N,UNK,N,-1.0,-1.0,-1.0,-1.0,-1.0,-1.0,-1.0,-1.0,-1.0,-1.0,-1.0,-1.0,-1.0,-1.0,-1.0,-1.0,-1.0,-1.0,-1.0,-1.0,-1.0,-1.0,-1.0,-1.0,-1.0,-1.0,-1.0,-1.0,-1.0,-1.0,-1.0,-1.0,-1.0,-1.0,-1.0,-1.0,89653
M,WIDOWED,ESP,LOWER_SEC,THIN,TENANT_REDUCED,OTHER_INACTIVE,FAIR,N,N,N,N,N,N,N,N,N,NA,N,-1.0,-1.0,-1.0,-1.0,-1.0,-1.0,-1.0,-1.0,-1.0,-1.0,-1.0,-1.0,-1.0,-1.0,-1.0,-1.0,-1.0,-1.0,-1.0,-1.0,-1.0,-1.0,-1.0,-1.0,-1.0,-1.0,-1.0,-1.0,-1.0,-1.0,-1.0,-1.0,-1.0,-1.0,-1.0,-1.0,4063
M,DIVORCED,ESP,LOWER_SEC,THIN,TENANT_MARKET,OTHER_INACTIVE,POOR,N,N,N,N,N,N,N,N,N,UNK,N,-1.0,-1.0,-1.0,-1.0,-1.0,-1.0,-1.0,-1.0,-1.0,-1.0,-1.0,-1.0,-1.0,-1.0,-1.0,-1.0,-1.0,-1.0,-1.0,-1.0,-1.0,-1.0,-1.0,-1.0,-1.0,-1.0,-1.0,-1.0,-1.0,-1.0,-1.0,-1.0,-1.0,-1.0,-1.0,-1.0,28585
M,DIVORCED,ESP,LOWER_SEC,THIN,TENANT_REDUCED,RETIRED,POOR,N,N,N,N,N,N,N,N,N,UNK,N,-1.0,-1.0,-1.0,-1.0,-1.0,-1.0,-1.0,-1.0,-1.0,-1.0,-1.0,-1.0,-1.0,-1.0,-1.0,-1.0,-1.0,-1.0,-1.0,-1.0,-1.0,-1.0,-1.0,-1.0,-1.0,-1.0,-1.0,-1.0,-1.0,-1.0,-1.0,-1.0,-1.0,-1.0,-1.0,-1.0,19479
M,DIVORCED,ESP,PRIMARY,THIN,TENANT_MARKET,RETIRED,POOR,N,N,N,N,N,N,N,N,N,UNK,N,-1.0,-1.0,-1.0,-1.0,-1.0,-1.0,-1.0,-1.0,-1.0,-1.0,-1.0,-1.0,-1.0,-1.0,-1.0,-1.0,-1.0,-1.0,-1.0,-1.0,-1.0,-1.0,-1.0,-1.0,-1.0,-1.0,-1.0,-1.0,-1.0,-1.0,-1.0,-1.0,-1.0,-1.0,-1.0,-1.0,20791
M,DIVORCED,ESP,PRIMARY,THIN,TENANT_REDUCED,OTHER_INACTIVE,FAIR,N,N,N,N,N,N,N,N,N,NA,N,-1.0,-1.0,-1.0,-1.0,-1.0,-1.0,-1.0,-1.0,-1.0,-1.0,-1.0,-1.0,-1.0,-1.0,-1.0,-1.0,-1.0,-1.0,-1.0,-1.0,-1.0,-1.0,-1.0,-1.0,-1.0,-1.0,-1.0,-1.0,-1.0,-1.0,-1.0,-1.0,-1.0,-1.0,-1.0,-1.0,55559
M,DIVORCED,ITA,PRIMARY,THIN,TENANT_REDUCED,OTHER_INACTIVE,POOR,N,N,N,N,N,N,N,N,N,NA,N,-1.0,-1.0,-1.0,-1.0,-1.0,-1.0,-1.0,-1.0,-1.0,-1.0,-1.0,-1.0,-1.0,-1.0,-1.0,-1.0,-1.0,-1.0,-1.0,-1.0,-1.0,-1.0,-1.0,-1.0,-1.0,-1.0,-1.0,-1.0,-1.0,-1.0,-1.0,-1.0,-1.0,-1.0,-1.0,-1.0,40524
M,WIDOWED,ESP,PRIMARY,THIN,TENANT_MARKET,RETIRED,FAIR,N,N,N,N,N,N,N,N,N,UNK,N,-1.0,-1.0,-1.0,-1.0,-1.0,-1.0,-1.0,-1.0,-1.0,-1.0,-1.0,-1.0,-1.0,-1.0,-1.0,-1.0,-1.0,-1.0,-1.0,-1.0,-1.0,-1.0,-1.0,-1.0,-1.0,-1.0,-1.0,-1.0,-1.0,-1.0,-1.0,-1.0,-1.0,-1.0,-1.0,-1.0,20162
M,DIVORCED,ITA,LOWER_SEC,THIN,TENANT_REDUCED,OTHER_INACTIVE,POOR,N,N,N,N,N,N,N,N,N,UNK,N,-1.0,-1.0,-1.0,-1.0,-1.0,-1.0,-1.0,-1.0,-1.0,-1.0,-1.0,-1.0,-1.0,-1.0,-1.0,-1.0,-1.0,-1.0,-1.0,-1.0,-1.0,-1.0,-1.0,-1.0,-1.0,-1.0,-1.0,-1.0,-1.0,-1.0,-1.0,-1.0,-1.0,-1.0,-1.0,-1.0,16525
M,DIVORCED,ESP,PRIMARY,THIN,TENANT_REDUCED,OTHER_INACTIVE,POOR,N,N,N,N,N,N,N,N,N,UNK,N,-1.0,-1.0,-1.0,-1.0,-1.0,-1.0,-1.0,-1.0,-1.0,-1.0,-1.0,-1.0,-1.0,-1.0,-1.0,-1.0,-1.0,-1.0,-1.0,-1.0,-1.0,-1.0,-1.0,-1.0,-1.0,-1.0,-1.0,-1.0,-1.0,-1.0,-1.0,-1.0,-1.0,-1.0,-1.0,-1.0,3832
M,DIVORCED,ESP,PRIMARY,THIN,TENANT_REDUCED,RETIRED,FAIR,N,N,N,N,N,N,N,N,N,UNK,N,-1.0,-1.0,-1.0,-1.0,-1.0,-1.0,-1.0,-1.0,-1.0,-1.0,-1.0,-1.0,-1.0,-1.0,-1.0,-1.0,-1.0,-1.0,-1.0,-1.0,-1.0,-1.0,-1.0,-1.0,-1.0,-1.0,-1.0,-1.0,-1.0,-1.0,-1.0,-1.0,-1.0,-1.0,-1.0,-1.0,56580
M,DIVORCED,ITA,PRIMARY,THIN,TENANT_MARKET,RETIRED,FAIR,N,N,N,N,N,N,N,N,N,NA,N,-1.0,-1.0,-1.0,-1.0,-1.0,-1.0,-1.0,-1.0,-1.0,-1.0,-1.0,-1.0,-1.0,-1.0,-1.0,-1.0,-1.0,-1.0,-1.0,-1.0,-1.0,-1.0,-1.0,-1.0,-1.0,-1.0,-1.0,-1.0,-1.0,-1.0,-1.0,-1.0,-1.0,-1.0,-1.0,-1.0,23898
M,DIVORCED,ITA,LOWER_SEC,THIN,TENANT_MARKET,OTHER_INACTIVE,FAIR,N,N,N,N,N,N,N,N,N,UNK,N,-1.0,-1.0,-1.0,-1.0,-1.0,-1.0,-1.0,-1.0,-1.0,-1.0,-1.0,-1.0,-1.0,-1.0,-1.0,-1.0,-1.0,-1.0,-1.0,-1.0,-1.0,-1.0,-1.0,-1.0,-1.0,-1.0,-1.0,-1.0,-1.0,-1.0,-1.0,-1.0,-1.0,-1.0,-1.0,-1.0,7295
M,DIVORCED,ITA,PRIMARY,THIN,TENANT_REDUCED,RETIRED,POOR,N,N,N,N,N,N,N,N,N,UNK,N,-1.0,-1.0,-1.0,-1.0,-1.0,-1.0,-1.0,-1.0,-1.0,-1.0,-1.0,-1.0,-1.0,-1.0,-1.0,-1.0,-1.0,-1.0,-1.0,-1.0,-1.0,-1.0,-1.0,-1.0,-1.0,-1.0,-1.0,-1.0,-1.0,-1.0,-1.0,-1.0,-1.0,-1.0,-1.0,-1.0,19756
M,DIVORCED,ITA,LOWER_SEC,THIN,TENANT_MARKET,OTHER_INACTIVE,POOR,N,N,N,N,N,N,N,N,N,UNK,N,-1.0,-1.0,-1.0,-1.0,-1.0,-1.0,-1.0,-1.0,-1.0,-1.0,-1.0,-1.0,-1.0,-1.0,-1.0,-1.0,-1.0,-1.0,-1.0,-1.0,-1.0,-1.0,-1.0,-1.0,-1.0,-1.0,-1.0,-1.0,-1.0,-1.0,-1.0,-1.0,-1.0,-1.0,-1.0,-1.0,84769
M,WIDOWED,ESP,LOWER_SEC,THIN,TENANT_REDUCED,RETIRED,POOR,N,N,N,N,N,N,N,N,N,UNK,N,-1.0,-1.0,-1.0,-1.0,-1.0,-1.0,-1.0,-1.0,-1.0,-1.0,-1.0,-1.0,-1.0,-1.0,-1.0,-1.0,-1.0,-1.0,-1.0,-1.0,-1.0,-1.0,-1.0,-1.0,-1.0,-1.0,-1.0,-1.0,-1.0,-1.0,-1.0,-1.0,-1.0,-1.0,-1.0,-1.0,91342
M,WIDOWED,ESP,PRIMARY,THIN,TENANT_REDUCED,RETIRED,POOR,N,N,N,N,N,N,N,N,N,NA,N,-1.0,-1.0,-1.0,-1.0,-1.0,-1.0,-1.0,-1.0,-1.0,-1.0,-1.0,-1.0,-1.0,-1.0,-1.0,-1.0,-1.0,-1.0,-1.0,-1.0,-1.0,-1.0,-1.0,-1.0,-1.0,-1.0,-1.0,-1.0,-1.0,-1.0,-1.0,-1.0,-1.0,-1.0,-1.0,-1.0,90049
M,WIDOWED,ESP,LOWER_SEC,THIN,TENANT_MARKET,RETIRED,POOR,N,N,N,N,N,N,N,N,N,NA,N,-1.0,-1.0,-1.0,-1.0,-1.0,-1.0,-1.0,-1.0,-1.0,-1.0,-1.0,-1.0,-1.0,-1.0,-1.0,-1.0,-1.0,-1.0,-1.0,-1.0,-1.0,-1.0,-1.0,-1.0,-1.0,-1.0,-1.0,-1.0,-1.0,-1.0,-1.0,-1.0,-1.0,-1.0,-1.0,-1.0,90437
M,WIDOWED,ESP,PRIMARY,THIN,TENANT_MARKET,RETIRED,POOR,N,N,N,N,N,N,N,N,N,NA,N,-1.0,-1.0,-1.0,-1.0,-1.0,-1.0,-1.0,-1.0,-1.0,-1.0,-1.0,-1.0,-1.0,-1.0,-1.0,-1.0,-1.0,-1.0,-1.0,-1.0,-1.0,-1.0,-1.0,-1.0,-1.0,-1.0,-1.0,-1.0,-1.0,-1.0,-1.0,-1.0,-1.0,-1.0,-1.0,-1.0,2361
M,DIVORCED,ESP,LOWER_SEC,THIN,TENANT_MARKET,RETIRED,POOR,N,N,N,N,N,N,N,N,N,NA,N,-1.0,-1.0,-1.0,-1.0,-1.0,-1.0,-1.0,-1.0,-1.0,-1.0,-1.0,-1.0,-1.0,-1.0,-1.0,-1.0,-1.0,-1.0,-1.0,-1.0,-1.0,-1.0,-1.0,-1.0,-1.0,-1.0,-1.0,-1.0,-1.0,-1.0,-1.0,-1.0,-1.0,-1.0,-1.0,-1.0,61774
M,DIVORCED,ESP,LOWER_SEC,THIN,TENANT_REDUCED,OTHER_INACTIVE,POOR,N,N,N,N,N,N,N,N,N,NA,N,-1.0,-1.0,-1.0,-1.0,-1.0,-1.0,-1.0,-1.0,-1.0,-1.0,-1.0,-1.0,-1.0,-1.0,-1.0,-1.0,-1.0,-1.0,-1.0,-1.0,-1.0,-1.0,-1.0,-1.0,-1.0,-1.0,-1.0,-1.0,-1.0,-1.0,-1.0,-1.0,-1.0,-1.0,-1.0,-1.0,74797
M,DIVORCED,ESP,LOWER_SEC,THIN,TENANT_REDUCED,OTHER_INACTIVE,FAIR,N,N,N,N,N,N,N,N,N,NA,N,-1.0,-1.0,-1.0,-1.0,-1.0,-1.0,-1.0,-1.0,-1.0,-1.0,-1.0,-1.0,-1.0,-1.0,-1.0,-1.0,-1.0,-1.0,-1.0,-1.0,-1.0,-1.0,-1.0,-1.0,-1.0,-1.0,-1.0,-1.0,-1.0,-1.0,-1.0,-1.0,-1.0,-1.0,-1.0,-1.0,4296
M,DIVORCED,ITA,PRIMARY,THIN,TENANT_REDUCED,OTHER_INACTIVE,POOR,N,N,N,N,N,N,N,N,N,NA,N,-1.0,-1.0,-1.0,-1.0,-1.0,-1.0,-1.0,-1.0,-1.0,-1.0,-1.0,-1.0,-1.0,-1.0,-1.0,-1.0,-1.0,-1.0,-1.0,-1.0,-1.0,-1.0,-1.0,-1.0,-1.0,-1.0,-1.0,-1.0,-1.0,-1.0,-1.0,-1.0,-1.0,-1.0,-1.0,-1.0,86915
M,DIVORCED,ITA,PRIMARY,THIN,TENANT_REDUCED,OTHER_INACTIVE,FAIR,N,N,N,N,N,N,N,N,N,UNK,N,-1.0,-1.0,-1.0,-1.0,-1.0,-1.0,-1.0,-1.0,-1.0,-1.0,-1.0,-1.0,-1.0,-1.0,-1.0,-1.0,-1.0,-1.0,-1.0,-1.0,-1.0,-1.0,-1.0,-1.0,-1.0,-1.0,-1.0,-1.0,-1.0,-1.0,-1.0,-1.0,-1.0,-1.0,-1.0,-1.0,58215
M,WIDOWED,ESP,PRIMARY,THIN,TENANT_REDUCED,RETIRED,POOR,N,N,N,N,N,N,N,N,N,NA,N,-1.0,-1.0,-1.0,-1.0,-1.0,-1.0,-1.0,-1.0,-1.0,-1.0,-1.0,-1.0,-1.0,-1.0,-1.0,-1.0,-1.0,-1.0,-1.0,-1.0,-1.0,-1.0,-1.0,-1.0,-1.0,-1.0,-1.0,-1.0,-1.0,-1.0,-1.0,-1.0,-1.0,-1.0,-1.0,-1.0,35766
M,DIVORCED,ITA,PRIMARY,THIN,TENANT_MARKET,OTHER_INACTIVE,FAIR,N,N,N,N,N,N,N,N,N,UNK,N,-1.0,-1.0,-1.0,-1.0,-1.0,-1.0,-1.0,-1.0,-1.0,-1.0,-1.0,-1.0,-1.0,-1.0,-1.0,-1.0,-1.0,-1.0,-1.0,-1.0,-1.0,-1.0,-1.0,-1.0,-1.0,-1.0,-1.0,-1.0,-1.0,-1.0,-1.0,-1.0,-1.0,-1.0,-1.0,-1.0,31915
M,DIVORCED,ESP,LOWER_SEC,THIN,TENANT_MARKET,RETIRED,FAIR,N,N,N,N,N,N,N,N,N,NA,N,-1.0,-1.0,-1.0,-1.0,-1.0,-1.0,-1.0,-1.0,-1.0,-1.0,-1.0,-1.0,-1.0,-1.0,-1.0,-1.0,-1.0,-1.0,-1.0,-1.0,-1.0,-1.0,-1.0,-1.0,-1.0,-1.0,-1.0,-1.0,-1.0,-1.0,-1.0,-1.0,-1.0,-1.0,-1.0,-1.0,75613
M,DIVORCED,ITA,LOWER_SEC,THIN,TENANT_MARKET,OTHER_INACTIVE,FAIR,N,N,N,N,N,N,N,N,N,NA,N,-1.0,-1.0,-1.0,-1.0,-1.0,-1.0,-1.0,-1.0,-1.0,-1.0,-1.0,-1.0,-1.0,-1.0,-1.0,-1.0,-1.0,-1.0,-1.0,-1.0,-1.0,-1.0,-1.0,-1.0,-1.0,-1.0,-1.0,-1.0,-1.0,-1.0,-1.0,-1.0,-1.0,-1.0,-1.0,-1.0,43501
M,DIVORCED,ESP,LOWER_SEC,THIN,TENANT_MARKET,OTHER_INACTIVE,POOR,N,N,N,N,N,N,N,N,N,UNK,N,-1.0,-1.0,-1.0,-1.0,-1.0,-1.0,-1.0,-1.0,-1.0,-1.0,-1.0,-1.0,-1.0,-1.0,-1.0,-1.0,-1.0,-1.0,-1.0,-1.0,-1.0,-1.0,-1.0,-1.0,-1.0,-1.0,-1.0,-1.0,-1.0,-1.0,-1.0,-1.0,-1.0,-1.0,-1.0,-1.0,63148
M,WIDOWED,ITA,LOWER_SEC,THIN,TENANT_REDUCED,RETIRED,POOR,N,N,N,N,N,N,N,N,N,UNK,N,-1.0,-1.0,-1.0,-1.0,-1.0,-1.0,-1.0,-1.0,-1.0,-1.0,-1.0,-1.0,-1.0,-1.0,-1.0,-1.0,-1.0,-1.0,-1.0,-1.0,-1.0,-1.0,-1.0,-1.0,-1.0,-1.0,-1.0,-1.0,-1.0,-1.0,-1.0,-1.0,-1.0,-1.0,-1.0,-1.0,81222
M,WIDOWED,ESP,PRIMARY,THIN,TENANT_REDUCED,OTHER_INACTIVE,POOR,N,N,N,N,N,N,N,N,N,UNK,N,-1.0,-1.0,-1.0,-1.0,-1.0,-1.0,-1.0,-1.0,-1.0,-1.0,-1.0,-1.0,-1.0,-1.0,-1.0,-1.0,-1.0,-1.0,-1.0,-1.0,-1.0,-1.0,-1.0,-1.0,-1.0,-1.0,-1.0,-1.0,-1.0,-1.0,-1.0,-1.0,-1.0,-1.0,-1.0,-1.0,90605
M,WIDOWED,ITA,PRIMARY,THIN,TENANT_MARKET,RETIRED,POOR,N,N,N,N,N,N,N,N,N,NA,N,-1.0,-1.0,-1.0,-1.0,-1.0,-1.0,-1.0,-1.0,-1.0,-1.0,-1.0,-1.0,-1.0,-1.0,-1.0,-1.0,-1.0,-1.0,-1.0,-1.0,-1.0,-1.0,-1.0,-1.0,-1.0,-1.0,-1.0,-1.0,-1.0,-1.0,-1.0,-1.0,-1.0,-1.0,-1.0,-1.0,94211
M,WIDOWED,ITA,LOWER_SEC,THIN,TENANT_REDUCED,OTHER_INACTIVE,FAIR,N,N,N,N,N,N,N,N,N,UNK,N,-1.0,-1.0,-1.0,-1.0,-1.0,-1.0,-1.0,-1.0,-1.0,-1.0,-1.0,-1.0,-1.0,-1.0,-1.0,-1.0,-1.0,-1.0,-1.0,-1.0,-1.0,-1.0,-1.0,-1.0,-1.0,-1.0,-1.0,-1.0,-1.0,-1.0,-1.0,-1.0,-1.0,-1.0,-1.0,-1.0,13388
M,DIVORCED,ITA,LOWER_SEC,THIN,TENANT_REDUCED,RETIRED,FAIR,N,N,N,N,N,N,N,N,N,UNK,N,-1.0,-1.0,-1.0,-1.0,-1.0,-1.0,-1.0,-1.0,-1.0,-1.0,-1.0,-1.0,-1.0,-1.0,-1.0,-1.0,-1.0,-1.0,-1.0,-1.0,-1.0,-1.0,-1.0,-1.0,-1.0,-1.0,-1.0,-1.0,-1.0,-1.0,-1.0,-1.0,-1.0,-1.0,-1.0,-1.0,46157
M,DIVORCED,ITA,LOWER_SEC,THIN,TENANT_MARKET,RETIRED,FAIR,N,N,N,N,N,N,N,N,N,UNK,N,-1.0,-1.0,-1.0,-1.0,-1.0,-1.0,-1.0,-1.0,-1.0,-1.0,-1.0,-1.0,-1.0,-1.0,-1.0,-1.0,-1.0,-1.0,-1.0,-1.0,-1.0,-1.0,-1.0,-1.0,-1.0,-1.0,-1.0,-1.0,-1.0,-1.0,-1.0,-1.0,-1.0,-1.0,-1.0,-1.0,67319
M,WIDOWED,ITA,PRIMARY,THIN,TENANT_REDUCED,OTHER_INACTIVE,FAIR,N,N,N,N,N,N,N,N,N,NA,N,-1.0,-1.0,-1.0,-1.0,-1.0,-1.0,-1.0,-1.0,-1.0,-1.0,-1.0,-1.0,-1.0,-1.0,-1.0,-1.0,-1.0,-1.0,-1.0,-1.0,-1.0,-1.0,-1.0,-1.0,-1.0,-1.0,-1.0,-1.0,-1.0,-1.0,-1.0,-1.0,-1.0,-1.0,-1.0,-1.0,80407
M,WIDOWED,ESP,LOWER_SEC,THIN,TENANT_REDUCED,OTHER_INACTIVE,FAIR,N,N,N,N,N,N,N,N,N,NA,N,-1.0,-1.0,-1.0,-1.0,-1.0,-1.0,-1.0,-1.0,-1.0,-1.0,-1.0,-1.0,-1.0,-1.0,-1.0,-1.0,-1.0,-1.0,-1.0,-1.0,-1.0,-1.0,-1.0,-1.0,-1.0,-1.0,-1.0,-1.0,-1.0,-1.0,-1.0,-1.0,-1.0,-1.0,-1.0,-1.0,97753
M,DIVORCED,ITA,PRIMARY,THIN,TENANT_REDUCED,OTHER_INACTIVE,FAIR,N,N,N,N,N,N,N,N,N,UNK,N,-1.0,-1.0,-1.0,-1.0,-1.0,-1.0,-1.0,-1.0,-1.0,-1.0,-1.0,-1.0,-1.0,-1.0,-1.0,-1.0,-1.0,-1.0,-1.0,-1.0,-1.0,-1.0,-1.0,-1.0,-1.0,-1.0,-1.0,-1.0,-1.0,-1.0,-1.0,-1.0,-1.0,-1.0,-1.0,-1.0,3809
M,DIVORCED,ITA,PRIMARY,THIN,TENANT_MARKET,OTHER_INACTIVE,POOR,N,N,N,N,N,N,N,N,N,UNK,N,-1.0,-1.0,-1.0,-1.0,-1.0,-1.0,-1.0,-1.0,-1.0,-1.0,-1.0,-1.0,-1.0,-1.0,-1.0,-1.0,-1.0,-1.0,-1.0,-1.0,-1.0,-1.0,-1.0,-1.0,-1.0,-1.0,-1.0,-1.0,-1.0,-1.0,-1.0,-1.0,-1.0,-1.0,-1.0,-1.0,44843
M,DIVORCED,ITA,LOWER_SEC,THIN,TENANT_REDUCED,RETIRED,FAIR,N,N,N,N,N,N,N,N,N,UNK,N,-1.0,-1.0,-1.0,-1.0,-1.0,-1.0,-1.0,-1.0,-1.0,-1.0,-1.0,-1.0,-1.0,-1.0,-1.0,-1.0,-1.0,-1.0,-1.0,-1.0,-1.0,-1.0,-1.0,-1.0,-1.0,-1.0,-1.0,-1.0,-1.0,-1.0,-1.0,-1.0,-1.0,-1.0,-1.0,-1.0,97710
M,DIVORCED,ESP,PRIMARY,THIN,TENANT_REDUCED,RETIRED,POOR,N,N,N,N,N,N,N,N,N,UNK,N,-1.0,-1.0,-1.0,-1.0,-1.0,-1.0,-1.0,-1.0,-1.0,-1.0,-1.0,-1.0,-1.0,-1.0,-1.0,-1.0,-1.0,-1.0,-1.0,-1.0,-1.0,-1.0,-1.0,-1.0,-1.0,-1.0,-1.0,-1.0,-1.0,-1.0,-1.0,-1.0,-1.0,-1.0,-1.0,-1.0,38427
M,DIVORCED,ESP,PRIMARY,THIN,TENANT_REDUCED,OTHER_INACTIVE,POOR,N,N,N,N,N,N,N,N,N,UNK,N,-1.0,-1.0,-1.0,-1.0,-1.0,-1.0,-1.0,-1.0,-1.0,-1.0,-1.0,-1.0,-1.0,-1.0,-1.0,-1.0,-1.0,-1.0,-1.0,-1.0,-1.0,-1.0,-1.0,-1.0,-1.0,-1.0,-1.0,-1.0,-1.0,-1.0,-1.0,-1.0,-1.0,-1.0,-1.0,-1.0,65466
M,DIVORCED,ITA,LOWER_SEC,THIN,TENANT_MARKET,OTHER_INACTIVE,POOR,N,N,N,N,N,N,N,N,N,UNK,N,-1.0,-1.0,-1.0,-1.0,-1.0,-1.0,-1.0,-1.0,-1.0,-1.0,-1.0,-1.0,-1.0,-1.0,-1.0,-1.0,-1.0,-1.0,-1.0,-1.0,-1.0,-1.0,-1.0,-1.0,-1.0,-1.0,-1.0,-1.0,-1.0,-1.0,-1.0,-1.0,-1.0,-1.0,-1.0,-1.0,20927
M,WIDOWED,ITA,PRIMARY,THIN,TENANT_MARKET,OTHER_INACTIVE,FAIR,N,N,N,N,N,N,N,N,N,UNK,N,-1.0,-1.0,-1.0,-1.0,-1.0,-1.0,-1.0,-1.0,-1.0,-1.0,-1.0,-1.0,-1.0,-1.0,-1.0,-1.0,-1.0,-1.0,-1.0,-1.0,-1.0,-1.0,-1.0,-1.0,-1.0,-1.0,-1.0,-1.0,-1.0,-1.0,-1.0,-1.0,-1.0,-1.0,-1.0,-1.0,99511
M,DIVORCED,ITA,LOWER_SEC,THIN,TENANT_REDUCED,RETIRED,POOR,N,N,N,N,N,N,N,N,N,NA,N,-1.0,-1.0,-1.0,-1.0,-1.0,-1.0,-1.0,-1.0,-1.0,-1.0,-1.0,-1.0,-1.0,-1.0,-1.0,-1.0,-1.0,-1.0,-1.0,-1.0,-1.0,-1.0,-1.0,-1.0,-1.0,-1.0,-1.0,-1.0,-1.0,-1.0,-1.0,-1.0,-1.0,-1.0,-1.0,-1.0,52914
M,DIVORCED,ITA,PRIMARY,THIN,TENANT_MARKET,OTHER_INACTIVE,FAIR,N,N,N,N,N,N,N,N,N,UNK,N,-1.0,-1.0,-1.0,-1.0,-1.0,-1.0,-1.0,-1.0,-1.0,-1.0,-1.0,-1.0,-1.0,-1.0,-1.0,-1.0,-1.0,-1.0,-1.0,-1.0,-1.0,-1.0,-1.0,-1.0,-1.0,-1.0,-1.0,-1.0,-1.0,-1.0,-1.0,-1.0,-1.0,-1.0,-1.0,-1.0,80165
M,WIDOWED,ITA,PRIMARY,THIN,TENANT_MARKET,OTHER_INACTIVE,FAIR,N,N,N,N,N,N,N,N,N,NA,N,-1.0,-1.0,-1.0,-1.0,-1.0,-1.0,-1.0,-1.0,-1.0,-1.0,-1.0,-1.0,-1.0,-1.0,-1.0,-1.0,-1.0,-1.0,-1.0,-1.0,-1.0,-1.0,-1.0,-1.0,-1.0,-1.0,-1.0,-1.0,-1.0,-1.0,-1.0,-1.0,-1.0,-1.0,-1.0,-1.0,17169
M,DIVORCED,ITA,PRIMARY,THIN,TENANT_MARKET,OTHER_INACTIVE,POOR,N,N,N,N,N,N,N,N,N,UNK,N,-1.0,-1.0,-1.0,-1.0,-1.0,-1.0,-1.0,-1.0,-1.0,-1.0,-1.0,-1.0,-1.0,-1.0,-1.0,-1.0,-1.0,-1.0,-1.0,-1.0,-1.0,-1.0,-1.0,-1.0,-1.0,-1.0,-1.0,-1.0,-1.0,-1.0,-1.0,-1.0,-1.0,-1.0,-1.0,-1.0,7870
M,DIVORCED,ITA,PRIMARY,THIN,TENANT_REDUCED,OTHER_INACTIVE,FAIR,N,N,N,N,N,N,N,N,N,NA,N,-1.0,-1.0,-1.0,-1.0,-1.0,-1.0,-1.0,-1.0,-1.0,-1.0,-1.0,-1.0,-1.0,-1.0,-1.0,-1.0,-1.0,-1.0,-1.0,-1.0,-1.0,-1.0,-1.0,-1.0,-1.0,-1.0,-1.0,-1.0,-1.0,-1.0,-1.0,-1.0,-1.0,-1.0,-1.0,-1.0,37452
M,DIVORCED,ITA,PRIMARY,THIN,TENANT_REDUCED,RETIRED,POOR,N,N,N,N,N,N,N,N,N,NA,N,-1.0,-1.0,-1.0,-1.0,-1.0,-1.0,-1.0,-1.0,-1.0,-1.0,-1.0,-1.0,-1.0,-1.0,-1.0,-1.0,-1.0,-1.0,-1.0,-1.0,-1.0,-1.0,-1.0,-1.0,-1.0,-1.0,-1.0,-1.0,-1.0,-1.0,-1.0,-1.0,-1.0,-1.0,-1.0,-1.0,37004
M,WIDOWED,ITA,LOWER_SEC,THIN,TENANT_MARKET,OTHER_INACTIVE,POOR,N,N,N,N,N,N,N,N,N,UNK,N,-1.0,-1.0,-1.0,-1.0,-1.0,-1.0,-1.0,-1.0,-1.0,-1.0,-1.0,-1.0,-1.0,-1.0,-1.0,-1.0,-1.0,-1.0,-1.0,-1.0,-1.0,-1.0,-1.0,-1.0,-1.0,-1.0,-1.0,-1.0,-1.0,-1.0,-1.0,-1.0,-1.0,-1.0,-1.0,-1.0,9000
M,DIVORCED,ESP,LOWER_SEC,THIN,TENANT_REDUCED,OTHER_INACTIVE,FAIR,N,N,N,N,N,N,N,N,N,NA,N,-1.0,-1.0,-1.0,-1.0,-1.0,-1.0,-1.0,-1.0,-1.0,-1.0,-1.0,-1.0,-1.0,-1.0,-1.0,-1.0,-1.0,-1.0,-1.0,-1.0,-1.0,-1.0,-1.0,-1.0,-1.0,-1.0,-1.0,-1.0,-1.0,-1.0,-1.0,-1.0,-1.0,-1.0,-1.0,-1.0,91201
M,DIVORCED,ITA,LOWER_SEC,THIN,TENANT_REDUCED,OTHER_INACTIVE,FAIR,N,N,N,N,N,N,N,N,N,NA,N,-1.0,-1.0,-1.0,-1.0,-1.0,-1.0,-1.0,-1.0,-1.0,-1.0,-1.0,-1.0,-1.0,-1.0,-1.0,-1.0,-1.0,-1.0,-1.0,-1.0,-1.0,-1.0,-1.0,-1.0,-1.0,-1.0,-1.0,-1.0,-1.0,-1.0,-1.0,-1.0,-1.0,-1.0,-1.0,-1.0,88618
M,DIVORCED,ITA,LOWER_SEC,THIN,TENANT_REDUCED,OTHER_INACTIVE,FAIR,N,N,N,N,N,N,N,N,N,NA,N,-1.0,-1.0,-1.0,-1.0,-1.0,-1.0,-1.0,-1.0,-1.0,-1.0,-1.0,-1.0,-1.0,-1.0,-1.0,-1.0,-1.0,-1.0,-1.0,-1.0,-1.0,-1.0,-1.0,-1.0,-1.0,-1.0,-1.0,-1.0,-1.0,-1.0,-1.0,-1.0,-1.0,-1.0,-1.0,-1.0,11152
M,DIVORCED,ITA,LOWER_SEC,THIN,TENANT_REDUCED,RETIRED,POOR,N,N,N,N,N,N,N,N,N,UNK,N,-1.0,-1.0,-1.0,-1.0,-1.0,-1.0,-1.0,-1.0,-1.0,-1.0,-1.0,-1.0,-1.0,-1.0,-1.0,-1.0,-1.0,-1.0,-1.0,-1.0,-1.0,-1.0,-1.0,-1.0,-1.0,-1.0,-1.0,-1.0,-1.0,-1.0,-1.0,-1.0,-1.0,-1.0,-1.0,-1.0,3646
M,DIVORCED,ESP,PRIMARY,THIN,TENANT_REDUCED,RETIRED,POOR,N,N,N,N,N,N,N,N,N,NA,N,-1.0,-1.0,-1.0,-1.0,-1.0,-1.0,-1.0,-1.0,-1.0,-1.0,-1.0,-1.0,-1.0,-1.0,-1.0,-1.0,-1.0,-1.0,-1.0,-1.0,-1.0,-1.0,-1.0,-1.0,-1.0,-1.0,-1.0,-1.0,-1.0,-1.0,-1.0,-1.0,-1.0,-1.0,-1.0,-1.0,51692
M,DIVORCED,ESP,LOWER_SEC,THIN,TENANT_MARKET,OTHER_INACTIVE,POOR,N,N,N,N,N,N,N,N,N,NA,N,-1.0,-1.0,-1.0,-1.0,-1.0,-1.0,-1.0,-1.0,-1.0,-1.0,-1.0,-1.0,-1.0,-1.0,-1.0,-1.0,-1.0,-1.0,-1.0,-1.0,-1.0,-1.0,-1.0,-1.0,-1.0,-1.0,-1.0,-1.0,-1.0,-1.0,-1.0,-1.0,-1.0,-1.0,-1.0,-1.0,77832
M,WIDOWED,ESP,PRIMARY,THIN,TENANT_MARKET,RETIRED,FAIR,N,N,N,N,N,N,N,N,N,NA,N,-1.0,-1.0,-1.0,-1.0,-1.0,-1.0,-1.0,-1.0,-1.0,-1.0,-1.0,-1.0,-1.0,-1.0,-1.0,-1.0,-1.0,-1.0,-1.0,-1.0,-1.0,-1.0,-1.0,-1.0,-1.0,-1.0,-1.0,-1.0,-1.0,-1.0,-1.0,-1.0,-1.0,-1.0,-1.0,-1.0,85979
M,WIDOWED,ITA,LOWER_SEC,THIN,TENANT_MARKET,OTHER_INACTIVE,FAIR,N,N,N,N,N,N,N,N,N,UNK,N,-1.0,-1.0,-1.0,-1.0,-1.0,-1.0,-1.0,-1.0,-1.0,-1.0,-1.0,-1.0,-1.0,-1.0,-1.0,-1.0,-1.0,-1.0,-1.0,-1.0,-1.0,-1.0,-1.0,-1.0,-1.0,-1.0,-1.0,-1.0,-1.0,-1.0,-1.0,-1.0,-1.0,-1.0,-1.0,-1.0,78615
M,WIDOWED,ITA,LOWER_SEC,THIN,TENANT_MARKET,OTHER_INACTIVE,POOR,N,N,N,N,N,N,N,N,N,UNK,N,-1.0,-1.0,-1.0,-1.0,-1.0,-1.0,-1.0,-1.0,-1.0,-1.0,-1.0,-1.0,-1.0,-1.0,-1.0,-1.0,-1.0,-1.0,-1.0,-1.0,-1.0,-1.0,-1.0,-1.0,-1.0,-1.0,-1.0,-1.0,-1.0,-1.0,-1.0,-1.0,-1.0,-1.0,-1.0,-1.0,98434
M,WIDOWED,ESP,LOWER_SEC,THIN,TENANT_MARKET,OTHER_INACTIVE,FAIR,N,N,N,N,N,N,N,N,N,UNK,N,-1.0,-1.0,-1.0,-1.0,-1.0,-1.0,-1.0,-1.0,-1.0,-1.0,-1.0,-1.0,-1.0,-1.0,-1.0,-1.0,-1.0,-1.0,-1.0,-1.0,-1.0,-1.0,-1.0,-1.0,-1.0,-1.0,-1.0,-1.0,-1.0,-1.0,-1.0,-1.0,-1.0,-1.0,-1.0,-1.0,54172
M,WIDOWED,ESP,PRIMARY,THIN,TENANT_MARKET,OTHER_INACTIVE,FAIR,N,N,N,N,N,N,N,N,N,UNK,N,-1.0,-1.0,-1.0,-1.0,-1.0,-1.0,-1.0,-1.0,-1.0,-1.0,-1.0,-1.0,-1.0,-1.0,-1.0,-1.0,-1.0,-1.0,-1.0,-1.0,-1.0,-1.0,-1.0,-1.0,-1.0,-1.0,-1.0,-1.0,-1.0,-1.0,-1.0,-1.0,-1.0,-1.0,-1.0,-1.0,75378
M,WIDOWED,ESP,LOWER_SEC,THIN,TENANT_REDUCED,OTHER_INACTIVE,POOR,N,N,N,N,N,N,N,N,N,NA,N,-1.0,-1.0,-1.0,-1.0,-1.0,-1.0,-1.0,-1.0,-1.0,-1.0,-1.0,-1.0,-1.0,-1.0,-1.0,-1.0,-1.0,-1.0,-1.0,-1.0,-1.0,-1.0,-1.0,-1.0,-1.0,-1.0,-1.0,-1.0,-1.0,-1.0,-1.0,-1.0,-1.0,-1.0,-1.0,-1.0,93237
M,WIDOWED,ITA,LOWER_SEC,THIN,TENANT_REDUCED,RETIRED,FAIR,N,N,N,N,N,N,N,N,N,NA,N,-1.0,-1.0,-1.0,-1.0,-1.0,-1.0,-1.0,-1.0,-1.0,-1.0,-1.0,-1.0,-1.0,-1.0,-1.0,-1.0,-1.0,-1.0,-1.0,-1.0,-1.0,-1.0,-1.0,-1.0,-1.0,-1.0,-1.0,-1.0,-1.0,-1.0,-1.0,-1.0,-1.0,-1.0,-1.0,-1.0,44787
M,WIDOWED,ESP,PRIMARY,THIN,TENANT_MARKET,OTHER_INACTIVE,FAIR,N,N,N,N,N,N,N,N,N,UNK,N,-1.0,-1.0,-1.0,-1.0,-1.0,-1.0,-1.0,-1.0,-1.0,-1.0,-1.0,-1.0,-1.0,-1.0,-1.0,-1.0,-1.0,-1.0,-1.0,-1.0,-1.0,-1.0,-1.0,-1.0,-1.0,-1.0,-1.0,-1.0,-1.0,-1.0,-1.0,-1.0,-1.0,-1.0,-1.0,-1.0,82823
M,WIDOWED,ESP,PRIMARY,THIN,TENANT_REDUCED,RETIRED,FAIR,N,N,N,N,N,N,N,N,N,NA,N,-1.0,-1.0,-1.0,-1.0,-1.0,-1.0,-1.0,-1.0,-1.0,-1.0,-1.0,-1.0,-1.0,-1.0,-1.0,-1.0,-1.0,-1.0,-1.0,-1.0,-1.0,-1.0,-1.0,-1.0,-1.0,-1.0,-1.0,-1.0,-1.0,-1.0,-1.0,-1.0,-1.0,-1.0,-1.0,-1.0,76946
M,WIDOWED,ITA,LOWER_SEC,THIN,TENANT_MARKET,OTHER_INACTIVE,FAIR,N,N,N,N,N,N,N,N,N,UNK,N,-1.0,-1.0,-1.0,-1.0,-1.0,-1.0,-1.0,-1.0,-1.0,-1.0,-1.0,-1.0,-1.0,-1.0,-1.0,-1.0,-1.0,-1.0,-1.0,-1.0,-1.0,-1.0,-1.0,-1.0,-1.0,-1.0,-1.0,-1.0,-1.0,-1.0,-1.0,-1.0,-1.0,-1.0,-1.0,-1.0,4345
M,DIVORCED,ITA,PRIMARY,THIN,TENANT_MARKET,RETIRED,POOR,N,N,N,N,N,N,N,N,N,UNK,N,-1.0,-1.0,-1.0,-1.0,-1.0,-1.0,-1.0,-1.0,-1.0,-1.0,-1.0,-1.0,-1.0,-1.0,-1.0,-1.0,-1.0,-1.0,-1.0,-1.0,-1.0,-1.0,-1.0,-1.0,-1.0,-1.0,-1.0,-1.0,-1.0,-1.0,-1.0,-1.0,-1.0,-1.0,-1.0,-1.0,93393
M,DIVORCED,ESP,LOWER_SEC,THIN,TENANT_REDUCED,OTHER_INACTIVE,POOR,N,N,N,N,N,N,N,N,N,UNK,N,-1.0,-1.0,-1.0,-1.0,-1.0,-1.0,-1.0,-1.0,-1.0,-1.0,-1.0,-1.0,-1.0,-1.0,-1.0,-1.0,-1.0,-1.0,-1.0,-1.0,-1.0,-1.0,-1.0,-1.0,-1.0,-1.0,-1.0,-1.0,-1.0,-1.0,-1.0,-1.0,-1.0,-1.0,-1.0,-1.0,22093
M,DIVORCED,ITA,PRIMARY,THIN,TENANT_REDUCED,RETIRED,POOR,N,N,N,N,N,N,N,N,N,NA,N,-1.0,-1.0,-1.0,-1.0,-1.0,-1.0,-1.0,-1.0,-1.0,-1.0,-1.0,-1.0,-1.0,-1.0,-1.0,-1.0,-1.0,-1.0,-1.0,-1.0,-1.0,-1.0,-1.0,-1.0,-1.0,-1.0,-1.0,-1.0,-1.0,-1.0,-1.0,-1.0,-1.0,-1.0,-1.0,-1.0,21274
M,WIDOWED,ESP,LOWER_SEC,THIN,TENANT_MARKET,RETIRED,POOR,N,N,N,N,N,N,N,N,N,NA,N,-1.0,-1.0,-1.0,-1.0,-1.0,-1.0,-1.0,-1.0,-1.0,-1.0,-1.0,-1.0,-1.0,-1.0,-1.0,-1.0,-1.0,-1.0,-1.0,-1.0,-1.0,-1.0,-1.0,-1.0,-1.0,-1.0,-1.0,-1.0,-1.0,-1.0,-1.0,-1.0,-1.0,-1.0,-1.0,-1.0,35466
M,WIDOWED,ITA,PRIMARY,THIN,TENANT_MARKET,OTHER_INACTIVE,POOR,N,N,N,N,N,N,N,N,N,NA,N,-1.0,-1.0,-1.0,-1.0,-1.0,-1.0,-1.0,-1.0,-1.0,-1.0,-1.0,-1.0,-1.0,-1.0,-1.0,-1.0,-1.0,-1.0,-1.0,-1.0,-1.0,-1.0,-1.0,-1.0,-1.0,-1.0,-1.0,-1.0,-1.0,-1.0,-1.0,-1.0,-1.0,-1.0,-1.0,-1.0,6328
M,WIDOWED,ESP,PRIMARY,THIN,TENANT_REDUCED,OTHER_INACTIVE,FAIR,N,N,N,N,N,N,N,N,N,UNK,N,-1.0,-1.0,-1.0,-1.0,-1.0,-1.0,-1.0,-1.0,-1.0,-1.0,-1.0,-1.0,-1.0,-1.0,-1.0,-1.0,-1.0,-1.0,-1.0,-1.0,-1.0,-1.0,-1.0,-1.0,-1.0,-1.0,-1.0,-1.0,-1.0,-1.0,-1.0,-1.0,-1.0,-1.0,-1.0,-1.0,15204
M,DIVORCED,ITA,PRIMARY,THIN,TENANT_REDUCED,OTHER_INACTIVE,POOR,N,N,N,N,N,N,N,N,N,UNK,N,-1.0,-1.0,-1.0,-1.0,-1.0,-1.0,-1.0,-1.0,-1.0,-1.0,-1.0,-1.0,-1.0,-1.0,-1.0,-1.0,-1.0,-1.0,-1.0,-1.0,-1.0,-1.0,-1.0,-1.0,-1.0,-1.0,-1.0,-1.0,-1.0,-1.0,-1.0,-1.0,-1.0,-1.0,-1.0,-1.0,95902
M,DIVORCED,ITA,PRIMARY,THIN,TENANT_REDUCED,OTHER_INACTIVE,POOR,N,N,N,N,N,N,N,N,N,NA,N,-1.0,-1.0,-1.0,-1.0,-1.0,-1.0,-1.0,-1.0,-1.0,-1.0,-1.0,-1.0,-1.0,-1.0,-1.0,-1.0,-1.0,-1.0,-1.0,-1.0,-1.0,-1.0,-1.0,-1.0,-1.0,-1.0,-1.0,-1.0,-1.0,-1.0,-1.0,-1.0,-1.0,-1.0,-1.0,-1.0,11344
M,DIVORCED,ITA,PRIMARY,THIN,TENANT_MARKET,OTHER_INACTIVE,POOR,N,N,N,N,N,N,N,N,N,NA,N,-1.0,-1.0,-1.0,-1.0,-1.0,-1.0,-1.0,-1.0,-1.0,-1.0,-1.0,-1.0,-1.0,-1.0,-1.0,-1.0,-1.0,-1.0,-1.0,-1.0,-1.0,-1.0,-1.0,-1.0,-1.0,-1.0,-1.0,-1.0,-1.0,-1.0,-1.0,-1.0,-1.0,-1.0,-1.0,-1.0,40297
M,DIVORCED,ITA,LOWER_SEC,THIN,TENANT_MARKET,OTHER_INACTIVE,FAIR,N,N,N,N,N,N,N,N,N,NA,N,-1.0,-1.0,-1.0,-1.0,-1.0,-1.0,-1.0,-1.0,-1.0,-1.0,-1.0,-1.0,-1.0,-1.0,-1.0,-1.0,-1.0,-1.0,-1.0,-1.0,-1.0,-1.0,-1.0,-1.0,-1.0,-1.0,-1.0,-1.0,-1.0,-1.0,-1.0,-1.0,-1.0,-1.0,-1.0,-1.0,65367
M,DIVORCED,ESP,PRIMARY,THIN,TENANT_REDUCED,OTHER_INACTIVE,POOR,N,N,N,N,N,N,N,N,N,UNK,N,-1.0,-1.0,-1.0,-1.0,-1.0,-1.0,-1.0,-1.0,-1.0,-1.0,-1.0,-1.0,-1.0,-1.0,-1.0,-1.0,-1.0,-1.0,-1.0,-1.0,-1.0,-1.0,-1.0,-1.0,-1.0,-1.0,-1.0,-1.0,-1.0,-1.0,-1.0,-1.0,-1.0,-1.0,-1.0,-1.0,41506
M,DIVORCED,ESP,PRIMARY,THIN,TENANT_REDUCED,OTHER_INACTIVE,FAIR,N,N,N,N,N,N,N,N,N,NA,N,-1.0,-1.0,-1.0,-1.0,-1.0,-1.0,-1.0,-1.0,-1.0,-1.0,-1.0,-1.0,-1.0,-1.0,-1.0,-1.0,-1.0,-1.0,-1.0,-1.0,-1.0,-1.0,-1.0,-1.0,-1.0,-1.0,-1.0,-1.0,-1.0,-1.0,-1.0,-1.0,-1.0,-1.0,-1.0,-1.0,43758
M,DIVORCED,ITA,LOWER_SEC,THIN,TENANT_MARKET,OTHER_INACTIVE,FAIR,N,N,N,N,N,N,N,N,N,NA,N,-1.0,-1.0,-1.0,-1.0,-1.0,-1.0,-1.0,-1.0,-1.0,-1.0,-1.0,-1.0,-1.0,-1.0,-1.0,-1.0,-1.0,-1.0,-1.0,-1.0,-1.0,-1.0,-1.0,-1.0,-1.0,-1.0,-1.0,-1.0,-1.0,-1.0,-1.0,-1.0,-1.0,-1.0,-1.0,-1.0,1326
M,WIDOWED,ESP,LOWER_SEC,THIN,TENANT_MARKET,OTHER_INACTIVE,FAIR,N,N,N,N,N,N,N,N,N,NA,N,-1.0,-1.0,-1.0,-1.0,-1.0,-1.0,-1.0,-1.0,-1.0,-1.0,-1.0,-1.0,-1.0,-1.0,-1.0,-1.0,-1.0,-1.0,-1.0,-1.0,-1.0,-1.0,-1.0,-1.0,-1.0,-1.0,-1.0,-1.0,-1.0,-1.0,-1.0,-1.0,-1.0,-1.0,-1.0,-1.0,44906
M,WIDOWED,ITA,LOWER_SEC,THIN,TENANT_MARKET,OTHER_INACTIVE,POOR,N,N,N,N,N,N,N,N,N,NA,N,-1.0,-1.0,-1.0,-1.0,-1.0,-1.0,-1.0,-1.0,-1.0,-1.0,-1.0,-1.0,-1.0,-1.0,-1.0,-1.0,-1.0,-1.0,-1.0,-1.0,-1.0,-1.0,-1.0,-1.0,-1.0,-1.0,-1.0,-1.0,-1.0,-1.0,-1.0,-1.0,-1.0,-1.0,-1.0,-1.0,91378
M,DIVORCED,ITA,PRIMARY,THIN,TENANT_MARKET,OTHER_INACTIVE,FAIR,N,N,N,N,N,N,N,N,N,NA,N,-1.0,-1.0,-1.0,-1.0,-1.0,-1.0,-1.0,-1.0,-1.0,-1.0,-1.0,-1.0,-1.0,-1.0,-1.0,-1.0,-1.0,-1.0,-1.0,-1.0,-1.0,-1.0,-1.0,-1.0,-1.0,-1.0,-1.0,-1.0,-1.0,-1.0,-1.0,-1.0,-1.0,-1.0,-1.0,-1.0,18688
M,WIDOWED,ITA,LOWER_SEC,THIN,TENANT_MARKET,OTHER_INACTIVE,FAIR,N,N,N,N,N,N,N,N,N,NA,N,-1.0,-1.0,-1.0,-1.0,-1.0,-1.0,-1.0,-1.0,-1.0,-1.0,-1.0,-1.0,-1.0,-1.0,-1.0,-1.0,-1.0,-1.0,-1.0,-1.0,-1.0,-1.0,-1.0,-1.0,-1.0,-1.0,-1.0,-1.0,-1.0,-1.0,-1.0,-1.0,-1.0,-1.0,-1.0,-1.0,84630
M,DIVORCED,ESP,PRIMARY,THIN,TENANT_REDUCED,RETIRED,POOR,N,N,N,N,N,N,N,N,N,UNK,N,-1.0,-1.0,-1.0,-1.0,-1.0,-1.0,-1.0,-1.0,-1.0,-1.0,-1.0,-1.0,-1.0,-1.0,-1.0,-1.0,-1.0,-1.0,-1.0,-1.0,-1.0,-1.0,-1.0,-1.0,-1.0,-1.0,-1.0,-1.0,-1.0,-1.0,-1.0,-1.0,-1.0,-1.0,-1.0,-1.0,95409
M,DIVORCED,ESP,PRIMARY,THIN,TENANT_REDUCED,RETIRED,POOR,N,N,N,N,N,N,N,N,N,NA,N,-1.0,-1.0,-1.0,-1.0,-1.0,-1.0,-1.0,-1.0,-1.0,-1.0,-1.0,-1.0,-1.0,-1.0,-1.0,-1.0,-1.0,-1.0,-1.0,-1.0,-1.0,-1.0,-1.0,-1.0,-1.0,-1.0,-1.0,-1.0,-1.0,-1.0,-1.0,-1.0,-1.0,-1.0,-1.0,-1.0,95136
M,DIVORCED,ITA,LOWER_SEC,THIN,TENANT_REDUCED,RETIRED,FAIR,N,N,N,N,N,N,N,N,N,UNK,N,-1.0,-1.0,-1.0,-1.0,-1.0,-1.0,-1.0,-1.0,-1.0,-1.0,-1.0,-1.0,-1.0,-1.0,-1.0,-1.0,-1.0,-1.0,-1.0,-1.0,-1.0,-1.0,-1.0,-1.0,-1.0,-1.0,-1.0,-1.0,-1.0,-1.0,-1.0,-1.0,-1.0,-1.0,-1.0,-1.0,89252
M,DIVORCED,ESP,LOWER_SEC,THIN,TENANT_REDUCED,OTHER_INACTIVE,POOR,N,N,N,N,N,N,N,N,N,UNK,N,-1.0,-1.0,-1.0,-1.0,-1.0,-1.0,-1.0,-1.0,-1.0,-1.0,-1.0,-1.0,-1.0,-1.0,-1.0,-1.0,-1.0,-1.0,-1.0,-1.0,-1.0,-1.0,-1.0,-1.0,-1.0,-1.0,-1.0,-1.0,-1.0,-1.0,-1.0,-1.0,-1.0,-1.0,-1.0,-1.0,32325
M,WIDOWED,ITA,LOWER_SEC,THIN,TENANT_REDUCED,RETIRED,POOR,N,N,N,N,N,N,N,N,N,NA,N,-1.0,-1.0,-1.0,-1.0,-1.0,-1.0,-1.0,-1.0,-1.0,-1.0,-1.0,-1.0,-1.0,-1.0,-1.0,-1.0,-1.0,-1.0,-1.0,-1.0,-1.0,-1.0,-1.0,-1.0,-1.0,-1.0,-1.0,-1.0,-1.0,-1.0,-1.0,-1.0,-1.0,-1.0,-1.0,-1.0,38661
M,WIDOWED,ITA,PRIMARY,THIN,TENANT_REDUCED,RETIRED,FAIR,N,N,N,N,N,N,N,N,N,UNK,N,-1.0,-1.0,-1.0,-1.0,-1.0,-1.0,-1.0,-1.0,-1.0,-1.0,-1.0,-1.0,-1.0,-1.0,-1.0,-1.0,-1.0,-1.0,-1.0,-1.0,-1.0,-1.0,-1.0,-1.0,-1.0,-1.0,-1.0,-1.0,-1.0,-1.0,-1.0,-1.0,-1.0,-1.0,-1.0,-1.0,67312
M,DIVORCED,ITA,LOWER_SEC,THIN,TENANT_MARKET,RETIRED,FAIR,N,N,N,N,N,N,N,N,N,NA,N,-1.0,-1.0,-1.0,-1.0,-1.0,-1.0,-1.0,-1.0,-1.0,-1.0,-1.0,-1.0,-1.0,-1.0,-1.0,-1.0,-1.0,-1.0,-1.0,-1.0,-1.0,-1.0,-1.0,-1.0,-1.0,-1.0,-1.0,-1.0,-1.0,-1.0,-1.0,-1.0,-1.0,-1.0,-1.0,-1.0,22284
M,WIDOWED,ESP,PRIMARY,THIN,TENANT_MARKET,OTHER_INACTIVE,POOR,N,N,N,N,N,N,N,N,N,UNK,N,-1.0,-1.0,-1.0,-1.0,-1.0,-1.0,-1.0,-1.0,-1.0,-1.0,-1.0,-1.0,-1.0,-1.0,-1.0,-1.0,-1.0,-1.0,-1.0,-1.0,-1.0,-1.0,-1.0,-1.0,-1.0,-1.0,-1.0,-1.0,-1.0,-1.0,-1.0,-1.0,-1.0,-1.0,-1.0,-1.0,97765
M,WIDOWED,ESP,PRIMARY,THIN,TENANT_MARKET,OTHER_INACTIVE,POOR,N,N,N,N,N,N,N,N,N,NA,N,-1.0,-1.0,-1.0,-1.0,-1.0,-1.0,-1.0,-1.0,-1.0,-1.0,-1.0,-1.0,-1.0,-1.0,-1.0,-1.0,-1.0,-1.0,-1.0,-1.0,-1.0,-1.0,-1.0,-1.0,-1.0,-1.0,-1.0,-1.0,-1.0,-1.0,-1.0,-1.0,-1.0,-1.0,-1.0,-1.0,38357
M,DIVORCED,ITA,PRIMARY,THIN,TENANT_REDUCED,RETIRED,POOR,N,N,N,N,N,N,N,N,N,UNK,N,-1.0,-1.0,-1.0,-1.0,-1.0,-1.0,-1.0,-1.0,-1.0,-1.0,-1.0,-1.0,-1.0,-1.0,-1.0,-1.0,-1.0,-1.0,-1.0,-1.0,-1.0,-1.0,-1.0,-1.0,-1.0,-1.0,-1.0,-1.0,-1.0,-1.0,-1.0,-1.0,-1.0,-1.0,-1.0,-1.0,65690
M,WIDOWED,ESP,PRIMARY,THIN,TENANT_MARKET,RETIRED,POOR,N,N,N,N,N,N,N,N,N,UNK,N,-1.0,-1.0,-1.0,-1.0,-1.0,-1.0,-1.0,-1.0,-1.0,-1.0,-1.0,-1.0,-1.0,-1.0,-1.0,-1.0,-1.0,-1.0,-1.0,-1.0,-1.0,-1.0,-1.0,-1.0,-1.0,-1.0,-1.0,-1.0,-1.0,-1.0,-1.0,-1.0,-1.0,-1.0,-1.0,-1.0,79460
M,WIDOWED,ITA,LOWER_SEC,THIN,TENANT_MARKET,OTHER_INACTIVE,FAIR,N,N,N,N,N,N,N,N,N,UNK,N,-1.0,-1.0,-1.0,-1.0,-1.0,-1.0,-1.0,-1.0,-1.0,-1.0,-1.0,-1.0,-1.0,-1.0,-1.0,-1.0,-1.0,-1.0,-1.0,-1.0,-1.0,-1.0,-1.0,-1.0,-1.0,-1.0,-1.0,-1.0,-1.0,-1.0,-1.0,-1.0,-1.0,-1.0,-1.0,-1.0,46967
M,WIDOWED,ESP,LOWER_SEC,THIN,TENANT_MARKET,RETIRED,POOR,N,N,N,N,N,N,N,N,N,UNK,N,-1.0,-1.0,-1.0,-1.0,-1.0,-1.0,-1.0,-1.0,-1.0,-1.0,-1.0,-1.0,-1.0,-1.0,-1.0,-1.0,-1.0,-1.0,-1.0,-1.0,-1.0,-1.0,-1.0,-1.0,-1.0,-1.0,-1.0,-1.0,-1.0,-1.0,-1.0,-1.0,-1.0,-1.0,-1.0,-1.0,81514
M,WIDOWED,ESP,LOWER_SEC,THIN,TENANT_MARKET,RETIRED,POOR,N,N,N,N,N,N,N,N,N,NA,N,-1.0,-1.0,-1.0,-1.0,-1.0,-1.0,-1.0,-1.0,-1.0,-1.0,-1.0,-1.0,-1.0,-1.0,-1.0,-1.0,-1.0,-1.0,-1.0,-1.0,-1.0,-1.0,-1.0,-1.0,-1.0,-1.0,-1.0,-1.0,-1.0,-1.0,-1.0,-1.0,-1.0,-1.0,-1.0,-1.0,23255
M,WIDOWED,ITA,LOWER_SEC,THIN,TENANT_REDUCED,OTHER_INACTIVE,POOR,N,N,N,N,N,N,N,N,N,UNK,N,-1.0,-1.0,-1.0,-1.0,-1.0,-1.0,-1.0,-1.0,-1.0,-1.0,-1.0,-1.0,-1.0,-1.0,-1.0,-1.0,-1.0,-1.0,-1.0,-1.0,-1.0,-1.0,-1.0,-1.0,-1.0,-1.0,-1.0,-1.0,-1.0,-1.0,-1.0,-1.0,-1.0,-1.0,-1.0,-1.0,71279
M,WIDOWED,ITA,LOWER_SEC,THIN,TENANT_REDUCED,OTHER_INACTIVE,FAIR,N,N,N,N,N,N,N,N,N,NA,N,-1.0,-1.0,-1.0,-1.0,-1.0,-1.0,-1.0,-1.0,-1.0,-1.0,-1.0,-1.0,-1.0,-1.0,-1.0,-1.0,-1.0,-1.0,-1.0,-1.0,-1.0,-1.0,-1.0,-1.0,-1.0,-1.0,-1.0,-1.0,-1.0,-1.0,-1.0,-1.0,-1.0,-1.0,-1.0,-1.0,46376
M,DIVORCED,ITA,PRIMARY,THIN,TENANT_REDUCED,RETIRED,POOR,N,N,N,N,N,N,N,N,N,NA,N,-1.0,-1.0,-1.0,-1.0,-1.0,-1.0,-1.0,-1.0,-1.0,-1.0,-1.0,-1.0,-1.0,-1.0,-1.0,-1.0,-1.0,-1.0,-1.0,-1.0,-1.0,-1.0,-1.0,-1.0,-1.0,-1.0,-1.0,-1.0,-1.0,-1.0,-1.0,-1.0,-1.0,-1.0,-1.0,-1.0,69764
M,DIVORCED,ESP,PRIMARY,THIN,TENANT_REDUCED,RETIRED,FAIR,N,N,N,N,N,N,N,N,N,NA,N,-1.0,-1.0,-1.0,-1.0,-1.0,-1.0,-1.0,-1.0,-1.0,-1.0,-1.0,-1.0,-1.0,-1.0,-1.0,-1.0,-1.0,-1.0,-1.0,-1.0,-1.0,-1.0,-1.0,-1.0,-1.0,-1.0,-1.0,-1.0,-1.0,-1.0,-1.0,-1.0,-1.0,-1.0,-1.0,-1.0,77463
M,DIVORCED,ITA,LOWER_SEC,THIN,TENANT_REDUCED,OTHER_INACTIVE,FAIR,N,N,N,N,N,N,N,N,N,UNK,N,-1.0,-1.0,-1.0,-1.0,-1.0,-1.0,-1.0,-1.0,-1.0,-1.0,-1.0,-1.0,-1.0,-1.0,-1.0,-1.0,-1.0,-1.0,-1.0,-1.0,-1.0,-1.0,-1.0,-1.0,-1.0,-1.0,-1.0,-1.0,-1.0,-1.0,-1.0,-1.0,-1.0,-1.0,-1.0,-1.0,68440
M,WIDOWED,ITA,PRIMARY,THIN,TENANT_MARKET,OTHER_INACTIVE,POOR,N,N,N,N,N,N,N,N,N,UNK,N,-1.0,-1.0,-1.0,-1.0,-1.0,-1.0,-1.0,-1.0,-1.0,-1.0,-1.0,-1.0,-1.0,-1.0,-1.0,-1.0,-1.0,-1.0,-1.0,-1.0,-1.0,-1.0,-1.0,-1.0,-1.0,-1.0,-1.0,-1.0,-1.0,-1.0,-1.0,-1.0,-1.0,-1.0,-1.0,-1.0,56273
M,WIDOWED,ITA,LOWER_SEC,THIN,TENANT_MARKET,OTHER_INACTIVE,FAIR,N,N,N,N,N,N,N,N,N,UNK,N,-1.0,-1.0,-1.0,-1.0,-1.0,-1.0,-1.0,-1.0,-1.0,-1.0,-1.0,-1.0,-1.0,-1.0,-1.0,-1.0,-1.0,-1.0,-1.0,-1.0,-1.0,-1.0,-1.0,-1.0,-1.0,-1.0,-1.0,-1.0,-1.0,-1.0,-1.0,-1.0,-1.0,-1.0,-1.0,-1.0,76509
M,DIVORCED,ITA,PRIMARY,THIN,TENANT_MARKET,RETIRED,POOR,N,N,N,N,N,N,N,N,N,UNK,N,-1.0,-1.0,-1.0,-1.0,-1.0,-1.0,-1.0,-1.0,-1.0,-1.0,-1.0,-1.0,-1.0,-1.0,-1.0,-1.0,-1.0,-1.0,-1.0,-1.0,-1.0,-1.0,-1.0,-1.0,-1.0,-1.0,-1.0,-1.0,-1.0,-1.0,-1.0,-1.0,-1.0,-1.0,-1.0,-1.0,45060
M,DIVORCED,ITA,LOWER_SEC,THIN,TENANT_MARKET,OTHER_INACTIVE,FAIR,N,N,N,N,N,N,N,N,N,NA,N,-1.0,-1.0,-1.0,-1.0,-1.0,-1.0,-1.0,-1.0,-1.0,-1.0,-1.0,-1.0,-1.0,-1.0,-1.0,-1.0,-1.0,-1.0,-1.0,-1.0,-1.0,-1.0,-1.0,-1.0,-1.0,-1.0,-1.0,-1.0,-1.0,-1.0,-1.0,-1.0,-1.0,-1.0,-1.0,-1.0,13397
M,DIVORCED,ITA,PRIMARY,THIN,TENANT_REDUCED,OTHER_INACTIVE,POOR,N,N,N,N,N,N,N,N,N,UNK,N,-1.0,-1.0,-1.0,-1.0,-1.0,-1.0,-1.0,-1.0,-1.0,-1.0,-1.0,-1.0,-1.0,-1.0,-1.0,-1.0,-1.0,-1.0,-1.0,-1.0,-1.0,-1.0,-1.0,-1.0,-1.0,-1.0,-1.0,-1.0,-1.0,-1.0,-1.0,-1.0,-1.0,-1.0,-1.0,-1.0,52216
M,DIVORCED,ESP,LOWER_SEC,THIN,TENANT_REDUCED,RETIRED,POOR,N,N,N,N,N,N,N,N,N,NA,N,-1.0,-1.0,-1.0,-1.0,-1.0,-1.0,-1.0,-1.0,-1.0,-1.0,-1.0,-1.0,-1.0,-1.0,-1.0,-1.0,-1.0,-1.0,-1.0,-1.0,-1.0,-1.0,-1.0,-1.0,-1.0,-1.0,-1.0,-1.0,-1.0,-1.0,-1.0,-1.0,-1.0,-1.0,-1.0,-1.0,24974
M,WIDOWED,ESP,PRIMARY,THIN,TENANT_REDUCED,RETIRED,FAIR,N,N,N,N,N,N,N,N,N,UNK,N,-1.0,-1.0,-1.0,-1.0,-1.0,-1.0,-1.0,-1.0,-1.0,-1.0,-1.0,-1.0,-1.0,-1.0,-1.0,-1.0,-1.0,-1.0,-1.0,-1.0,-1.0,-1.0,-1.0,-1.0,-1.0,-1.0,-1.0,-1.0,-1.0,-1.0,-1.0,-1.0,-1.0,-1.0,-1.0,-1.0,76343
M,DIVORCED,ESP,LOWER_SEC,THIN,TENANT_REDUCED,RETIRED,FAIR,N,N,N,N,N,N,N,N,N,UNK,N,-1.0,-1.0,-1.0,-1.0,-1.0,-1.0,-1.0,-1.0,-1.0,-1.0,-1.0,-1.0,-1.0,-1.0,-1.0,-1.0,-1.0,-1.0,-1.0,-1.0,-1.0,-1.0,-1.0,-1.0,-1.0,-1.0,-1.0,-1.0,-1.0,-1.0,-1.0,-1.0,-1.0,-1.0,-1.0,-1.0,71879
M,WIDOWED,ITA,LOWER_SEC,THIN,TENANT_REDUCED,OTHER_INACTIVE,FAIR,N,N,N,N,N,N,N,N,N,NA,N,-1.0,-1.0,-1.0,-1.0,-1.0,-1.0,-1.0,-1.0,-1.0,-1.0,-1.0,-1.0,-1.0,-1.0,-1.0,-1.0,-1.0,-1.0,-1.0,-1.0,-1.0,-1.0,-1.0,-1.0,-1.0,-1.0,-1.0,-1.0,-1.0,-1.0,-1.0,-1.0,-1.0,-1.0,-1.0,-1.0,93953
M,WIDOWED,ITA,PRIMARY,THIN,TENANT_MARKET,OTHER_INACTIVE,FAIR,N,N,N,N,N,N,N,N,N,NA,N,-1.0,-1.0,-1.0,-1.0,-1.0,-1.0,-1.0,-1.0,-1.0,-1.0,-1.0,-1.0,-1.0,-1.0,-1.0,-1.0,-1.0,-1.0,-1.0,-1.0,-1.0,-1.0,-1.0,-1.0,-1.0,-1.0,-1.0,-1.0,-1.0,-1.0,-1.0,-1.0,-1.0,-1.0,-1.0,-1.0,47444
M,WIDOWED,ITA,LOWER_SEC,THIN,TENANT_MARKET,OTHER_INACTIVE,FAIR,N,N,N,N,N,N,N,N,N,UNK,N,-1.0,-1.0,-1.0,-1.0,-1.0,-1.0,-1.0,-1.0,-1.0,-1.0,-1.0,-1.0,-1.0,-1.0,-1.0,-1.0,-1.0,-1.0,-1.0,-1.0,-1.0,-1.0,-1.0,-1.0,-1.0,-1.0,-1.0,-1.0,-1.0,-1.0,-1.0,-1.0,-1.0,-1.0,-1.0,-1.0,31746
M,DIVORCED,ITA,LOWER_SEC,THIN,TENANT_MARKET,OTHER_INACTIVE,POOR,N,N,N,N,N,N,N,N,N,NA,N,-1.0,-1.0,-1.0,-1.0,-1.0,-1.0,-1.0,-1.0,-1.0,-1.0,-1.0,-1.0,-1.0,-1.0,-1.0,-1.0,-1.0,-1.0,-1.0,-1.0,-1.0,-1.0,-1.0,-1.0,-1.0,-1.0,-1.0,-1.0,-1.0,-1.0,-1.0,-1.0,-1.0,-1.0,-1.0,-1.0,63140
M,WIDOWED,ITA,LOWER_SEC,THIN,TENANT_MARKET,OTHER_INACTIVE,FAIR,N,N,N,N,N,N,N,N,N,NA,N,-1.0,-1.0,-1.0,-1.0,-1.0,-1.0,-1.0,-1.0,-1.0,-1.0,-1.0,-1.0,-1.0,-1.0,-1.0,-1.0,-1.0,-1.0,-1.0,-1.0,-1.0,-1.0,-1.0,-1.0,-1.0,-1.0,-1.0,-1.0,-1.0,-1.0,-1.0,-1.0,-1.0,-1.0,-1.0,-1.0,21316
M,WIDOWED,ESP,PRIMARY,THIN,TENANT_REDUCED,OTHER_INACTIVE,POOR,N,N,N,N,N,N,N,N,N,UNK,N,-1.0,-1.0,-1.0,-1.0,-1.0,-1.0,-1.0,-1.0,-1.0,-1.0,-1.0,-1.0,-1.0,-1.0,-1.0,-1.0,-1.0,-1.0,-1.0,-1.0,-1.0,-1.0,-1.0,-1.0,-1.0,-1.0,-1.0,-1.0,-1.0,-1.0,-1.0,-1.0,-1.0,-1.0,-1.0,-1.0,41231
M,WIDOWED,ITA,LOWER_SEC,THIN,TENANT_MARKET,OTHER_INACTIVE,FAIR,N,N,N,N,N,N,N,N,N,UNK,N,-1.0,-1.0,-1.0,-1.0,-1.0,-1.0,-1.0,-1.0,-1.0,-1.0,-1.0,-1.0,-1.0,-1.0,-1.0,-1.0,-1.0,-1.0,-1.0,-1.0,-1.0,-1.0,-1.0,-1.0,-1.0,-1.0,-1.0,-1.0,-1.0,-1.0,-1.0,-1.0,-1.0,-1.0,-1.0,-1.0,72617
M,WIDOWED,ITA,LOWER_SEC,THIN,TENANT_REDUCED,OTHER_INACTIVE,POOR,N,N,N,N,N,N,N,N,N,NA,N,-1.0,-1.0,-1.0,-1.0,-1.0,-1.0,-1.0,-1.0,-1.0,-1.0,-1.0,-1.0,-1.0,-1.0,-1.0,-1.0,-1.0,-1.0,-1.0,-1.0,-1.0,-1.0,-1.0,-1.0,-1.0,-1.0,-1.0,-1.0,-1.0,-1.0,-1.0,-1.0,-1.0,-1.0,-1.0,-1.0,7290
M,WIDOWED,ITA,LOWER_SEC,THIN,TENANT_REDUCED,OTHER_INACTIVE,FAIR,N,N,N,N,N,N,N,N,N,NA,N,-1.0,-1.0,-1.0,-1.0,-1.0,-1.0,-1.0,-1.0,-1.0,-1.0,-1.0,-1.0,-1.0,-1.0,-1.0,-1.0,-1.0,-1.0,-1.0,-1.0,-1.0,-1.0,-1.0,-1.0,-1.0,-1.0,-1.0,-1.0,-1.0,-1.0,-1.0,-1.0,-1.0,-1.0,-1.0,-1.0,34515
M,DIVORCED,ITA,LOWER_SEC,THIN,TENANT_MARKET,OTHER_INACTIVE,POOR,N,N,N,N,N,N,N,N,N,NA,N,-1.0,-1.0,-1.0,-1.0,-1.0,-1.0,-1.0,-1.0,-1.0,-1.0,-1.0,-1.0,-1.0,-1.0,-1.0,-1.0,-1.0,-1.0,-1.0,-1.0,-1.0,-1.0,-1.0,-1.0,-1.0,-1.0,-1.0,-1.0,-1.0,-1.0,-1.0,-1.0,-1.0,-1.0,-1.0,-1.0,78009
M,DIVORCED,ITA,PRIMARY,THIN,TENANT_MARKET,RETIRED,POOR,N,N,N,N,N,N,N,N,N,UNK,N,-1.0,-1.0,-1.0,-1.0,-1.0,-1.0,-1.0,-1.0,-1.0,-1.0,-1.0,-1.0,-1.0,-1.0,-1.0,-1.0,-1.0,-1.0,-1.0,-1.0,-1.0,-1.0,-1.0,-1.0,-1.0,-1.0,-1.0,-1.0,-1.0,-1.0,-1.0,-1.0,-1.0,-1.0,-1.0,-1.0,38600
M,WIDOWED,ESP,PRIMARY,THIN,TENANT_MARKET,RETIRED,POOR,N,N,N,N,N,N,N,N,N,UNK,N,-1.0,-1.0,-1.0,-1.0,-1.0,-1.0,-1.0,-1.0,-1.0,-1.0,-1.0,-1.0,-1.0,-1.0,-1.0,-1.0,-1.0,-1.0,-1.0,-1.0,-1.0,-1.0,-1.0,-1.0,-1.0,-1.0,-1.0,-1.0,-1.0,-1.0,-1.0,-1.0,-1.0,-1.0,-1.0,-1.0,28783
M,WIDOWED,ESP,LOWER_SEC,THIN,TENANT_MARKET,RETIRED,FAIR,N,N,N,N,N,N,N,N,N,UNK,N,-1.0,-1.0,-1.0,-1.0,-1.0,-1.0,-1.0,-1.0,-1.0,-1.0,-1.0,-1.0,-1.0,-1.0,-1.0,-1.0,-1.0,-1.0,-1.0,-1.0,-1.0,-1.0,-1.0,-1.0,-1.0,-1.0,-1.0,-1.0,-1.0,-1.0,-1.0,-1.0,-1.0,-1.0,-1.0,-1.0,89885
M,WIDOWED,ITA,PRIMARY,THIN,TENANT_REDUCED,OTHER_INACTIVE,POOR,N,N,N,N,N,N,N,N,N,UNK,N,-1.0,-1.0,-1.0,-1.0,-1.0,-1.0,-1.0,-1.0,-1.0,-1.0,-1.0,-1.0,-1.0,-1.0,-1.0,-1.0,-1.0,-1.0,-1.0,-1.0,-1.0,-1.0,-1.0,-1.0,-1.0,-1.0,-1.0,-1.0,-1.0,-1.0,-1.0,-1.0,-1.0,-1.0,-1.0,-1.0,1642
M,WIDOWED,ESP,LOWER_SEC,THIN,TENANT_MARKET,RETIRED,FAIR,N,N,N,N,N,N,N,N,N,UNK,N,-1.0,-1.0,-1.0,-1.0,-1.0,-1.0,-1.0,-1.0,-1.0,-1.0,-1.0,-1.0,-1.0,-1.0,-1.0,-1.0,-1.0,-1.0,-1.0,-1.0,-1.0,-1.0,-1.0,-1.0,-1.0,-1.0,-1.0,-1.0,-1.0,-1.0,-1.0,-1.0,-1.0,-1.0,-1.0,-1.0,92841
M,DIVORCED,ITA,LOWER_SEC,THIN,TENANT_REDUCED,OTHER_INACTIVE,FAIR,N,N,N,N,N,N,N,N,N,NA,N,-1.0,-1.0,-1.0,-1.0,-1.0,-1.0,-1.0,-1.0,-1.0,-1.0,-1.0,-1.0,-1.0,-1.0,-1.0,-1.0,-1.0,-1.0,-1.0,-1.0,-1.0,-1.0,-1.0,-1.0,-1.0,-1.0,-1.0,-1.0,-1.0,-1.0,-1.0,-1.0,-1.0,-1.0,-1.0,-1.0,33080
M,DIVORCED,ESP,PRIMARY,THIN,TENANT_MARKET,OTHER_INACTIVE,POOR,N,N,N,N,N,N,N,N,N,UNK,N,-1.0,-1.0,-1.0,-1.0,-1.0,-1.0,-1.0,-1.0,-1.0,-1.0,-1.0,-1.0,-1.0,-1.0,-1.0,-1.0,-1.0,-1.0,-1.0,-1.0,-1.0,-1.0,-1.0,-1.0,-1.0,-1.0,-1.0,-1.0,-1.0,-1.0,-1.0,-1.0,-1.0,-1.0,-1.0,-1.0,62108
M,WIDOWED,ITA,PRIMARY,THIN,TENANT_MARKET,RETIRED,POOR,N,N,N,N,N,N,N,N,N,NA,N,-1.0,-1.0,-1.0,-1.0,-1.0,-1.0,-1.0,-1.0,-1.0,-1.0,-1.0,-1.0,-1.0,-1.0,-1.0,-1.0,-1.0,-1.0,-1.0,-1.0,-1.0,-1.0,-1.0,-1.0,-1.0,-1.0,-1.0,-1.0,-1.0,-1.0,-1.0,-1.0,-1.0,-1.0,-1.0,-1.0,27339
M,DIVORCED,ESP,PRIMARY,THIN,TENANT_MARKET,OTHER_INACTIVE,POOR,N,N,N,N,N,N,N,N,N,NA,N,-1.0,-1.0,-1.0,-1.0,-1.0,-1.0,-1.0,-1.0,-1.0,-1.0,-1.0,-1.0,-1.0,-1.0,-1.0,-1.0,-1.0,-1.0,-1.0,-1.0,-1.0,-1.0,-1.0,-1.0,-1.0,-1.0,-1.0,-1.0,-1.0,-1.0,-1.0,-1.0,-1.0,-1.0,-1.0,-1.0,40449
M,WIDOWED,ESP,LOWER_SEC,THIN,TENANT_MARKET,RETIRED,POOR,N,N,N,N,N,N,N,N,N,NA,N,-1.0,-1.0,-1.0,-1.0,-1.0,-1.0,-1.0,-1.0,-1.0,-1.0,-1.0,-1.0,-1.0,-1.0,-1.0,-1.0,-1.0,-1.0,-1.0,-1.0,-1.0,-1.0,-1.0,-1.0,-1.0,-1.0,-1.0,-1.0,-1.0,-1.0,-1.0,-1.0,-1.0,-1.0,-1.0,-1.0,3614
M,DIVORCED,ITA,LOWER_SEC,THIN,TENANT_MARKET,OTHER_INACTIVE,POOR,N,N,N,N,N,N,N,N,N,NA,N,-1.0,-1.0,-1.0,-1.0,-1.0,-1.0,-1.0,-1.0,-1.0,-1.0,-1.0,-1.0,-1.0,-1.0,-1.0,-1.0,-1.0,-1.0,-1.0,-1.0,-1.0,-1.0,-1.0,-1.0,-1.0,-1.0,-1.0,-1.0,-1.0,-1.0,-1.0,-1.0,-1.0,-1.0,-1.0,-1.0,76681
M,DIVORCED,ITA,PRIMARY,THIN,TENANT_REDUCED,OTHER_INACTIVE,POOR,N,N,N,N,N,N,N,N,N,UNK,N,-1.0,-1.0,-1.0,-1.0,-1.0,-1.0,-1.0,-1.0,-1.0,-1.0,-1.0,-1.0,-1.0,-1.0,-1.0,-1.0,-1.0,-1.0,-1.0,-1.0,-1.0,-1.0,-1.0,-1.0,-1.0,-1.0,-1.0,-1.0,-1.0,-1.0,-1.0,-1.0,-1.0,-1.0,-1.0,-1.0,87335
M,WIDOWED,ESP,LOWER_SEC,THIN,TENANT_REDUCED,RETIRED,FAIR,N,N,N,N,N,N,N,N,N,UNK,N,-1.0,-1.0,-1.0,-1.0,-1.0,-1.0,-1.0,-1.0,-1.0,-1.0,-1.0,-1.0,-1.0,-1.0,-1.0,-1.0,-1.0,-1.0,-1.0,-1.0,-1.0,-1.0,-1.0,-1.0,-1.0,-1.0,-1.0,-1.0,-1.0,-1.0,-1.0,-1.0,-1.0,-1.0,-1.0,-1.0,74399
M,DIVORCED,ESP,PRIMARY,THIN,TENANT_MARKET,OTHER_INACTIVE,POOR,N,N,N,N,N,N,N,N,N,UNK,N,-1.0,-1.0,-1.0,-1.0,-1.0,-1.0,-1.0,-1.0,-1.0,-1.0,-1.0,-1.0,-1.0,-1.0,-1.0,-1.0,-1.0,-1.0,-1.0,-1.0,-1.0,-1.0,-1.0,-1.0,-1.0,-1.0,-1.0,-1.0,-1.0,-1.0,-1.0,-1.0,-1.0,-1.0,-1.0,-1.0,61151
M,DIVORCED,ITA,PRIMARY,THIN,TENANT_REDUCED,OTHER_INACTIVE,POOR,N,N,N,N,N,N,N,N,N,UNK,N,-1.0,-1.0,-1.0,-1.0,-1.0,-1.0,-1.0,-1.0,-1.0,-1.0,-1.0,-1.0,-1.0,-1.0,-1.0,-1.0,-1.0,-1.0,-1.0,-1.0,-1.0,-1.0,-1.0,-1.0,-1.0,-1.0,-1.0,-1.0,-1.0,-1.0,-1.0,-1.0,-1.0,-1.0,-1.0,-1.0,91339
M,WIDOWED,ESP,PRIMARY,THIN,TENANT_MARKET,RETIRED,POOR,N,N,N,N,N,N,N,N,N,UNK,N,-1.0,-1.0,-1.0,-1.0,-1.0,-1.0,-1.0,-1.0,-1.0,-1.0,-1.0,-1.0,-1.0,-1.0,-1.0,-1.0,-1.0,-1.0,-1.0,-1.0,-1.0,-1.0,-1.0,-1.0,-1.0,-1.0,-1.0,-1.0,-1.0,-1.0,-1.0,-1.0,-1.0,-1.0,-1.0,-1.0,85960
M,WIDOWED,ESP,PRIMARY,THIN,TENANT_MARKET,OTHER_INACTIVE,POOR,N,N,N,N,N,N,N,N,N,UNK,N,-1.0,-1.0,-1.0,-1.0,-1.0,-1.0,-1.0,-1.0,-1.0,-1.0,-1.0,-1.0,-1.0,-1.0,-1.0,-1.0,-1.0,-1.0,-1.0,-1.0,-1.0,-1.0,-1.0,-1.0,-1.0,-1.0,-1.0,-1.0,-1.0,-1.0,-1.0,-1.0,-1.0,-1.0,-1.0,-1.0,58024
M,DIVORCED,ITA,PRIMARY,THIN,TENANT_REDUCED,RETIRED,POOR,N,N,N,N,N,N,N,N,N,UNK,N,-1.0,-1.0,-1.0,-1.0,-1.0,-1.0,-1.0,-1.0,-1.0,-1.0,-1.0,-1.0,-1.0,-1.0,-1.0,-1.0,-1.0,-1.0,-1.0,-1.0,-1.0,-1.0,-1.0,-1.0,-1.0,-1.0,-1.0,-1.0,-1.0,-1.0,-1.0,-1.0,-1.0,-1.0,-1.0,-1.0,69743
M,DIVORCED,ESP,PRIMARY,THIN,TENANT_MARKET,RETIRED,FAIR,N,N,N,N,N,N,N,N,N,NA,N,-1.0,-1.0,-1.0,-1.0,-1.0,-1.0,-1.0,-1.0,-1.0,-1.0,-1.0,-1.0,-1.0,-1.0,-1.0,-1.0,-1.0,-1.0,-1.0,-1.0,-1.0,-1.0,-1.0,-1.0,-1.0,-1.0,-1.0,-1.0,-1.0,-1.0,-1.0,-1.0,-1.0,-1.0,-1.0,-1.0,36024
M,WIDOWED,ITA,PRIMARY,THIN,TENANT_MARKET,OTHER_INACTIVE,FAIR,N,N,N,N,N,N,N,N,N,NA,N,-1.0,-1.0,-1.0,-1.0,-1.0,-1.0,-1.0,-1.0,-1.0,-1.0,-1.0,-1.0,-1.0,-1.0,-1.0,-1.0,-1.0,-1.0,-1.0,-1.0,-1.0,-1.0,-1.0,-1.0,-1.0,-1.0,-1.0,-1.0,-1.0,-1.0,-1.0,-1.0,-1.0,-1.0,-1.0,-1.0,38189
M,WIDOWED,ESP,PRIMARY,THIN,TENANT_REDUCED,OTHER_INACTIVE,FAIR,N,N,N,N,N,N,N,N,N,NA,N,-1.0,-1.0,-1.0,-1.0,-1.0,-1.0,-1.0,-1.0,-1.0,-1.0,-1.0,-1.0,-1.0,-1.0,-1.0,-1.0,-1.0,-1.0,-1.0,-1.0,-1.0,-1.0,-1.0,-1.0,-1.0,-1.0,-1.0,-1.0,-1.0,-1.0,-1.0,-1.0,-1.0,-1.0,-1.0,-1.0,92893
M,DIVORCED,ITA,LOWER_SEC,THIN,TENANT_MARKET,OTHER_INACTIVE,POOR,N,N,N,N,N,N,N,N,N,UNK,N,-1.0,-1.0,-1.0,-1.0,-1.0,-1.0,-1.0,-1.0,-1.0,-1.0,-1.0,-1.0,-1.0,-1.0,-1.0,-1.0,-1.0,-1.0,-1.0,-1.0,-1.0,-1.0,-1.0,-1.0,-1.0,-1.0,-1.0,-1.0,-1.0,-1.0,-1.0,-1.0,-1.0,-1.0,-1.0,-1.0,26501
M,DIVORCED,ITA,PRIMARY,THIN,TENANT_REDUCED,OTHER_INACTIVE,FAIR,N,N,N,N,N,N,N,N,N,NA,N,-1.0,-1.0,-1.0,-1.0,-1.0,-1.0,-1.0,-1.0,-1.0,-1.0,-1.0,-1.0,-1.0,-1.0,-1.0,-1.0,-1.0,-1.0,-1.0,-1.0,-1.0,-1.0,-1.0,-1.0,-1.0,-1.0,-1.0,-1.0,-1.0,-1.0,-1.0,-1.0,-1.0,-1.0,-1.0,-1.0,4156
M,WIDOWED,ITA,PRIMARY,THIN,TENANT_REDUCED,OTHER_INACTIVE,POOR,N,N,N,N,N,N,N,N,N,NA,N,-1.0,-1.0,-1.0,-1.0,-1.0,-1.0,-1.0,-1.0,-1.0,-1.0,-1.0,-1.0,-1.0,-1.0,-1.0,-1.0,-1.0,-1.0,-1.0,-1.0,-1.0,-1.0,-1.0,-1.0,-1.0,-1.0,-1.0,-1.0,-1.0,-1.0,-1.0,-1.0,-1.0,-1.0,-1.0,-1.0,16696
M,WIDOWED,ESP,PRIMARY,THIN,TENANT_REDUCED,RETIRED,FAIR,N,N,N,N,N,N,N,N,N,NA,N,-1.0,-1.0,-1.0,-1.0,-1.0,-1.0,-1.0,-1.0,-1.0,-1.0,-1.0,-1.0,-1.0,-1.0,-1.0,-1.0,-1.0,-1.0,-1.0,-1.0,-1.0,-1.0,-1.0,-1.0,-1.0,-1.0,-1.0,-1.0,-1.0,-1.0,-1.0,-1.0,-1.0,-1.0,-1.0,-1.0,84041
M,DIVORCED,ITA,PRIMARY,THIN,TENANT_MARKET,OTHER_INACTIVE,FAIR,N,N,N,N,N,N,N,N,N,UNK,N,-1.0,-1.0,-1.0,-1.0,-1.0,-1.0,-1.0,-1.0,-1.0,-1.0,-1.0,-1.0,-1.0,-1.0,-1.0,-1.0,-1.0,-1.0,-1.0,-1.0,-1.0,-1.0,-1.0,-1.0,-1.0,-1.0,-1.0,-1.0,-1.0,-1.0,-1.0,-1.0,-1.0,-1.0,-1.0,-1.0,27928
M,WIDOWED,ESP,LOWER_SEC,THIN,TENANT_REDUCED,RETIRED,POOR,N,N,N,N,N,N,N,N,N,NA,N,-1.0,-1.0,-1.0,-1.0,-1.0,-1.0,-1.0,-1.0,-1.0,-1.0,-1.0,-1.0,-1.0,-1.0,-1.0,-1.0,-1.0,-1.0,-1.0,-1.0,-1.0,-1.0,-1.0,-1.0,-1.0,-1.0,-1.0,-1.0,-1.0,-1.0,-1.0,-1.0,-1.0,-1.0,-1.0,-1.0,56102
M,WIDOWED,ESP,PRIMARY,THIN,TENANT_MARKET,OTHER_INACTIVE,FAIR,N,N,N,N,N,N,N,N,N,NA,N,-1.0,-1.0,-1.0,-1.0,-1.0,-1.0,-1.0,-1.0,-1.0,-1.0,-1.0,-1.0,-1.0,-1.0,-1.0,-1.0,-1.0,-1.0,-1.0,-1.0,-1.0,-1.0,-1.0,-1.0,-1.0,-1.0,-1.0,-1.0,-1.0,-1.0,-1.0,-1.0,-1.0,-1.0,-1.0,-1.0,81175
M,DIVORCED,ESP,LOWER_SEC,THIN,TENANT_MARKET,RETIRED,POOR,N,N,N,N,N,N,N,N,N,UNK,N,-1.0,-1.0,-1.0,-1.0,-1.0,-1.0,-1.0,-1.0,-1.0,-1.0,-1.0,-1.0,-1.0,-1.0,-1.0,-1.0,-1.0,-1.0,-1.0,-1.0,-1.0,-1.0,-1.0,-1.0,-1.0,-1.0,-1.0,-1.0,-1.0,-1.0,-1.0,-1.0,-1.0,-1.0,-1.0,-1.0,32090
M,WIDOWED,ITA,PRIMARY,THIN,TENANT_MARKET,RETIRED,POOR,N,N,N,N,N,N,N,N,N,NA,N,-1.0,-1.0,-1.0,-1.0,-1.0,-1.0,-1.0,-1.0,-1.0,-1.0,-1.0,-1.0,-1.0,-1.0,-1.0,-1.0,-1.0,-1.0,-1.0,-1.0,-1.0,-1.0,-1.0,-1.0,-1.0,-1.0,-1.0,-1.0,-1.0,-1.0,-1.0,-1.0,-1.0,-1.0,-1.0,-1.0,38301
M,DIVORCED,ITA,LOWER_SEC,THIN,TENANT_REDUCED,RETIRED,FAIR,N,N,N,N,N,N,N,N,N,NA,N,-1.0,-1.0,-1.0,-1.0,-1.0,-1.0,-1.0,-1.0,-1.0,-1.0,-1.0,-1.0,-1.0,-1.0,-1.0,-1.0,-1.0,-1.0,-1.0,-1.0,-1.0,-1.0,-1.0,-1.0,-1.0,-1.0,-1.0,-1.0,-1.0,-1.0,-1.0,-1.0,-1.0,-1.0,-1.0,-1.0,58126
M,WIDOWED,ITA,LOWER_SEC,THIN,TENANT_REDUCED,OTHER_INACTIVE,FAIR,N,N,N,N,N,N,N,N,N,UNK,N,-1.0,-1.0,-1.0,-1.0,-1.0,-1.0,-1.0,-1.0,-1.0,-1.0,-1.0,-1.0,-1.0,-1.0,-1.0,-1.0,-1.0,-1.0,-1.0,-1.0,-1.0,-1.0,-1.0,-1.0,-1.0,-1.0,-1.0,-1.0,-1.0,-1.0,-1.0,-1.0,-1.0,-1.0,-1.0,-1.0,76924
M,DIVORCED,ESP,LOWER_SEC,THIN,TENANT_REDUCED,OTHER_INACTIVE,POOR,N,N,N,N,N,N,N,N,N,UNK,N,-1.0,-1.0,-1.0,-1.0,-1.0,-1.0,-1.0,-1.0,-1.0,-1.0,-1.0,-1.0,-1.0,-1.0,-1.0,-1.0,-1.0,-1.0,-1.0,-1.0,-1.0,-1.0,-1.0,-1.0,-1.0,-1.0,-1.0,-1.0,-1.0,-1.0,-1.0,-1.0,-1.0,-1.0,-1.0,-1.0,97222
M,WIDOWED,ITA,PRIMARY,THIN,TENANT_REDUCED,OTHER_INACTIVE,FAIR,N,N,N,N,N,N,N,N,N,UNK,N,-1.0,-1.0,-1.0,-1.0,-1.0,-1.0,-1.0,-1.0,-1.0,-1.0,-1.0,-1.0,-1.0,-1.0,-1.0,-1.0,-1.0,-1.0,-1.0,-1.0,-1.0,-1.0,-1.0,-1.0,-1.0,-1.0,-1.0,-1.0,-1.0,-1.0,-1.0,-1.0,-1.0,-1.0,-1.0,-1.0,58147
M,WIDOWED,ESP,PRIMARY,THIN,TENANT_REDUCED,OTHER_INACTIVE,FAIR,N,N,N,N,N,N,N,N,N,UNK,N,-1.0,-1.0,-1.0,-1.0,-1.0,-1.0,-1.0,-1.0,-1.0,-1.0,-1.0,-1.0,-1.0,-1.0,-1.0,-1.0,-1.0,-1.0,-1.0,-1.0,-1.0,-1.0,-1.0,-1.0,-1.0,-1.0,-1.0,-1.0,-1.0,-1.0,-1.0,-1.0,-1.0,-1.0,-1.0,-1.0,35588
M,DIVORCED,ESP,PRIMARY,THIN,TENANT_MARKET,RETIRED,POOR,N,N,N,N,N,N,N,N,N,UNK,N,-1.0,-1.0,-1.0,-1.0,-1.0,-1.0,-1.0,-1.0,-1.0,-1.0,-1.0,-1.0,-1.0,-1.0,-1.0,-1.0,-1.0,-1.0,-1.0,-1.0,-1.0,-1.0,-1.0,-1.0,-1.0,-1.0,-1.0,-1.0,-1.0,-1.0,-1.0,-1.0,-1.0,-1.0,-1.0,-1.0,47735
M,WIDOWED,ESP,PRIMARY,THIN,TENANT_MARKET,OTHER_INACTIVE,POOR,N,N,N,N,N,N,N,N,N,NA,N,-1.0,-1.0,-1.0,-1.0,-1.0,-1.0,-1.0,-1.0,-1.0,-1.0,-1.0,-1.0,-1.0,-1.0,-1.0,-1.0,-1.0,-1.0,-1.0,-1.0,-1.0,-1.0,-1.0,-1.0,-1.0,-1.0,-1.0,-1.0,-1.0,-1.0,-1.0,-1.0,-1.0,-1.0,-1.0,-1.0,3916
M,WIDOWED,ESP,PRIMARY,THIN,TENANT_MARKET,OTHER_INACTIVE,POOR,N,N,N,N,N,N,N,N,N,NA,N,-1.0,-1.0,-1.0,-1.0,-1.0,-1.0,-1.0,-1.0,-1.0,-1.0,-1.0,-1.0,-1.0,-1.0,-1.0,-1.0,-1.0,-1.0,-1.0,-1.0,-1.0,-1.0,-1.0,-1.0,-1.0,-1.0,-1.0,-1.0,-1.0,-1.0,-1.0,-1.0,-1.0,-1.0,-1.0,-1.0,48211
M,DIVORCED,ESP,LOWER_SEC,THIN,TENANT_MARKET,RETIRED,POOR,N,N,N,N,N,N,N,N,N,UNK,N,-1.0,-1.0,-1.0,-1.0,-1.0,-1.0,-1.0,-1.0,-1.0,-1.0,-1.0,-1.0,-1.0,-1.0,-1.0,-1.0,-1.0,-1.0,-1.0,-1.0,-1.0,-1.0,-1.0,-1.0,-1.0,-1.0,-1.0,-1.0,-1.0,-1.0,-1.0,-1.0,-1.0,-1.0,-1.0,-1.0,16126
M,DIVORCED,ITA,PRIMARY,THIN,TENANT_REDUCED,OTHER_INACTIVE,FAIR,N,N,N,N,N,N,N,N,N,NA,N,-1.0,-1.0,-1.0,-1.0,-1.0,-1.0,-1.0,-1.0,-1.0,-1.0,-1.0,-1.0,-1.0,-1.0,-1.0,-1.0,-1.0,-1.0,-1.0,-1.0,-1.0,-1.0,-1.0,-1.0,-1.0,-1.0,-1.0,-1.0,-1.0,-1.0,-1.0,-1.0,-1.0,-1.0,-1.0,-1.0,11639
M,WIDOWED,ESP,PRIMARY,THIN,TENANT_MARKET,OTHER_INACTIVE,FAIR,N,N,N,N,N,N,N,N,N,NA,N,-1.0,-1.0,-1.0,-1.0,-1.0,-1.0,-1.0,-1.0,-1.0,-1.0,-1.0,-1.0,-1.0,-1.0,-1.0,-1.0,-1.0,-1.0,-1.0,-1.0,-1.0,-1.0,-1.0,-1.0,-1.0,-1.0,-1.0,-1.0,-1.0,-1.0,-1.0,-1.0,-1.0,-1.0,-1.0,-1.0,4380
M,WIDOWED,ITA,LOWER_SEC,THIN,TENANT_MARKET,OTHER_INACTIVE,FAIR,N,N,N,N,N,N,N,N,N,NA,N,-1.0,-1.0,-1.0,-1.0,-1.0,-1.0,-1.0,-1.0,-1.0,-1.0,-1.0,-1.0,-1.0,-1.0,-1.0,-1.0,-1.0,-1.0,-1.0,-1.0,-1.0,-1.0,-1.0,-1.0,-1.0,-1.0,-1.0,-1.0,-1.0,-1.0,-1.0,-1.0,-1.0,-1.0,-1.0,-1.0,31850
M,DIVORCED,ITA,LOWER_SEC,THIN,TENANT_REDUCED,RETIRED,FAIR,N,N,N,N,N,N,N,N,N,NA,N,-1.0,-1.0,-1.0,-1.0,-1.0,-1.0,-1.0,-1.0,-1.0,-1.0,-1.0,-1.0,-1.0,-1.0,-1.0,-1.0,-1.0,-1.0,-1.0,-1.0,-1.0,-1.0,-1.0,-1.0,-1.0,-1.0,-1.0,-1.0,-1.0,-1.0,-1.0,-1.0,-1.0,-1.0,-1.0,-1.0,17710
M,DIVORCED,ESP,LOWER_SEC,THIN,TENANT_REDUCED,RETIRED,POOR,N,N,N,N,N,N,N,N,N,UNK,N,-1.0,-1.0,-1.0,-1.0,-1.0,-1.0,-1.0,-1.0,-1.0,-1.0,-1.0,-1.0,-1.0,-1.0,-1.0,-1.0,-1.0,-1.0,-1.0,-1.0,-1.0,-1.0,-1.0,-1.0,-1.0,-1.0,-1.0,-1.0,-1.0,-1.0,-1.0,-1.0,-1.0,-1.0,-1.0,-1.0,84967
M,DIVORCED,ESP,PRIMARY,THIN,TENANT_MARKET,OTHER_INACTIVE,POOR,N,N,N,N,N,N,N,N,N,NA,N,-1.0,-1.0,-1.0,-1.0,-1.0,-1.0,-1.0,-1.0,-1.0,-1.0,-1.0,-1.0,-1.0,-1.0,-1.0,-1.0,-1.0,-1.0,-1.0,-1.0,-1.0,-1.0,-1.0,-1.0,-1.0,-1.0,-1.0,-1.0,-1.0,-1.0,-1.0,-1.0,-1.0,-1.0,-1.0,-1.0,33718
M,DIVORCED,ESP,LOWER_SEC,THIN,TENANT_REDUCED,OTHER_INACTIVE,POOR,N,N,N,N,N,N,N,N,N,UNK,N,-1.0,-1.0,-1.0,-1.0,-1.0,-1.0,-1.0,-1.0,-1.0,-1.0,-1.0,-1.0,-1.0,-1.0,-1.0,-1.0,-1.0,-1.0,-1.0,-1.0,-1.0,-1.0,-1.0,-1.0,-1.0,-1.0,-1.0,-1.0,-1.0,-1.0,-1.0,-1.0,-1.0,-1.0,-1.0,-1.0,77222
M,WIDOWED,ESP,LOWER_SEC,THIN,TENANT_MARKET,RETIRED,FAIR,N,N,N,N,N,N,N,N,N,UNK,N,-1.0,-1.0,-1.0,-1.0,-1.0,-1.0,-1.0,-1.0,-1.0,-1.0,-1.0,-1.0,-1.0,-1.0,-1.0,-1.0,-1.0,-1.0,-1.0,-1.0,-1.0,-1.0,-1.0,-1.0,-1.0,-1.0,-1.0,-1.0,-1.0,-1.0,-1.0,-1.0,-1.0,-1.0,-1.0,-1.0,30200
M,WIDOWED,ITA,PRIMARY,THIN,TENANT_MARKET,OTHER_INACTIVE,POOR,N,N,N,N,N,N,N,N,N,UNK,N,-1.0,-1.0,-1.0,-1.0,-1.0,-1.0,-1.0,-1.0,-1.0,-1.0,-1.0,-1.0,-1.0,-1.0,-1.0,-1.0,-1.0,-1.0,-1.0,-1.0,-1.0,-1.0,-1.0,-1.0,-1.0,-1.0,-1.0,-1.0,-1.0,-1.0,-1.0,-1.0,-1.0,-1.0,-1.0,-1.0,86848
M,WIDOWED,ESP,PRIMARY,THIN,TENANT_MARKET,OTHER_INACTIVE,POOR,N,N,N,N,N,N,N,N,N,UNK,N,-1.0,-1.0,-1.0,-1.0,-1.0,-1.0,-1.0,-1.0,-1.0,-1.0,-1.0,-1.0,-1.0,-1.0,-1.0,-1.0,-1.0,-1.0,-1.0,-1.0,-1.0,-1.0,-1.0,-1.0,-1.0,-1.0,-1.0,-1.0,-1.0,-1.0,-1.0,-1.0,-1.0,-1.0,-1.0,-1.0,21707
M,DIVORCED,ESP,PRIMARY,THIN,TENANT_REDUCED,OTHER_INACTIVE,POOR,N,N,N,N,N,N,N,N,N,UNK,N,-1.0,-1.0,-1.0,-1.0,-1.0,-1.0,-1.0,-1.0,-1.0,-1.0,-1.0,-1.0,-1.0,-1.0,-1.0,-1.0,-1.0,-1.0,-1.0,-1.0,-1.0,-1.0,-1.0,-1.0,-1.0,-1.0,-1.0,-1.0,-1.0,-1.0,-1.0,-1.0,-1.0,-1.0,-1.0,-1.0,32776
M,DIVORCED,ESP,LOWER_SEC,THIN,TENANT_MARKET,OTHER_INACTIVE,FAIR,N,N,N,N,N,N,N,N,N,UNK,N,-1.0,-1.0,-1.0,-1.0,-1.0,-1.0,-1.0,-1.0,-1.0,-1.0,-1.0,-1.0,-1.0,-1.0,-1.0,-1.0,-1.0,-1.0,-1.0,-1.0,-1.0,-1.0,-1.0,-1.0,-1.0,-1.0,-1.0,-1.0,-1.0,-1.0,-1.0,-1.0,-1.0,-1.0,-1.0,-1.0,6510
M,WIDOWED,ITA,LOWER_SEC,THIN,TENANT_REDUCED,OTHER_INACTIVE,POOR,N,N,N,N,N,N,N,N,N,NA,N,-1.0,-1.0,-1.0,-1.0,-1.0,-1.0,-1.0,-1.0,-1.0,-1.0,-1.0,-1.0,-1.0,-1.0,-1.0,-1.0,-1.0,-1.0,-1.0,-1.0,-1.0,-1.0,-1.0,-1.0,-1.0,-1.0,-1.0,-1.0,-1.0,-1.0,-1.0,-1.0,-1.0,-1.0,-1.0,-1.0,5316
M,WIDOWED,ITA,LOWER_SEC,THIN,TENANT_MARKET,RETIRED,FAIR,N,N,N,N,N,N,N,N,N,UNK,N,-1.0,-1.0,-1.0,-1.0,-1.0,-1.0,-1.0,-1.0,-1.0,-1.0,-1.0,-1.0,-1.0,-1.0,-1.0,-1.0,-1.0,-1.0,-1.0,-1.0,-1.0,-1.0,-1.0,-1.0,-1.0,-1.0,-1.0,-1.0,-1.0,-1.0,-1.0,-1.0,-1.0,-1.0,-1.0,-1.0,92182
M,WIDOWED,ESP,LOWER_SEC,THIN,TENANT_REDUCED,RETIRED,POOR,N,N,N,N,N,N,N,N,N,NA,N,-1.0,-1.0,-1.0,-1.0,-1.0,-1.0,-1.0,-1.0,-1.0,-1.0,-1.0,-1.0,-1.0,-1.0,-1.0,-1.0,-1.0,-1.0,-1.0,-1.0,-1.0,-1.0,-1.0,-1.0,-1.0,-1.0,-1.0,-1.0,-1.0,-1.0,-1.0,-1.0,-1.0,-1.0,-1.0,-1.0,10068
M,DIVORCED,ITA,LOWER_SEC,THIN,TENANT_REDUCED,OTHER_INACTIVE,POOR,N,N,N,N,N,N,N,N,N,NA,N,-1.0,-1.0,-1.0,-1.0,-1.0,-1.0,-1.0,-1.0,-1.0,-1.0,-1.0,-1.0,-1.0,-1.0,-1.0,-1.0,-1.0,-1.0,-1.0,-1.0,-1.0,-1.0,-1.0,-1.0,-1.0,-1.0,-1.0,-1.0,-1.0,-1.0,-1.0,-1.0,-1.0,-1.0,-1.0,-1.0,79901
M,WIDOWED,ESP,LOWER_SEC,THIN,TENANT_MARKET,OTHER_INACTIVE,POOR,N,N,N,N,N,N,N,N,N,UNK,N,-1.0,-1.0,-1.0,-1.0,-1.0,-1.0,-1.0,-1.0,-1.0,-1.0,-1.0,-1.0,-1.0,-1.0,-1.0,-1.0,-1.0,-1.0,-1.0,-1.0,-1.0,-1.0,-1.0,-1.0,-1.0,-1.0,-1.0,-1.0,-1.0,-1.0,-1.0,-1.0,-1.0,-1.0,-1.0,-1.0,44533
M,WIDOWED,ITA,PRIMARY,THIN,TENANT_REDUCED,OTHER_INACTIVE,POOR,N,N,N,N,N,N,N,N,N,NA,N,-1.0,-1.0,-1.0,-1.0,-1.0,-1.0,-1.0,-1.0,-1.0,-1.0,-1.0,-1.0,-1.0,-1.0,-1.0,-1.0,-1.0,-1.0,-1.0,-1.0,-1.0,-1.0,-1.0,-1.0,-1.0,-1.0,-1.0,-1.0,-1.0,-1.0,-1.0,-1.0,-1.0,-1.0,-1.0,-1.0,94900
M,DIVORCED,ITA,LOWER_SEC,THIN,TENANT_REDUCED,OTHER_INACTIVE,FAIR,N,N,N,N,N,N,N,N,N,UNK,N,-1.0,-1.0,-1.0,-1.0,-1.0,-1.0,-1.0,-1.0,-1.0,-1.0,-1.0,-1.0,-1.0,-1.0,-1.0,-1.0,-1.0,-1.0,-1.0,-1.0,-1.0,-1.0,-1.0,-1.0,-1.0,-1.0,-1.0,-1.0,-1.0,-1.0,-1.0,-1.0,-1.0,-1.0,-1.0,-1.0,90198
M,DIVORCED,ITA,PRIMARY,THIN,TENANT_MARKET,RETIRED,FAIR,N,N,N,N,N,N,N,N,N,UNK,N,-1.0,-1.0,-1.0,-1.0,-1.0,-1.0,-1.0,-1.0,-1.0,-1.0,-1.0,-1.0,-1.0,-1.0,-1.0,-1.0,-1.0,-1.0,-1.0,-1.0,-1.0,-1.0,-1.0,-1.0,-1.0,-1.0,-1.0,-1.0,-1.0,-1.0,-1.0,-1.0,-1.0,-1.0,-1.0,-1.0,24687
M,DIVORCED,ITA,LOWER_SEC,THIN,TENANT_REDUCED,RETIRED,POOR,N,N,N,N,N,N,N,N,N,NA,N,-1.0,-1.0,-1.0,-1.0,-1.0,-1.0,-1.0,-1.0,-1.0,-1.0,-1.0,-1.0,-1.0,-1.0,-1.0,-1.0,-1.0,-1.0,-1.0,-1.0,-1.0,-1.0,-1.0,-1.0,-1.0,-1.0,-1.0,-1.0,-1.0,-1.0,-1.0,-1.0,-1.0,-1.0,-1.0,-1.0,42336
M,DIVORCED,ESP,LOWER_SEC,THIN,TENANT_MARKET,RETIRED,POOR,N,N,N,N,N,N,N,N,N,UNK,N,-1.0,-1.0,-1.0,-1.0,-1.0,-1.0,-1.0,-1.0,-1.0,-1.0,-1.0,-1.0,-1.0,-1.0,-1.0,-1.0,-1.0,-1.0,-1.0,-1.0,-1.0,-1.0,-1.0,-1.0,-1.0,-1.0,-1.0,-1.0,-1.0,-1.0,-1.0,-1.0,-1.0,-1.0,-1.0,-1.0,91738
M,DIVORCED,ESP,LOWER_SEC,THIN,TENANT_REDUCED,RETIRED,POOR,N,N,N,N,N,N,N,N,N,UNK,N,-1.0,-1.0,-1.0,-1.0,-1.0,-1.0,-1.0,-1.0,-1.0,-1.0,-1.0,-1.0,-1.0,-1.0,-1.0,-1.0,-1.0,-1.0,-1.0,-1.0,-1.0,-1.0,-1.0,-1.0,-1.0,-1.0,-1.0,-1.0,-1.0,-1.0,-1.0,-1.0,-1.0,-1.0,-1.0,-1.0,8060
M,DIVORCED,ESP,LOWER_SEC,THIN,TENANT_MARKET,OTHER_INACTIVE,FAIR,N,N,N,N,N,N,N,N,N,UNK,N,-1.0,-1.0,-1.0,-1.0,-1.0,-1.0,-1.0,-1.0,-1.0,-1.0,-1.0,-1.0,-1.0,-1.0,-1.0,-1.0,-1.0,-1.0,-1.0,-1.0,-1.0,-1.0,-1.0,-1.0,-1.0,-1.0,-1.0,-1.0,-1.0,-1.0,-1.0,-1.0,-1.0,-1.0,-1.0,-1.0,64695
M,DIVORCED,ITA,LOWER_SEC,THIN,TENANT_REDUCED,OTHER_INACTIVE,FAIR,N,N,N,N,N,N,N,N,N,NA,N,-1.0,-1.0,-1.0,-1.0,-1.0,-1.0,-1.0,-1.0,-1.0,-1.0,-1.0,-1.0,-1.0,-1.0,-1.0,-1.0,-1.0,-1.0,-1.0,-1.0,-1.0,-1.0,-1.0,-1.0,-1.0,-1.0,-1.0,-1.0,-1.0,-1.0,-1.0,-1.0,-1.0,-1.0,-1.0,-1.0,94724
M,DIVORCED,ESP,PRIMARY,THIN,TENANT_REDUCED,RETIRED,POOR,N,N,N,N,N,N,N,N,N,UNK,N,-1.0,-1.0,-1.0,-1.0,-1.0,-1.0,-1.0,-1.0,-1.0,-1.0,-1.0,-1.0,-1.0,-1.0,-1.0,-1.0,-1.0,-1.0,-1.0,-1.0,-1.0,-1.0,-1.0,-1.0,-1.0,-1.0,-1.0,-1.0,-1.0,-1.0,-1.0,-1.0,-1.0,-1.0,-1.0,-1.0,1619
M,WIDOWED,ESP,LOWER_SEC,THIN,TENANT_REDUCED,RETIRED,FAIR,N,N,N,N,N,N,N,N,N,NA,N,-1.0,-1.0,-1.0,-1.0,-1.0,-1.0,-1.0,-1.0,-1.0,-1.0,-1.0,-1.0,-1.0,-1.0,-1.0,-1.0,-1.0,-1.0,-1.0,-1.0,-1.0,-1.0,-1.0,-1.0,-1.0,-1.0,-1.0,-1.0,-1.0,-1.0,-1.0,-1.0,-1.0,-1.0,-1.0,-1.0,57149
M,DIVORCED,ESP,LOWER_SEC,THIN,TENANT_REDUCED,RETIRED,FAIR,N,N,N,N,N,N,N,N,N,UNK,N,-1.0,-1.0,-1.0,-1.0,-1.0,-1.0,-1.0,-1.0,-1.0,-1.0,-1.0,-1.0,-1.0,-1.0,-1.0,-1.0,-1.0,-1.0,-1.0,-1.0,-1.0,-1.0,-1.0,-1.0,-1.0,-1.0,-1.0,-1.0,-1.0,-1.0,-1.0,-1.0,-1.0,-1.0,-1.0,-1.0,6522
M,WIDOWED,ESP,LOWER_SEC,THIN,TENANT_MARKET,RETIRED,FAIR,N,N,N,N,N,N,N,N,N,UNK,N,-1.0,-1.0,-1.0,-1.0,-1.0,-1.0,-1.0,-1.0,-1.0,-1.0,-1.0,-1.0,-1.0,-1.0,-1.0,-1.0,-1.0,-1.0,-1.0,-1.0,-1.0,-1.0,-1.0,-1.0,-1.0,-1.0,-1.0,-1.0,-1.0,-1.0,-1.0,-1.0,-1.0,-1.0,-1.0,-1.0,51164
M,DIVORCED,ITA,LOWER_SEC,THIN,TENANT_MARKET,RETIRED,POOR,N,N,N,N,N,N,N,N,N,UNK,N,-1.0,-1.0,-1.0,-1.0,-1.0,-1.0,-1.0,-1.0,-1.0,-1.0,-1.0,-1.0,-1.0,-1.0,-1.0,-1.0,-1.0,-1.0,-1.0,-1.0,-1.0,-1.0,-1.0,-1.0,-1.0,-1.0,-1.0,-1.0,-1.0,-1.0,-1.0,-1.0,-1.0,-1.0,-1.0,-1.0,55630
M,WIDOWED,ESP,PRIMARY,THIN,TENANT_REDUCED,RETIRED,FAIR,N,N,N,N,N,N,N,N,N,UNK,N,-1.0,-1.0,-1.0,-1.0,-1.0,-1.0,-1.0,-1.0,-1.0,-1.0,-1.0,-1.0,-1.0,-1.0,-1.0,-1.0,-1.0,-1.0,-1.0,-1.0,-1.0,-1.0,-1.0,-1.0,-1.0,-1.0,-1.0,-1.0,-1.0,-1.0,-1.0,-1.0,-1.0,-1.0,-1.0,-1.0,85801
M,DIVORCED,ITA,PRIMARY,THIN,TENANT_REDUCED,RETIRED,FAIR,N,N,N,N,N,N,N,N,N,NA,N,-1.0,-1.0,-1.0,-1.0,-1.0,-1.0,-1.0,-1.0,-1.0,-1.0,-1.0,-1.0,-1.0,-1.0,-1.0,-1.0,-1.0,-1.0,-1.0,-1.0,-1.0,-1.0,-1.0,-1.0,-1.0,-1.0,-1.0,-1.0,-1.0,-1.0,-1.0,-1.0,-1.0,-1.0,-1.0,-1.0,50008
M,DIVORCED,ITA,PRIMARY,THIN,TENANT_MARKET,OTHER_INACTIVE,FAIR,N,N,N,N,N,N,N,N,N,NA,N,-1.0,-1.0,-1.0,-1.0,-1.0,-1.0,-1.0,-1.0,-1.0,-1.0,-1.0,-1.0,-1.0,-1.0,-1.0,-1.0,-1.0,-1.0,-1.0,-1.0,-1.0,-1.0,-1.0,-1.0,-1.0,-1.0,-1.0,-1.0,-1.0,-1.0,-1.0,-1.0,-1.0,-1.0,-1.0,-1.0,49010
M,DIVORCED,ESP,PRIMARY,THIN,TENANT_REDUCED,RETIRED,FAIR,N,N,N,N,N,N,N,N,N,UNK,N,-1.0,-1.0,-1.0,-1.0,-1.0,-1.0,-1.0,-1.0,-1.0,-1.0,-1.0,-1.0,-1.0,-1.0,-1.0,-1.0,-1.0,-1.0,-1.0,-1.0,-1.0,-1.0,-1.0,-1.0,-1.0,-1.0,-1.0,-1.0,-1.0,-1.0,-1.0,-1.0,-1.0,-1.0,-1.0,-1.0,38062
M,DIVORCED,ESP,LOWER_SEC,THIN,TENANT_MARKET,RETIRED,FAIR,N,N,N,N,N,N,N,N,N,UNK,N,-1.0,-1.0,-1.0,-1.0,-1.0,-1.0,-1.0,-1.0,-1.0,-1.0,-1.0,-1.0,-1.0,-1.0,-1.0,-1.0,-1.0,-1.0,-1.0,-1.0,-1.0,-1.0,-1.0,-1.0,-1.0,-1.0,-1.0,-1.0,-1.0,-1.0,-1.0,-1.0,-1.0,-1.0,-1.0,-1.0,41454
M,WIDOWED,ESP,PRIMARY,THIN,TENANT_REDUCED,OTHER_INACTIVE,FAIR,N,N,N,N,N,N,N,N,N,NA,N,-1.0,-1.0,-1.0,-1.0,-1.0,-1.0,-1.0,-1.0,-1.0,-1.0,-1.0,-1.0,-1.0,-1.0,-1.0,-1.0,-1.0,-1.0,-1.0,-1.0,-1.0,-1.0,-1.0,-1.0,-1.0,-1.0,-1.0,-1.0,-1.0,-1.0,-1.0,-1.0,-1.0,-1.0,-1.0,-1.0,90432
M,WIDOWED,ESP,LOWER_SEC,THIN,TENANT_REDUCED,RETIRED,FAIR,N,N,N,N,N,N,N,N,N,UNK,N,-1.0,-1.0,-1.0,-1.0,-1.0,-1.0,-1.0,-1.0,-1.0,-1.0,-1.0,-1.0,-1.0,-1.0,-1.0,-1.0,-1.0,-1.0,-1.0,-1.0,-1.0,-1.0,-1.0,-1.0,-1.0,-1.0,-1.0,-1.0,-1.0,-1.0,-1.0,-1.0,-1.0,-1.0,-1.0,-1.0,26145
M,WIDOWED,ESP,PRIMARY,THIN,TENANT_REDUCED,OTHER_INACTIVE,FAIR,N,N,N,N,N,N,N,N,N,UNK,N,-1.0,-1.0,-1.0,-1.0,-1.0,-1.0,-1.0,-1.0,-1.0,-1.0,-1.0,-1.0,-1.0,-1.0,-1.0,-1.0,-1.0,-1.0,-1.0,-1.0,-1.0,-1.0,-1.0,-1.0,-1.0,-1.0,-1.0,-1.0,-1.0,-1.0,-1.0,-1.0,-1.0,-1.0,-1.0,-1.0,63804
M,WIDOWED,ITA,PRIMARY,THIN,TENANT_MARKET,RETIRED,FAIR,N,N,N,N,N,N,N,N,N,UNK,N,-1.0,-1.0,-1.0,-1.0,-1.0,-1.0,-1.0,-1.0,-1.0,-1.0,-1.0,-1.0,-1.0,-1.0,-1.0,-1.0,-1.0,-1.0,-1.0,-1.0,-1.0,-1.0,-1.0,-1.0,-1.0,-1.0,-1.0,-1.0,-1.0,-1.0,-1.0,-1.0,-1.0,-1.0,-1.0,-1.0,69294
M,DIVORCED,ITA,LOWER_SEC,THIN,TENANT_REDUCED,RETIRED,FAIR,N,N,N,N,N,N,N,N,N,UNK,N,-1.0,-1.0,-1.0,-1.0,-1.0,-1.0,-1.0,-1.0,-1.0,-1.0,-1.0,-1.0,-1.0,-1.0,-1.0,-1.0,-1.0,-1.0,-1.0,-1.0,-1.0,-1.0,-1.0,-1.0,-1.0,-1.0,-1.0,-1.0,-1.0,-1.0,-1.0,-1.0,-1.0,-1.0,-1.0,-1.0,39570
M,WIDOWED,ESP,PRIMARY,THIN,TENANT_MARKET,RETIRED,FAIR,N,N,N,N,N,N,N,N,N,UNK,N,-1.0,-1.0,-1.0,-1.0,-1.0,-1.0,-1.0,-1.0,-1.0,-1.0,-1.0,-1.0,-1.0,-1.0,-1.0,-1.0,-1.0,-1.0,-1.0,-1.0,-1.0,-1.0,-1.0,-1.0,-1.0,-1.0,-1.0,-1.0,-1.0,-1.0,-1.0,-1.0,-1.0,-1.0,-1.0,-1.0,98403
M,DIVORCED,ESP,LOWER_SEC,THIN,TENANT_REDUCED,OTHER_INACTIVE,FAIR,N,N,N,N,N,N,N,N,N,NA,N,-1.0,-1.0,-1.0,-1.0,-1.0,-1.0,-1.0,-1.0,-1.0,-1.0,-1.0,-1.0,-1.0,-1.0,-1.0,-1.0,-1.0,-1.0,-1.0,-1.0,-1.0,-1.0,-1.0,-1.0,-1.0,-1.0,-1.0,-1.0,-1.0,-1.0,-1.0,-1.0,-1.0,-1.0,-1.0,-1.0,75772
M,DIVORCED,ESP,LOWER_SEC,THIN,TENANT_MARKET,RETIRED,POOR,N,N,N,N,N,N,N,N,N,UNK,N,-1.0,-1.0,-1.0,-1.0,-1.0,-1.0,-1.0,-1.0,-1.0,-1.0,-1.0,-1.0,-1.0,-1.0,-1.0,-1.0,-1.0,-1.0,-1.0,-1.0,-1.0,-1.0,-1.0,-1.0,-1.0,-1.0,-1.0,-1.0,-1.0,-1.0,-1.0,-1.0,-1.0,-1.0,-1.0,-1.0,50197
M,WIDOWED,ESP,PRIMARY,THIN,TENANT_REDUCED,OTHER_INACTIVE,FAIR,N,N,N,N,N,N,N,N,N,NA,N,-1.0,-1.0,-1.0,-1.0,-1.0,-1.0,-1.0,-1.0,-1.0,-1.0,-1.0,-1.0,-1.0,-1.0,-1.0,-1.0,-1.0,-1.0,-1.0,-1.0,-1.0,-1.0,-1.0,-1.0,-1.0,-1.0,-1.0,-1.0,-1.0,-1.0,-1.0,-1.0,-1.0,-1.0,-1.0,-1.0,56505
M,DIVORCED,ESP,LOWER_SEC,THIN,TENANT_REDUCED,RETIRED,FAIR,N,N,N,N,N,N,N,N,N,NA,N,-1.0,-1.0,-1.0,-1.0,-1.0,-1.0,-1.0,-1.0,-1.0,-1.0,-1.0,-1.0,-1.0,-1.0,-1.0,-1.0,-1.0,-1.0,-1.0,-1.0,-1.0,-1.0,-1.0,-1.0,-1.0,-1.0,-1.0,-1.0,-1.0,-1.0,-1.0,-1.0,-1.0,-1.0,-1.0,-1.0,66032
M,WIDOWED,ITA,PRIMARY,THIN,TENANT_MARKET,RETIRED,POOR,N,N,N,N,N,N,N,N,N,NA,N,-1.0,-1.0,-1.0,-1.0,-1.0,-1.0,-1.0,-1.0,-1.0,-1.0,-1.0,-1.0,-1.0,-1.0,-1.0,-1.0,-1.0,-1.0,-1.0,-1.0,-1.0,-1.0,-1.0,-1.0,-1.0,-1.0,-1.0,-1.0,-1.0,-1.0,-1.0,-1.0,-1.0,-1.0,-1.0,-1.0,93141
M,DIVORCED,ESP,PRIMARY,THIN,TENANT_MARKET,RETIRED,POOR,N,N,N,N,N,N,N,N,N,NA,N,-1.0,-1.0,-1.0,-1.0,-1.0,-1.0,-1.0,-1.0,-1.0,-1.0,-1.0,-1.0,-1.0,-1.0,-1.0,-1.0,-1.0,-1.0,-1.0,-1.0,-1.0,-1.0,-1.0,-1.0,-1.0,-1.0,-1.0,-1.0,-1.0,-1.0,-1.0,-1.0,-1.0,-1.0,-1.0,-1.0,32414
M,WIDOWED,ESP,LOWER_SEC,THIN,TENANT_REDUCED,OTHER_INACTIVE,FAIR,N,N,N,N,N,N,N,N,N,UNK,N,-1.0,-1.0,-1.0,-1.0,-1.0,-1.0,-1.0,-1.0,-1.0,-1.0,-1.0,-1.0,-1.0,-1.0,-1.0,-1.0,-1.0,-1.0,-1.0,-1.0,-1.0,-1.0,-1.0,-1.0,-1.0,-1.0,-1.0,-1.0,-1.0,-1.0,-1.0,-1.0,-1.0,-1.0,-1.0,-1.0,28539
M,WIDOWED,ESP,LOWER_SEC,THIN,TENANT_REDUCED,RETIRED,POOR,N,N,N,N,N,N,N,N,N,NA,N,-1.0,-1.0,-1.0,-1.0,-1.0,-1.0,-1.0,-1.0,-1.0,-1.0,-1.0,-1.0,-1.0,-1.0,-1.0,-1.0,-1.0,-1.0,-1.0,-1.0,-1.0,-1.0,-1.0,-1.0,-1.0,-1.0,-1.0,-1.0,-1.0,-1.0,-1.0,-1.0,-1.0,-1.0,-1.0,-1.0,1315
M,WIDOWED,ITA,PRIMARY,THIN,TENANT_MARKET,OTHER_INACTIVE,POOR,N,N,N,N,N,N,N,N,N,UNK,N,-1.0,-1.0,-1.0,-1.0,-1.0,-1.0,-1.0,-1.0,-1.0,-1.0,-1.0,-1.0,-1.0,-1.0,-1.0,-1.0,-1.0,-1.0,-1.0,-1.0,-1.0,-1.0,-1.0,-1.0,-1.0,-1.0,-1.0,-1.0,-1.0,-1.0,-1.0,-1.0,-1.0,-1.0,-1.0,-1.0,61574
M,DIVORCED,ESP,PRIMARY,THIN,TENANT_MARKET,RETIRED,POOR,N,N,N,N,N,N,N,N,N,NA,N,-1.0,-1.0,-1.0,-1.0,-1.0,-1.0,-1.0,-1.0,-1.0,-1.0,-1.0,-1.0,-1.0,-1.0,-1.0,-1.0,-1.0,-1.0,-1.0,-1.0,-1.0,-1.0,-1.0,-1.0,-1.0,-1.0,-1.0,-1.0,-1.0,-1.0,-1.0,-1.0,-1.0,-1.0,-1.0,-1.0,90168
M,DIVORCED,ESP,PRIMARY,THIN,TENANT_REDUCED,OTHER_INACTIVE,FAIR,N,N,N,N,N,N,N,N,N,NA,N,-1.0,-1.0,-1.0,-1.0,-1.0,-1.0,-1.0,-1.0,-1.0,-1.0,-1.0,-1.0,-1.0,-1.0,-1.0,-1.0,-1.0,-1.0,-1.0,-1.0,-1.0,-1.0,-1.0,-1.0,-1.0,-1.0,-1.0,-1.0,-1.0,-1.0,-1.0,-1.0,-1.0,-1.0,-1.0,-1.0,91661
M,DIVORCED,ITA,LOWER_SEC,THIN,TENANT_REDUCED,RETIRED,FAIR,N,N,N,N,N,N,N,N,N,UNK,N,-1.0,-1.0,-1.0,-1.0,-1.0,-1.0,-1.0,-1.0,-1.0,-1.0,-1.0,-1.0,-1.0,-1.0,-1.0,-1.0,-1.0,-1.0,-1.0,-1.0,-1.0,-1.0,-1.0,-1.0,-1.0,-1.0,-1.0,-1.0,-1.0,-1.0,-1.0,-1.0,-1.0,-1.0,-1.0,-1.0,10365
M,DIVORCED,ITA,LOWER_SEC,THIN,TENANT_MARKET,RETIRED,FAIR,N,N,N,N,N,N,N,N,N,UNK,N,-1.0,-1.0,-1.0,-1.0,-1.0,-1.0,-1.0,-1.0,-1.0,-1.0,-1.0,-1.0,-1.0,-1.0,-1.0,-1.0,-1.0,-1.0,-1.0,-1.0,-1.0,-1.0,-1.0,-1.0,-1.0,-1.0,-1.0,-1.0,-1.0,-1.0,-1.0,-1.0,-1.0,-1.0,-1.0,-1.0,49147
M,WIDOWED,ESP,PRIMARY,THIN,TENANT_REDUCED,OTHER_INACTIVE,POOR,N,N,N,N,N,N,N,N,N,UNK,N,-1.0,-1.0,-1.0,-1.0,-1.0,-1.0,-1.0,-1.0,-1.0,-1.0,-1.0,-1.0,-1.0,-1.0,-1.0,-1.0,-1.0,-1.0,-1.0,-1.0,-1.0,-1.0,-1.0,-1.0,-1.0,-1.0,-1.0,-1.0,-1.0,-1.0,-1.0,-1.0,-1.0,-1.0,-1.0,-1.0,96974
M,WIDOWED,ITA,LOWER_SEC,THIN,TENANT_REDUCED,OTHER_INACTIVE,FAIR,N,N,N,N,N,N,N,N,N,NA,N,-1.0,-1.0,-1.0,-1.0,-1.0,-1.0,-1.0,-1.0,-1.0,-1.0,-1.0,-1.0,-1.0,-1.0,-1.0,-1.0,-1.0,-1.0,-1.0,-1.0,-1.0,-1.0,-1.0,-1.0,-1.0,-1.0,-1.0,-1.0,-1.0,-1.0,-1.0,-1.0,-1.0,-1.0,-1.0,-1.0,14384
M,DIVORCED,ESP,PRIMARY,THIN,TENANT_REDUCED,RETIRED,FAIR,N,N,N,N,N,N,N,N,N,UNK,N,-1.0,-1.0,-1.0,-1.0,-1.0,-1.0,-1.0,-1.0,-1.0,-1.0,-1.0,-1.0,-1.0,-1.0,-1.0,-1.0,-1.0,-1.0,-1.0,-1.0,-1.0,-1.0,-1.0,-1.0,-1.0,-1.0,-1.0,-1.0,-1.0,-1.0,-1.0,-1.0,-1.0,-1.0,-1.0,-1.0,65094
M,DIVORCED,ITA,PRIMARY,THIN,TENANT_REDUCED,OTHER_INACTIVE,POOR,N,N,N,N,N,N,N,N,N,NA,N,-1.0,-1.0,-1.0,-1.0,-1.0,-1.0,-1.0,-1.0,-1.0,-1.0,-1.0,-1.0,-1.0,-1.0,-1.0,-1.0,-1.0,-1.0,-1.0,-1.0,-1.0,-1.0,-1.0,-1.0,-1.0,-1.0,-1.0,-1.0,-1.0,-1.0,-1.0,-1.0,-1.0,-1.0,-1.0,-1.0,40267
M,WIDOWED,ITA,LOWER_SEC,THIN,TENANT_MARKET,OTHER_INACTIVE,POOR,N,N,N,N,N,N,N,N,N,NA,N,-1.0,-1.0,-1.0,-1.0,-1.0,-1.0,-1.0,-1.0,-1.0,-1.0,-1.0,-1.0,-1.0,-1.0,-1.0,-1.0,-1.0,-1.0,-1.0,-1.0,-1.0,-1.0,-1.0,-1.0,-1.0,-1.0,-1.0,-1.0,-1.0,-1.0,-1.0,-1.0,-1.0,-1.0,-1.0,-1.0,70129
M,DIVORCED,ITA,LOWER_SEC,THIN,TENANT_REDUCED,OTHER_INACTIVE,FAIR,N,N,N,N,N,N,N,N,N,NA,N,-1.0,-1.0,-1.0,-1.0,-1.0,-1.0,-1.0,-1.0,-1.0,-1.0,-1.0,-1.0,-1.0,-1.0,-1.0,-1.0,-1.0,-1.0,-1.0,-1.0,-1.0,-1.0,-1.0,-1.0,-1.0,-1.0,-1.0,-1.0,-1.0,-1.0,-1.0,-1.0,-1.0,-1.0,-1.0,-1.0,16907
M,DIVORCED,ESP,LOWER_SEC,THIN,TENANT_MARKET,RETIRED,POOR,N,N,N,N,N,N,N,N,N,NA,N,-1.0,-1.0,-1.0,-1.0,-1.0,-1.0,-1.0,-1.0,-1.0,-1.0,-1.0,-1.0,-1.0,-1.0,-1.0,-1.0,-1.0,-1.0,-1.0,-1.0,-1.0,-1.0,-1.0,-1.0,-1.0,-1.0,-1.0,-1.0,-1.0,-1.0,-1.0,-1.0,-1.0,-1.0,-1.0,-1.0,36904
M,DIVORCED,ITA,LOWER_SEC,THIN,TENANT_REDUCED,RETIRED,POOR,N,N,N,N,N,N,N,N,N,UNK,N,-1.0,-1.0,-1.0,-1.0,-1.0,-1.0,-1.0,-1.0,-1.0,-1.0,-1.0,-1.0,-1.0,-1.0,-1.0,-1.0,-1.0,-1.0,-1.0,-1.0,-1.0,-1.0,-1.0,-1.0,-1.0,-1.0,-1.0,-1.0,-1.0,-1.0,-1.0,-1.0,-1.0,-1.0,-1.0,-1.0,8696
M,DIVORCED,ESP,PRIMARY,THIN,TENANT_MARKET,RETIRED,POOR,N,N,N,N,N,N,N,N,N,NA,N,-1.0,-1.0,-1.0,-1.0,-1.0,-1.0,-1.0,-1.0,-1.0,-1.0,-1.0,-1.0,-1.0,-1.0,-1.0,-1.0,-1.0,-1.0,-1.0,-1.0,-1.0,-1.0,-1.0,-1.0,-1.0,-1.0,-1.0,-1.0,-1.0,-1.0,-1.0,-1.0,-1.0,-1.0,-1.0,-1.0,94471
M,DIVORCED,ITA,LOWER_SEC,THIN,TENANT_REDUCED,OTHER_INACTIVE,FAIR,N,N,N,N,N,N,N,N,N,UNK,N,-1.0,-1.0,-1.0,-1.0,-1.0,-1.0,-1.0,-1.0,-1.0,-1.0,-1.0,-1.0,-1.0,-1.0,-1.0,-1.0,-1.0,-1.0,-1.0,-1.0,-1.0,-1.0,-1.0,-1.0,-1.0,-1.0,-1.0,-1.0,-1.0,-1.0,-1.0,-1.0,-1.0,-1.0,-1.0,-1.0,8332
M,WIDOWED,ESP,LOWER_SEC,THIN,TENANT_MARKET,RETIRED,FAIR,N,N,N,N,N,N,N,N,N,NA,N,-1.0,-1.0,-1.0,-1.0,-1.0,-1.0,-1.0,-1.0,-1.0,-1.0,-1.0,-1.0,-1.0,-1.0,-1.0,-1.0,-1.0,-1.0,-1.0,-1.0,-1.0,-1.0,-1.0,-1.0,-1.0,-1.0,-1.0,-1.0,-1.0,-1.0,-1.0,-1.0,-1.0,-1.0,-1.0,-1.0,41824
M,WIDOWED,ITA,PRIMARY,THIN,TENANT_REDUCED,RETIRED,FAIR,N,N,N,N,N,N,N,N,N,UNK,N,-1.0,-1.0,-1.0,-1.0,-1.0,-1.0,-1.0,-1.0,-1.0,-1.0,-1.0,-1.0,-1.0,-1.0,-1.0,-1.0,-1.0,-1.0,-1.0,-1.0,-1.0,-1.0,-1.0,-1.0,-1.0,-1.0,-1.0,-1.0,-1.0,-1.0,-1.0,-1.0,-1.0,-1.0,-1.0,-1.0,74545
M,WIDOWED,ITA,PRIMARY,THIN,TENANT_MARKET,OTHER_INACTIVE,POOR,N,N,N,N,N,N,N,N,N,UNK,N,-1.0,-1.0,-1.0,-1.0,-1.0,-1.0,-1.0,-1.0,-1.0,-1.0,-1.0,-1.0,-1.0,-1.0,-1.0,-1.0,-1.0,-1.0,-1.0,-1.0,-1.0,-1.0,-1.0,-1.0,-1.0,-1.0,-1.0,-1.0,-1.0,-1.0,-1.0,-1.0,-1.0,-1.0,-1.0,-1.0,67707
M,WIDOWED,ESP,LOWER_SEC,THIN,TENANT_MARKET,OTHER_INACTIVE,FAIR,N,N,N,N,N,N,N,N,N,UNK,N,-1.0,-1.0,-1.0,-1.0,-1.0,-1.0,-1.0,-1.0,-1.0,-1.0,-1.0,-1.0,-1.0,-1.0,-1.0,-1.0,-1.0,-1.0,-1.0,-1.0,-1.0,-1.0,-1.0,-1.0,-1.0,-1.0,-1.0,-1.0,-1.0,-1.0,-1.0,-1.0,-1.0,-1.0,-1.0,-1.0,88313
M,WIDOWED,ESP,LOWER_SEC,THIN,TENANT_REDUCED,OTHER_INACTIVE,POOR,N,N,N,N,N,N,N,N,N,NA,N,-1.0,-1.0,-1.0,-1.0,-1.0,-1.0,-1.0,-1.0,-1.0,-1.0,-1.0,-1.0,-1.0,-1.0,-1.0,-1.0,-1.0,-1.0,-1.0,-1.0,-1.0,-1.0,-1.0,-1.0,-1.0,-1.0,-1.0,-1.0,-1.0,-1.0,-1.0,-1.0,-1.0,-1.0,-1.0,-1.0,64814
M,DIVORCED,ITA,PRIMARY,THIN,TENANT_MARKET,OTHER_INACTIVE,POOR,N,N,N,N,N,N,N,N,N,NA,N,-1.0,-1.0,-1.0,-1.0,-1.0,-1.0,-1.0,-1.0,-1.0,-1.0,-1.0,-1.0,-1.0,-1.0,-1.0,-1.0,-1.0,-1.0,-1.0,-1.0,-1.0,-1.0,-1.0,-1.0,-1.0,-1.0,-1.0,-1.0,-1.0,-1.0,-1.0,-1.0,-1.0,-1.0,-1.0,-1.0,33701
M,DIVORCED,ESP,LOWER_SEC,THIN,TENANT_REDUCED,OTHER_INACTIVE,FAIR,N,N,N,N,N,N,N,N,N,NA,N,-1.0,-1.0,-1.0,-1.0,-1.0,-1.0,-1.0,-1.0,-1.0,-1.0,-1.0,-1.0,-1.0,-1.0,-1.0,-1.0,-1.0,-1.0,-1.0,-1.0,-1.0,-1.0,-1.0,-1.0,-1.0,-1.0,-1.0,-1.0,-1.0,-1.0,-1.0,-1.0,-1.0,-1.0,-1.0,-1.0,31745
M,WIDOWED,ESP,LOWER_SEC,THIN,TENANT_REDUCED,RETIRED,FAIR,N,N,N,N,N,N,N,N,N,NA,N,-1.0,-1.0,-1.0,-1.0,-1.0,-1.0,-1.0,-1.0,-1.0,-1.0,-1.0,-1.0,-1.0,-1.0,-1.0,-1.0,-1.0,-1.0,-1.0,-1.0,-1.0,-1.0,-1.0,-1.0,-1.0,-1.0,-1.0,-1.0,-1.0,-1.0,-1.0,-1.0,-1.0,-1.0,-1.0,-1.0,34182
M,DIVORCED,ESP,PRIMARY,THIN,TENANT_REDUCED,OTHER_INACTIVE,FAIR,N,N,N,N,N,N,N,N,N,UNK,N,-1.0,-1.0,-1.0,-1.0,-1.0,-1.0,-1.0,-1.0,-1.0,-1.0,-1.0,-1.0,-1.0,-1.0,-1.0,-1.0,-1.0,-1.0,-1.0,-1.0,-1.0,-1.0,-1.0,-1.0,-1.0,-1.0,-1.0,-1.0,-1.0,-1.0,-1.0,-1.0,-1.0,-1.0,-1.0,-1.0,32121
M,DIVORCED,ITA,PRIMARY,THIN,TENANT_REDUCED,OTHER_INACTIVE,FAIR,N,N,N,N,N,N,N,N,N,UNK,N,-1.0,-1.0,-1.0,-1.0,-1.0,-1.0,-1.0,-1.0,-1.0,-1.0,-1.0,-1.0,-1.0,-1.0,-1.0,-1.0,-1.0,-1.0,-1.0,-1.0,-1.0,-1.0,-1.0,-1.0,-1.0,-1.0,-1.0,-1.0,-1.0,-1.0,-1.0,-1.0,-1.0,-1.0,-1.0,-1.0,99475
M,WIDOWED,ITA,LOWER_SEC,THIN,TENANT_REDUCED,OTHER_INACTIVE,POOR,N,N,N,N,N,N,N,N,N,NA,N,-1.0,-1.0,-1.0,-1.0,-1.0,-1.0,-1.0,-1.0,-1.0,-1.0,-1.0,-1.0,-1.0,-1.0,-1.0,-1.0,-1.0,-1.0,-1.0,-1.0,-1.0,-1.0,-1.0,-1.0,-1.0,-1.0,-1.0,-1.0,-1.0,-1.0,-1.0,-1.0,-1.0,-1.0,-1.0,-1.0,44114
M,DIVORCED,ITA,LOWER_SEC,THIN,TENANT_MARKET,RETIRED,POOR,N,N,N,N,N,N,N,N,N,NA,N,-1.0,-1.0,-1.0,-1.0,-1.0,-1.0,-1.0,-1.0,-1.0,-1.0,-1.0,-1.0,-1.0,-1.0,-1.0,-1.0,-1.0,-1.0,-1.0,-1.0,-1.0,-1.0,-1.0,-1.0,-1.0,-1.0,-1.0,-1.0,-1.0,-1.0,-1.0,-1.0,-1.0,-1.0,-1.0,-1.0,9882
M,WIDOWED,ITA,PRIMARY,THIN,TENANT_MARKET,OTHER_INACTIVE,FAIR,N,N,N,N,N,N,N,N,N,UNK,N,-1.0,-1.0,-1.0,-1.0,-1.0,-1.0,-1.0,-1.0,-1.0,-1.0,-1.0,-1.0,-1.0,-1.0,-1.0,-1.0,-1.0,-1.0,-1.0,-1.0,-1.0,-1.0,-1.0,-1.0,-1.0,-1.0,-1.0,-1.0,-1.0,-1.0,-1.0,-1.0,-1.0,-1.0,-1.0,-1.0,96281
M,WIDOWED,ITA,PRIMARY,THIN,TENANT_REDUCED,RETIRED,POOR,N,N,N,N,N,N,N,N,N,NA,N,-1.0,-1.0,-1.0,-1.0,-1.0,-1.0,-1.0,-1.0,-1.0,-1.0,-1.0,-1.0,-1.0,-1.0,-1.0,-1.0,-1.0,-1.0,-1.0,-1.0,-1.0,-1.0,-1.0,-1.0,-1.0,-1.0,-1.0,-1.0,-1.0,-1.0,-1.0,-1.0,-1.0,-1.0,-1.0,-1.0,25101
M,DIVORCED,ESP,PRIMARY,THIN,TENANT_REDUCED,RETIRED,FAIR,N,N,N,N,N,N,N,N,N,NA,N,-1.0,-1.0,-1.0,-1.0,-1.0,-1.0,-1.0,-1.0,-1.0,-1.0,-1.0,-1.0,-1.0,-1.0,-1.0,-1.0,-1.0,-1.0,-1.0,-1.0,-1.0,-1.0,-1.0,-1.0,-1.0,-1.0,-1.0,-1.0,-1.0,-1.0,-1.0,-1.0,-1.0,-1.0,-1.0,-1.0,27764
M,WIDOWED,ESP,LOWER_SEC,THIN,TENANT_MARKET,OTHER_INACTIVE,POOR,N,N,N,N,N,N,N,N,N,NA,N,-1.0,-1.0,-1.0,-1.0,-1.0,-1.0,-1.0,-1.0,-1.0,-1.0,-1.0,-1.0,-1.0,-1.0,-1.0,-1.0,-1.0,-1.0,-1.0,-1.0,-1.0,-1.0,-1.0,-1.0,-1.0,-1.0,-1.0,-1.0,-1.0,-1.0,-1.0,-1.0,-1.0,-1.0,-1.0,-1.0,55986
M,DIVORCED,ITA,PRIMARY,THIN,TENANT_REDUCED,RETIRED,POOR,N,N,N,N,N,N,N,N,N,NA,N,-1.0,-1.0,-1.0,-1.0,-1.0,-1.0,-1.0,-1.0,-1.0,-1.0,-1.0,-1.0,-1.0,-1.0,-1.0,-1.0,-1.0,-1.0,-1.0,-1.0,-1.0,-1.0,-1.0,-1.0,-1.0,-1.0,-1.0,-1.0,-1.0,-1.0,-1.0,-1.0,-1.0,-1.0,-1.0,-1.0,85405
M,WIDOWED,ITA,LOWER_SEC,THIN,TENANT_MARKET,RETIRED,POOR,N,N,N,N,N,N,N,N,N,NA,N,-1.0,-1.0,-1.0,-1.0,-1.0,-1.0,-1.0,-1.0,-1.0,-1.0,-1.0,-1.0,-1.0,-1.0,-1.0,-1.0,-1.0,-1.0,-1.0,-1.0,-1.0,-1.0,-1.0,-1.0,-1.0,-1.0,-1.0,-1.0,-1.0,-1.0,-1.0,-1.0,-1.0,-1.0,-1.0,-1.0,7923
M,DIVORCED,ESP,PRIMARY,THIN,TENANT_REDUCED,RETIRED,POOR,N,N,N,N,N,N,N,N,N,NA,N,-1.0,-1.0,-1.0,-1.0,-1.0,-1.0,-1.0,-1.0,-1.0,-1.0,-1.0,-1.0,-1.0,-1.0,-1.0,-1.0,-1.0,-1.0,-1.0,-1.0,-1.0,-1.0,-1.0,-1.0,-1.0,-1.0,-1.0,-1.0,-1.0,-1.0,-1.0,-1.0,-1.0,-1.0,-1.0,-1.0,48724
M,DIVORCED,ESP,LOWER_SEC,THIN,TENANT_REDUCED,RETIRED,POOR,N,N,N,N,N,N,N,N,N,UNK,N,-1.0,-1.0,-1.0,-1.0,-1.0,-1.0,-1.0,-1.0,-1.0,-1.0,-1.0,-1.0,-1.0,-1.0,-1.0,-1.0,-1.0,-1.0,-1.0,-1.0,-1.0,-1.0,-1.0,-1.0,-1.0,-1.0,-1.0,-1.0,-1.0,-1.0,-1.0,-1.0,-1.0,-1.0,-1.0,-1.0,79233
M,WIDOWED,ESP,LOWER_SEC,THIN,TENANT_REDUCED,RETIRED,FAIR,N,N,N,N,N,N,N,N,N,NA,N,-1.0,-1.0,-1.0,-1.0,-1.0,-1.0,-1.0,-1.0,-1.0,-1.0,-1.0,-1.0,-1.0,-1.0,-1.0,-1.0,-1.0,-1.0,-1.0,-1.0,-1.0,-1.0,-1.0,-1.0,-1.0,-1.0,-1.0,-1.0,-1.0,-1.0,-1.0,-1.0,-1.0,-1.0,-1.0,-1.0,27955
M,WIDOWED,ITA,PRIMARY,THIN,TENANT_MARKET,OTHER_INACTIVE,POOR,N,N,N,N,N,N,N,N,N,NA,N,-1.0,-1.0,-1.0,-1.0,-1.0,-1.0,-1.0,-1.0,-1.0,-1.0,-1.0,-1.0,-1.0,-1.0,-1.0,-1.0,-1.0,-1.0,-1.0,-1.0,-1.0,-1.0,-1.0,-1.0,-1.0,-1.0,-1.0,-1.0,-1.0,-1.0,-1.0,-1.0,-1.0,-1.0,-1.0,-1.0,72409
M,DIVORCED,ITA,LOWER_SEC,THIN,TENANT_REDUCED,RETIRED,FAIR,N,N,N,N,N,N,N,N,N,UNK,N,-1.0,-1.0,-1.0,-1.0,-1.0,-1.0,-1.0,-1.0,-1.0,-1.0,-1.0,-1.0,-1.0,-1.0,-1.0,-1.0,-1.0,-1.0,-1.0,-1.0,-1.0,-1.0,-1.0,-1.0,-1.0,-1.0,-1.0,-1.0,-1.0,-1.0,-1.0,-1.0,-1.0,-1.0,-1.0,-1.0,64274
M,WIDOWED,ITA,LOWER_SEC,THIN,TENANT_REDUCED,OTHER_INACTIVE,FAIR,N,N,N,N,N,N,N,N,N,UNK,N,-1.0,-1.0,-1.0,-1.0,-1.0,-1.0,-1.0,-1.0,-1.0,-1.0,-1.0,-1.0,-1.0,-1.0,-1.0,-1.0,-1.0,-1.0,-1.0,-1.0,-1.0,-1.0,-1.0,-1.0,-1.0,-1.0,-1.0,-1.0,-1.0,-1.0,-1.0,-1.0,-1.0,-1.0,-1.0,-1.0,5383
M,DIVORCED,ESP,LOWER_SEC,THIN,TENANT_REDUCED,RETIRED,FAIR,N,N,N,N,N,N,N,N,N,UNK,N,-1.0,-1.0,-1.0,-1.0,-1.0,-1.0,-1.0,-1.0,-1.0,-1.0,-1.0,-1.0,-1.0,-1.0,-1.0,-1.0,-1.0,-1.0,-1.0,-1.0,-1.0,-1.0,-1.0,-1.0,-1.0,-1.0,-1.0,-1.0,-1.0,-1.0,-1.0,-1.0,-1.0,-1.0,-1.0,-1.0,62444
M,DIVORCED,ITA,PRIMARY,THIN,TENANT_MARKET,RETIRED,FAIR,N,N,N,N,N,N,N,N,N,UNK,N,-1.0,-1.0,-1.0,-1.0,-1.0,-1.0,-1.0,-1.0,-1.0,-1.0,-1.0,-1.0,-1.0,-1.0,-1.0,-1.0,-1.0,-1.0,-1.0,-1.0,-1.0,-1.0,-1.0,-1.0,-1.0,-1.0,-1.0,-1.0,-1.0,-1.0,-1.0,-1.0,-1.0,-1.0,-1.0,-1.0,13822
M,WIDOWED,ITA,PRIMARY,THIN,TENANT_REDUCED,OTHER_INACTIVE,FAIR,N,N,N,N,N,N,N,N,N,UNK,N,-1.0,-1.0,-1.0,-1.0,-1.0,-1.0,-1.0,-1.0,-1.0,-1.0,-1.0,-1.0,-1.0,-1.0,-1.0,-1.0,-1.0,-1.0,-1.0,-1.0,-1.0,-1.0,-1.0,-1.0,-1.0,-1.0,-1.0,-1.0,-1.0,-1.0,-1.0,-1.0,-1.0,-1.0,-1.0,-1.0,22653
M,WIDOWED,ITA,LOWER_SEC,THIN,TENANT_REDUCED,OTHER_INACTIVE,FAIR,N,N,N,N,N,N,N,N,N,UNK,N,-1.0,-1.0,-1.0,-1.0,-1.0,-1.0,-1.0,-1.0,-1.0,-1.0,-1.0,-1.0,-1.0,-1.0,-1.0,-1.0,-1.0,-1.0,-1.0,-1.0,-1.0,-1.0,-1.0,-1.0,-1.0,-1.0,-1.0,-1.0,-1.0,-1.0,-1.0,-1.0,-1.0,-1.0,-1.0,-1.0,15072
M,WIDOWED,ESP,LOWER_SEC,THIN,TENANT_MARKET,RETIRED,FAIR,N,N,N,N,N,N,N,N,N,UNK,N,-1.0,-1.0,-1.0,-1.0,-1.0,-1.0,-1.0,-1.0,-1.0,-1.0,-1.0,-1.0,-1.0,-1.0,-1.0,-1.0,-1.0,-1.0,-1.0,-1.0,-1.0,-1.0,-1.0,-1.0,-1.0,-1.0,-1.0,-1.0,-1.0,-1.0,-1.0,-1.0,-1.0,-1.0,-1.0,-1.0,28972
M,DIVORCED,ESP,PRIMARY,THIN,TENANT_REDUCED,OTHER_INACTIVE,POOR,N,N,N,N,N,N,N,N,N,UNK,N,-1.0,-1.0,-1.0,-1.0,-1.0,-1.0,-1.0,-1.0,-1.0,-1.0,-1.0,-1.0,-1.0,-1.0,-1.0,-1.0,-1.0,-1.0,-1.0,-1.0,-1.0,-1.0,-1.0,-1.0,-1.0,-1.0,-1.0,-1.0,-1.0,-1.0,-1.0,-1.0,-1.0,-1.0,-1.0,-1.0,32520
M,WIDOWED,ESP,PRIMARY,THIN,TENANT_REDUCED,RETIRED,POOR,N,N,N,N,N,N,N,N,N,UNK,N,-1.0,-1.0,-1.0,-1.0,-1.0,-1.0,-1.0,-1.0,-1.0,-1.0,-1.0,-1.0,-1.0,-1.0,-1.0,-1.0,-1.0,-1.0,-1.0,-1.0,-1.0,-1.0,-1.0,-1.0,-1.0,-1.0,-1.0,-1.0,-1.0,-1.0,-1.0,-1.0,-1.0,-1.0,-1.0,-1.0,89389
M,WIDOWED,ITA,LOWER_SEC,THIN,TENANT_REDUCED,OTHER_INACTIVE,FAIR,N,N,N,N,N,N,N,N,N,UNK,N,-1.0,-1.0,-1.0,-1.0,-1.0,-1.0,-1.0,-1.0,-1.0,-1.0,-1.0,-1.0,-1.0,-1.0,-1.0,-1.0,-1.0,-1.0,-1.0,-1.0,-1.0,-1.0,-1.0,-1.0,-1.0,-1.0,-1.0,-1.0,-1.0,-1.0,-1.0,-1.0,-1.0,-1.0,-1.0,-1.0,73878
M,WIDOWED,ESP,PRIMARY,THIN,TENANT_MARKET,RETIRED,POOR,N,N,N,N,N,N,N,N,N,UNK,N,-1.0,-1.0,-1.0,-1.0,-1.0,-1.0,-1.0,-1.0,-1.0,-1.0,-1.0,-1.0,-1.0,-1.0,-1.0,-1.0,-1.0,-1.0,-1.0,-1.0,-1.0,-1.0,-1.0,-1.0,-1.0,-1.0,-1.0,-1.0,-1.0,-1.0,-1.0,-1.0,-1.0,-1.0,-1.0,-1.0,59575
M,DIVORCED,ITA,LOWER_SEC,THIN,TENANT_MARKET,RETIRED,POOR,N,N,N,N,N,N,N,N,N,NA,N,-1.0,-1.0,-1.0,-1.0,-1.0,-1.0,-1.0,-1.0,-1.0,-1.0,-1.0,-1.0,-1.0,-1.0,-1.0,-1.0,-1.0,-1.0,-1.0,-1.0,-1.0,-1.0,-1.0,-1.0,-1.0,-1.0,-1.0,-1.0,-1.0,-1.0,-1.0,-1.0,-1.0,-1.0,-1.0,-1.0,5149
M,DIVORCED,ESP,PRIMARY,THIN,TENANT_REDUCED,OTHER_INACTIVE,POOR,N,N,N,N,N,N,N,N,N,UNK,N,-1.0,-1.0,-1.0,-1.0,-1.0,-1.0,-1.0,-1.0,-1.0,-1.0,-1.0,-1.0,-1.0,-1.0,-1.0,-1.0,-1.0,-1.0,-1.0,-1.0,-1.0,-1.0,-1.0,-1.0,-1.0,-1.0,-1.0,-1.0,-1.0,-1.0,-1.0,-1.0,-1.0,-1.0,-1.0,-1.0,18479
M,WIDOWED,ESP,LOWER_SEC,THIN,TENANT_MARKET,RETIRED,FAIR,N,N,N,N,N,N,N,N,N,NA,N,-1.0,-1.0,-1.0,-1.0,-1.0,-1.0,-1.0,-1.0,-1.0,-1.0,-1.0,-1.0,-1.0,-1.0,-1.0,-1.0,-1.0,-1.0,-1.0,-1.0,-1.0,-1.0,-1.0,-1.0,-1.0,-1.0,-1.0,-1.0,-1.0,-1.0,-1.0,-1.0,-1.0,-1.0,-1.0,-1.0,50904
M,DIVORCED,ITA,LOWER_SEC,THIN,TENANT_REDUCED,RETIRED,POOR,N,N,N,N,N,N,N,N,N,NA,N,-1.0,-1.0,-1.0,-1.0,-1.0,-1.0,-1.0,-1.0,-1.0,-1.0,-1.0,-1.0,-1.0,-1.0,-1.0,-1.0,-1.0,-1.0,-1.0,-1.0,-1.0,-1.0,-1.0,-1.0,-1.0,-1.0,-1.0,-1.0,-1.0,-1.0,-1.0,-1.0,-1.0,-1.0,-1.0,-1.0,77111
M,WIDOWED,ESP,PRIMARY,THIN,TENANT_MARKET,OTHER_INACTIVE,FAIR,N,N,N,N,N,N,N,N,N,NA,N,-1.0,-1.0,-1.0,-1.0,-1.0,-1.0,-1.0,-1.0,-1.0,-1.0,-1.0,-1.0,-1.0,-1.0,-1.0,-1.0,-1.0,-1.0,-1.0,-1.0,-1.0,-1.0,-1.0,-1.0,-1.0,-1.0,-1.0,-1.0,-1.0,-1.0,-1.0,-1.0,-1.0,-1.0,-1.0,-1.0,4114
M,WIDOWED,ITA,PRIMARY,THIN,TENANT_REDUCED,RETIRED,POOR,N,N,N,N,N,N,N,N,N,UNK,N,-1.0,-1.0,-1.0,-1.0,-1.0,-1.0,-1.0,-1.0,-1.0,-1.0,-1.0,-1.0,-1.0,-1.0,-1.0,-1.0,-1.0,-1.0,-1.0,-1.0,-1.0,-1.0,-1.0,-1.0,-1.0,-1.0,-1.0,-1.0,-1.0,-1.0,-1.0,-1.0,-1.0,-1.0,-1.0,-1.0,39460
M,WIDOWED,ESP,PRIMARY,THIN,TENANT_REDUCED,RETIRED,FAIR,N,N,N,N,N,N,N,N,N,NA,N,-1.0,-1.0,-1.0,-1.0,-1.0,-1.0,-1.0,-1.0,-1.0,-1.0,-1.0,-1.0,-1.0,-1.0,-1.0,-1.0,-1.0,-1.0,-1.0,-1.0,-1.0,-1.0,-1.0,-1.0,-1.0,-1.0,-1.0,-1.0,-1.0,-1.0,-1.0,-1.0,-1.0,-1.0,-1.0,-1.0,14265
M,DIVORCED,ESP,LOWER_SEC,THIN,TENANT_MARKET,RETIRED,FAIR,N,N,N,N,N,N,N,N,N,NA,N,-1.0,-1.0,-1.0,-1.0,-1.0,-1.0,-1.0,-1.0,-1.0,-1.0,-1.0,-1.0,-1.0,-1.0,-1.0,-1.0,-1.0,-1.0,-1.0,-1.0,-1.0,-1.0,-1.0,-1.0,-1.0,-1.0,-1.0,-1.0,-1.0,-1.0,-1.0,-1.0,-1.0,-1.0,-1.0,-1.0,18169
M,WIDOWED,ESP,PRIMARY,THIN,TENANT_REDUCED,OTHER_INACTIVE,POOR,N,N,N,N,N,N,N,N,N,UNK,N,-1.0,-1.0,-1.0,-1.0,-1.0,-1.0,-1.0,-1.0,-1.0,-1.0,-1.0,-1.0,-1.0,-1.0,-1.0,-1.0,-1.0,-1.0,-1.0,-1.0,-1.0,-1.0,-1.0,-1.0,-1.0,-1.0,-1.0,-1.0,-1.0,-1.0,-1.0,-1.0,-1.0,-1.0,-1.0,-1.0,71835
M,DIVORCED,ITA,PRIMARY,THIN,TENANT_REDUCED,OTHER_INACTIVE,POOR,N,N,N,N,N,N,N,N,N,UNK,N,-1.0,-1.0,-1.0,-1.0,-1.0,-1.0,-1.0,-1.0,-1.0,-1.0,-1.0,-1.0,-1.0,-1.0,-1.0,-1.0,-1.0,-1.0,-1.0,-1.0,-1.0,-1.0,-1.0,-1.0,-1.0,-1.0,-1.0,-1.0,-1.0,-1.0,-1.0,-1.0,-1.0,-1.0,-1.0,-1.0,6144
M,DIVORCED,ITA,PRIMARY,THIN,TENANT_REDUCED,OTHER_INACTIVE,POOR,N,N,N,N,N,N,N,N,N,UNK,N,-1.0,-1.0,-1.0,-1.0,-1.0,-1.0,-1.0,-1.0,-1.0,-1.0,-1.0,-1.0,-1.0,-1.0,-1.0,-1.0,-1.0,-1.0,-1.0,-1.0,-1.0,-1.0,-1.0,-1.0,-1.0,-1.0,-1.0,-1.0,-1.0,-1.0,-1.0,-1.0,-1.0,-1.0,-1.0,-1.0,61345
M,WIDOWED,ESP,LOWER_SEC,THIN,TENANT_MARKET,OTHER_INACTIVE,FAIR,N,N,N,N,N,N,N,N,N,NA,N,-1.0,-1.0,-1.0,-1.0,-1.0,-1.0,-1.0,-1.0,-1.0,-1.0,-1.0,-1.0,-1.0,-1.0,-1.0,-1.0,-1.0,-1.0,-1.0,-1.0,-1.0,-1.0,-1.0,-1.0,-1.0,-1.0,-1.0,-1.0,-1.0,-1.0,-1.0,-1.0,-1.0,-1.0,-1.0,-1.0,62778
M,WIDOWED,ESP,PRIMARY,THIN,TENANT_MARKET,RETIRED,FAIR,N,N,N,N,N,N,N,N,N,NA,N,-1.0,-1.0,-1.0,-1.0,-1.0,-1.0,-1.0,-1.0,-1.0,-1.0,-1.0,-1.0,-1.0,-1.0,-1.0,-1.0,-1.0,-1.0,-1.0,-1.0,-1.0,-1.0,-1.0,-1.0,-1.0,-1.0,-1.0,-1.0,-1.0,-1.0,-1.0,-1.0,-1.0,-1.0,-1.0,-1.0,14221
M,WIDOWED,ITA,PRIMARY,THIN,TENANT_REDUCED,OTHER_INACTIVE,POOR,N,N,N,N,N,N,N,N,N,UNK,N,-1.0,-1.0,-1.0,-1.0,-1.0,-1.0,-1.0,-1.0,-1.0,-1.0,-1.0,-1.0,-1.0,-1.0,-1.0,-1.0,-1.0,-1.0,-1.0,-1.0,-1.0,-1.0,-1.0,-1.0,-1.0,-1.0,-1.0,-1.0,-1.0,-1.0,-1.0,-1.0,-1.0,-1.0,-1.0,-1.0,36239
M,WIDOWED,ESP,PRIMARY,THIN,TENANT_REDUCED,RETIRED,POOR,N,N,N,N,N,N,N,N,N,UNK,N,-1.0,-1.0,-1.0,-1.0,-1.0,-1.0,-1.0,-1.0,-1.0,-1.0,-1.0,-1.0,-1.0,-1.0,-1.0,-1.0,-1.0,-1.0,-1.0,-1.0,-1.0,-1.0,-1.0,-1.0,-1.0,-1.0,-1.0,-1.0,-1.0,-1.0,-1.0,-1.0,-1.0,-1.0,-1.0,-1.0,32433
M,WIDOWED,ESP,PRIMARY,THIN,TENANT_REDUCED,RETIRED,POOR,N,N,N,N,N,N,N,N,N,UNK,N,-1.0,-1.0,-1.0,-1.0,-1.0,-1.0,-1.0,-1.0,-1.0,-1.0,-1.0,-1.0,-1.0,-1.0,-1.0,-1.0,-1.0,-1.0,-1.0,-1.0,-1.0,-1.0,-1.0,-1.0,-1.0,-1.0,-1.0,-1.0,-1.0,-1.0,-1.0,-1.0,-1.0,-1.0,-1.0,-1.0,92233
M,DIVORCED,ESP,PRIMARY,THIN,TENANT_REDUCED,OTHER_INACTIVE,FAIR,N,N,N,N,N,N,N,N,N,UNK,N,-1.0,-1.0,-1.0,-1.0,-1.0,-1.0,-1.0,-1.0,-1.0,-1.0,-1.0,-1.0,-1.0,-1.0,-1.0,-1.0,-1.0,-1.0,-1.0,-1.0,-1.0,-1.0,-1.0,-1.0,-1.0,-1.0,-1.0,-1.0,-1.0,-1.0,-1.0,-1.0,-1.0,-1.0,-1.0,-1.0,79524
M,WIDOWED,ITA,LOWER_SEC,THIN,TENANT_REDUCED,RETIRED,FAIR,N,N,N,N,N,N,N,N,N,UNK,N,-1.0,-1.0,-1.0,-1.0,-1.0,-1.0,-1.0,-1.0,-1.0,-1.0,-1.0,-1.0,-1.0,-1.0,-1.0,-1.0,-1.0,-1.0,-1.0,-1.0,-1.0,-1.0,-1.0,-1.0,-1.0,-1.0,-1.0,-1.0,-1.0,-1.0,-1.0,-1.0,-1.0,-1.0,-1.0,-1.0,54667
M,DIVORCED,ITA,LOWER_SEC,THIN,TENANT_REDUCED,OTHER_INACTIVE,POOR,N,N,N,N,N,N,N,N,N,UNK,N,-1.0,-1.0,-1.0,-1.0,-1.0,-1.0,-1.0,-1.0,-1.0,-1.0,-1.0,-1.0,-1.0,-1.0,-1.0,-1.0,-1.0,-1.0,-1.0,-1.0,-1.0,-1.0,-1.0,-1.0,-1.0,-1.0,-1.0,-1.0,-1.0,-1.0,-1.0,-1.0,-1.0,-1.0,-1.0,-1.0,42341
M,DIVORCED,ESP,LOWER_SEC,THIN,TENANT_MARKET,OTHER_INACTIVE,POOR,N,N,N,N,N,N,N,N,N,NA,N,-1.0,-1.0,-1.0,-1.0,-1.0,-1.0,-1.0,-1.0,-1.0,-1.0,-1.0,-1.0,-1.0,-1.0,-1.0,-1.0,-1.0,-1.0,-1.0,-1.0,-1.0,-1.0,-1.0,-1.0,-1.0,-1.0,-1.0,-1.0,-1.0,-1.0,-1.0,-1.0,-1.0,-1.0,-1.0,-1.0,6458
M,WIDOWED,ESP,LOWER_SEC,THIN,TENANT_MARKET,RETIRED,FAIR,N,N,N,N,N,N,N,N,N,NA,N,-1.0,-1.0,-1.0,-1.0,-1.0,-1.0,-1.0,-1.0,-1.0,-1.0,-1.0,-1.0,-1.0,-1.0,-1.0,-1.0,-1.0,-1.0,-1.0,-1.0,-1.0,-1.0,-1.0,-1.0,-1.0,-1.0,-1.0,-1.0,-1.0,-1.0,-1.0,-1.0,-1.0,-1.0,-1.0,-1.0,61350
M,DIVORCED,ITA,LOWER_SEC,THIN,TENANT_MARKET,RETIRED,POOR,N,N,N,N,N,N,N,N,N,NA,N,-1.0,-1.0,-1.0,-1.0,-1.0,-1.0,-1.0,-1.0,-1.0,-1.0,-1.0,-1.0,-1.0,-1.0,-1.0,-1.0,-1.0,-1.0,-1.0,-1.0,-1.0,-1.0,-1.0,-1.0,-1.0,-1.0,-1.0,-1.0,-1.0,-1.0,-1.0,-1.0,-1.0,-1.0,-1.0,-1.0,16683
M,WIDOWED,ESP,LOWER_SEC,THIN,TENANT_REDUCED,OTHER_INACTIVE,FAIR,N,N,N,N,N,N,N,N,N,NA,N,-1.0,-1.0,-1.0,-1.0,-1.0,-1.0,-1.0,-1.0,-1.0,-1.0,-1.0,-1.0,-1.0,-1.0,-1.0,-1.0,-1.0,-1.0,-1.0,-1.0,-1.0,-1.0,-1.0,-1.0,-1.0,-1.0,-1.0,-1.0,-1.0,-1.0,-1.0,-1.0,-1.0,-1.0,-1.0,-1.0,75642
M,WIDOWED,ITA,PRIMARY,THIN,TENANT_MARKET,RETIRED,POOR,N,N,N,N,N,N,N,N,N,UNK,N,-1.0,-1.0,-1.0,-1.0,-1.0,-1.0,-1.0,-1.0,-1.0,-1.0,-1.0,-1.0,-1.0,-1.0,-1.0,-1.0,-1.0,-1.0,-1.0,-1.0,-1.0,-1.0,-1.0,-1.0,-1.0,-1.0,-1.0,-1.0,-1.0,-1.0,-1.0,-1.0,-1.0,-1.0,-1.0,-1.0,66093
M,WIDOWED,ESP,PRIMARY,THIN,TENANT_MARKET,RETIRED,FAIR,N,N,N,N,N,N,N,N,N,UNK,N,-1.0,-1.0,-1.0,-1.0,-1.0,-1.0,-1.0,-1.0,-1.0,-1.0,-1.0,-1.0,-1.0,-1.0,-1.0,-1.0,-1.0,-1.0,-1.0,-1.0,-1.0,-1.0,-1.0,-1.0,-1.0,-1.0,-1.0,-1.0,-1.0,-1.0,-1.0,-1.0,-1.0,-1.0,-1.0,-1.0,60550
M,WIDOWED,ITA,LOWER_SEC,THIN,TENANT_REDUCED,RETIRED,FAIR,N,N,N,N,N,N,N,N,N,UNK,N,-1.0,-1.0,-1.0,-1.0,-1.0,-1.0,-1.0,-1.0,-1.0,-1.0,-1.0,-1.0,-1.0,-1.0,-1.0,-1.0,-1.0,-1.0,-1.0,-1.0,-1.0,-1.0,-1.0,-1.0,-1.0,-1.0,-1.0,-1.0,-1.0,-1.0,-1.0,-1.0,-1.0,-1.0,-1.0,-1.0,28258
M,WIDOWED,ESP,PRIMARY,THIN,TENANT_MARKET,OTHER_INACTIVE,FAIR,N,N,N,N,N,N,N,N,N,UNK,N,-1.0,-1.0,-1.0,-1.0,-1.0,-1.0,-1.0,-1.0,-1.0,-1.0,-1.0,-1.0,-1.0,-1.0,-1.0,-1.0,-1.0,-1.0,-1.0,-1.0,-1.0,-1.0,-1.0,-1.0,-1.0,-1.0,-1.0,-1.0,-1.0,-1.0,-1.0,-1.0,-1.0,-1.0,-1.0,-1.0,41831
M,WIDOWED,ITA,PRIMARY,THIN,TENANT_REDUCED,RETIRED,FAIR,N,N,N,N,N,N,N,N,N,UNK,N,-1.0,-1.0,-1.0,-1.0,-1.0,-1.0,-1.0,-1.0,-1.0,-1.0,-1.0,-1.0,-1.0,-1.0,-1.0,-1.0,-1.0,-1.0,-1.0,-1.0,-1.0,-1.0,-1.0,-1.0,-1.0,-1.0,-1.0,-1.0,-1.0,-1.0,-1.0,-1.0,-1.0,-1.0,-1.0,-1.0,83118
M,WIDOWED,ESP,PRIMARY,THIN,TENANT_REDUCED,OTHER_INACTIVE,POOR,N,N,N,N,N,N,N,N,N,UNK,N,-1.0,-1.0,-1.0,-1.0,-1.0,-1.0,-1.0,-1.0,-1.0,-1.0,-1.0,-1.0,-1.0,-1.0,-1.0,-1.0,-1.0,-1.0,-1.0,-1.0,-1.0,-1.0,-1.0,-1.0,-1.0,-1.0,-1.0,-1.0,-1.0,-1.0,-1.0,-1.0,-1.0,-1.0,-1.0,-1.0,55202
M,DIVORCED,ITA,PRIMARY,THIN,TENANT_REDUCED,OTHER_INACTIVE,POOR,N,N,N,N,N,N,N,N,N,UNK,N,-1.0,-1.0,-1.0,-1.0,-1.0,-1.0,-1.0,-1.0,-1.0,-1.0,-1.0,-1.0,-1.0,-1.0,-1.0,-1.0,-1.0,-1.0,-1.0,-1.0,-1.0,-1.0,-1.0,-1.0,-1.0,-1.0,-1.0,-1.0,-1.0,-1.0,-1.0,-1.0,-1.0,-1.0,-1.0,-1.0,41102
M,WIDOWED,ITA,PRIMARY,THIN,TENANT_REDUCED,OTHER_INACTIVE,POOR,N,N,N,N,N,N,N,N,N,NA,N,-1.0,-1.0,-1.0,-1.0,-1.0,-1.0,-1.0,-1.0,-1.0,-1.0,-1.0,-1.0,-1.0,-1.0,-1.0,-1.0,-1.0,-1.0,-1.0,-1.0,-1.0,-1.0,-1.0,-1.0,-1.0,-1.0,-1.0,-1.0,-1.0,-1.0,-1.0,-1.0,-1.0,-1.0,-1.0,-1.0,74629
M,WIDOWED,ESP,LOWER_SEC,THIN,TENANT_MARKET,RETIRED,FAIR,N,N,N,N,N,N,N,N,N,UNK,N,-1.0,-1.0,-1.0,-1.0,-1.0,-1.0,-1.0,-1.0,-1.0,-1.0,-1.0,-1.0,-1.0,-1.0,-1.0,-1.0,-1.0,-1.0,-1.0,-1.0,-1.0,-1.0,-1.0,-1.0,-1.0,-1.0,-1.0,-1.0,-1.0,-1.0,-1.0,-1.0,-1.0,-1.0,-1.0,-1.0,30128
M,WIDOWED,ESP,LOWER_SEC,THIN,TENANT_MARKET,OTHER_INACTIVE,FAIR,N,N,N,N,N,N,N,N,N,UNK,N,-1.0,-1.0,-1.0,-1.0,-1.0,-1.0,-1.0,-1.0,-1.0,-1.0,-1.0,-1.0,-1.0,-1.0,-1.0,-1.0,-1.0,-1.0,-1.0,-1.0,-1.0,-1.0,-1.0,-1.0,-1.0,-1.0,-1.0,-1.0,-1.0,-1.0,-1.0,-1.0,-1.0,-1.0,-1.0,-1.0,23454
M,DIVORCED,ITA,LOWER_SEC,THIN,TENANT_MARKET,OTHER_INACTIVE,FAIR,N,N,N,N,N,N,N,N,N,NA,N,-1.0,-1.0,-1.0,-1.0,-1.0,-1.0,-1.0,-1.0,-1.0,-1.0,-1.0,-1.0,-1.0,-1.0,-1.0,-1.0,-1.0,-1.0,-1.0,-1.0,-1.0,-1.0,-1.0,-1.0,-1.0,-1.0,-1.0,-1.0,-1.0,-1.0,-1.0,-1.0,-1.0,-1.0,-1.0,-1.0,56691
M,DIVORCED,ITA,PRIMARY,THIN,TENANT_REDUCED,OTHER_INACTIVE,POOR,N,N,N,N,N,N,N,N,N,UNK,N,-1.0,-1.0,-1.0,-1.0,-1.0,-1.0,-1.0,-1.0,-1.0,-1.0,-1.0,-1.0,-1.0,-1.0,-1.0,-1.0,-1.0,-1.0,-1.0,-1.0,-1.0,-1.0,-1.0,-1.0,-1.0,-1.0,-1.0,-1.0,-1.0,-1.0,-1.0,-1.0,-1.0,-1.0,-1.0,-1.0,79635
M,DIVORCED,ESP,LOWER_SEC,THIN,TENANT_MARKET,OTHER_INACTIVE,FAIR,N,N,N,N,N,N,N,N,N,NA,N,-1.0,-1.0,-1.0,-1.0,-1.0,-1.0,-1.0,-1.0,-1.0,-1.0,-1.0,-1.0,-1.0,-1.0,-1.0,-1.0,-1.0,-1.0,-1.0,-1.0,-1.0,-1.0,-1.0,-1.0,-1.0,-1.0,-1.0,-1.0,-1.0,-1.0,-1.0,-1.0,-1.0,-1.0,-1.0,-1.0,49850
M,DIVORCED,ITA,PRIMARY,THIN,TENANT_MARKET,OTHER_INACTIVE,FAIR,N,N,N,N,N,N,N,N,N,NA,N,-1.0,-1.0,-1.0,-1.0,-1.0,-1.0,-1.0,-1.0,-1.0,-1.0,-1.0,-1.0,-1.0,-1.0,-1.0,-1.0,-1.0,-1.0,-1.0,-1.0,-1.0,-1.0,-1.0,-1.0,-1.0,-1.0,-1.0,-1.0,-1.0,-1.0,-1.0,-1.0,-1.0,-1.0,-1.0,-1.0,83629
M,WIDOWED,ESP,PRIMARY,THIN,TENANT_MARKET,OTHER_INACTIVE,FAIR,N,N,N,N,N,N,N,N,N,NA,N,-1.0,-1.0,-1.0,-1.0,-1.0,-1.0,-1.0,-1.0,-1.0,-1.0,-1.0,-1.0,-1.0,-1.0,-1.0,-1.0,-1.0,-1.0,-1.0,-1.0,-1.0,-1.0,-1.0,-1.0,-1.0,-1.0,-1.0,-1.0,-1.0,-1.0,-1.0,-1.0,-1.0,-1.0,-1.0,-1.0,32845
M,DIVORCED,ITA,PRIMARY,THIN,TENANT_REDUCED,OTHER_INACTIVE,POOR,N,N,N,N,N,N,N,N,N,NA,N,-1.0,-1.0,-1.0,-1.0,-1.0,-1.0,-1.0,-1.0,-1.0,-1.0,-1.0,-1.0,-1.0,-1.0,-1.0,-1.0,-1.0,-1.0,-1.0,-1.0,-1.0,-1.0,-1.0,-1.0,-1.0,-1.0,-1.0,-1.0,-1.0,-1.0,-1.0,-1.0,-1.0,-1.0,-1.0,-1.0,51779
M,WIDOWED,ESP,PRIMARY,THIN,TENANT_MARKET,RETIRED,POOR,N,N,N,N,N,N,N,N,N,NA,N,-1.0,-1.0,-1.0,-1.0,-1.0,-1.0,-1.0,-1.0,-1.0,-1.0,-1.0,-1.0,-1.0,-1.0,-1.0,-1.0,-1.0,-1.0,-1.0,-1.0,-1.0,-1.0,-1.0,-1.0,-1.0,-1.0,-1.0,-1.0,-1.0,-1.0,-1.0,-1.0,-1.0,-1.0,-1.0,-1.0,65690
M,DIVORCED,ITA,LOWER_SEC,THIN,TENANT_MARKET,RETIRED,POOR,N,N,N,N,N,N,N,N,N,NA,N,-1.0,-1.0,-1.0,-1.0,-1.0,-1.0,-1.0,-1.0,-1.0,-1.0,-1.0,-1.0,-1.0,-1.0,-1.0,-1.0,-1.0,-1.0,-1.0,-1.0,-1.0,-1.0,-1.0,-1.0,-1.0,-1.0,-1.0,-1.0,-1.0,-1.0,-1.0,-1.0,-1.0,-1.0,-1.0,-1.0,10427
M,WIDOWED,ITA,LOWER_SEC,THIN,TENANT_MARKET,OTHER_INACTIVE,POOR,N,N,N,N,N,N,N,N,N,UNK,N,-1.0,-1.0,-1.0,-1.0,-1.0,-1.0,-1.0,-1.0,-1.0,-1.0,-1.0,-1.0,-1.0,-1.0,-1.0,-1.0,-1.0,-1.0,-1.0,-1.0,-1.0,-1.0,-1.0,-1.0,-1.0,-1.0,-1.0,-1.0,-1.0,-1.0,-1.0,-1.0,-1.0,-1.0,-1.0,-1.0,52279
M,DIVORCED,ITA,LOWER_SEC,THIN,TENANT_REDUCED,OTHER_INACTIVE,POOR,N,N,N,N,N,N,N,N,N,UNK,N,-1.0,-1.0,-1.0,-1.0,-1.0,-1.0,-1.0,-1.0,-1.0,-1.0,-1.0,-1.0,-1.0,-1.0,-1.0,-1.0,-1.0,-1.0,-1.0,-1.0,-1.0,-1.0,-1.0,-1.0,-1.0,-1.0,-1.0,-1.0,-1.0,-1.0,-1.0,-1.0,-1.0,-1.0,-1.0,-1.0,40976
M,WIDOWED,ESP,PRIMARY,THIN,TENANT_MARKET,OTHER_INACTIVE,FAIR,N,N,N,N,N,N,N,N,N,NA,N,-1.0,-1.0,-1.0,-1.0,-1.0,-1.0,-1.0,-1.0,-1.0,-1.0,-1.0,-1.0,-1.0,-1.0,-1.0,-1.0,-1.0,-1.0,-1.0,-1.0,-1.0,-1.0,-1.0,-1.0,-1.0,-1.0,-1.0,-1.0,-1.0,-1.0,-1.0,-1.0,-1.0,-1.0,-1.0,-1.0,86087
M,DIVORCED,ESP,LOWER_SEC,THIN,TENANT_MARKET,RETIRED,FAIR,N,N,N,N,N,N,N,N,N,NA,N,-1.0,-1.0,-1.0,-1.0,-1.0,-1.0,-1.0,-1.0,-1.0,-1.0,-1.0,-1.0,-1.0,-1.0,-1.0,-1.0,-1.0,-1.0,-1.0,-1.0,-1.0,-1.0,-1.0,-1.0,-1.0,-1.0,-1.0,-1.0,-1.0,-1.0,-1.0,-1.0,-1.0,-1.0,-1.0,-1.0,24498
M,WIDOWED,ITA,PRIMARY,THIN,TENANT_MARKET,RETIRED,FAIR,N,N,N,N,N,N,N,N,N,NA,N,-1.0,-1.0,-1.0,-1.0,-1.0,-1.0,-1.0,-1.0,-1.0,-1.0,-1.0,-1.0,-1.0,-1.0,-1.0,-1.0,-1.0,-1.0,-1.0,-1.0,-1.0,-1.0,-1.0,-1.0,-1.0,-1.0,-1.0,-1.0,-1.0,-1.0,-1.0,-1.0,-1.0,-1.0,-1.0,-1.0,64764
M,DIVORCED,ITA,PRIMARY,THIN,TENANT_MARKET,RETIRED,POOR,N,N,N,N,N,N,N,N,N,UNK,N,-1.0,-1.0,-1.0,-1.0,-1.0,-1.0,-1.0,-1.0,-1.0,-1.0,-1.0,-1.0,-1.0,-1.0,-1.0,-1.0,-1.0,-1.0,-1.0,-1.0,-1.0,-1.0,-1.0,-1.0,-1.0,-1.0,-1.0,-1.0,-1.0,-1.0,-1.0,-1.0,-1.0,-1.0,-1.0,-1.0,98830
M,WIDOWED,ESP,LOWER_SEC,THIN,TENANT_MARKET,RETIRED,FAIR,N,N,N,N,N,N,N,N,N,NA,N,-1.0,-1.0,-1.0,-1.0,-1.0,-1.0,-1.0,-1.0,-1.0,-1.0,-1.0,-1.0,-1.0,-1.0,-1.0,-1.0,-1.0,-1.0,-1.0,-1.0,-1.0,-1.0,-1.0,-1.0,-1.0,-1.0,-1.0,-1.0,-1.0,-1.0,-1.0,-1.0,-1.0,-1.0,-1.0,-1.0,79736
M,DIVORCED,ITA,PRIMARY,THIN,TENANT_REDUCED,OTHER_INACTIVE,POOR,N,N,N,N,N,N,N,N,N,NA,N,-1.0,-1.0,-1.0,-1.0,-1.0,-1.0,-1.0,-1.0,-1.0,-1.0,-1.0,-1.0,-1.0,-1.0,-1.0,-1.0,-1.0,-1.0,-1.0,-1.0,-1.0,-1.0,-1.0,-1.0,-1.0,-1.0,-1.0,-1.0,-1.0,-1.0,-1.0,-1.0,-1.0,-1.0,-1.0,-1.0,66088
M,WIDOWED,ESP,PRIMARY,THIN,TENANT_MARKET,RETIRED,FAIR,N,N,N,N,N,N,N,N,N,NA,N,-1.0,-1.0,-1.0,-1.0,-1.0,-1.0,-1.0,-1.0,-1.0,-1.0,-1.0,-1.0,-1.0,-1.0,-1.0,-1.0,-1.0,-1.0,-1.0,-1.0,-1.0,-1.0,-1.0,-1.0,-1.0,-1.0,-1.0,-1.0,-1.0,-1.0,-1.0,-1.0,-1.0,-1.0,-1.0,-1.0,65215
M,WIDOWED,ITA,PRIMARY,THIN,TENANT_MARKET,RETIRED,FAIR,N,N,N,N,N,N,N,N,N,NA,N,-1.0,-1.0,-1.0,-1.0,-1.0,-1.0,-1.0,-1.0,-1.0,-1.0,-1.0,-1.0,-1.0,-1.0,-1.0,-1.0,-1.0,-1.0,-1.0,-1.0,-1.0,-1.0,-1.0,-1.0,-1.0,-1.0,-1.0,-1.0,-1.0,-1.0,-1.0,-1.0,-1.0,-1.0,-1.0,-1.0,33505
M,WIDOWED,ITA,PRIMARY,THIN,TENANT_MARKET,RETIRED,POOR,N,N,N,N,N,N,N,N,N,UNK,N,-1.0,-1.0,-1.0,-1.0,-1.0,-1.0,-1.0,-1.0,-1.0,-1.0,-1.0,-1.0,-1.0,-1.0,-1.0,-1.0,-1.0,-1.0,-1.0,-1.0,-1.0,-1.0,-1.0,-1.0,-1.0,-1.0,-1.0,-1.0,-1.0,-1.0,-1.0,-1.0,-1.0,-1.0,-1.0,-1.0,10177
M,WIDOWED,ITA,PRIMARY,THIN,TENANT_REDUCED,OTHER_INACTIVE,POOR,N,N,N,N,N,N,N,N,N,UNK,N,-1.0,-1.0,-1.0,-1.0,-1.0,-1.0,-1.0,-1.0,-1.0,-1.0,-1.0,-1.0,-1.0,-1.0,-1.0,-1.0,-1.0,-1.0,-1.0,-1.0,-1.0,-1.0,-1.0,-1.0,-1.0,-1.0,-1.0,-1.0,-1.0,-1.0,-1.0,-1.0,-1.0,-1.0,-1.0,-1.0,32304
M,DIVORCED,ITA,LOWER_SEC,THIN,TENANT_REDUCED,OTHER_INACTIVE,POOR,N,N,N,N,N,N,N,N,N,NA,N,-1.0,-1.0,-1.0,-1.0,-1.0,-1.0,-1.0,-1.0,-1.0,-1.0,-1.0,-1.0,-1.0,-1.0,-1.0,-1.0,-1.0,-1.0,-1.0,-1.0,-1.0,-1.0,-1.0,-1.0,-1.0,-1.0,-1.0,-1.0,-1.0,-1.0,-1.0,-1.0,-1.0,-1.0,-1.0,-1.0,63431
M,DIVORCED,ITA,PRIMARY,THIN,TENANT_REDUCED,OTHER_INACTIVE,FAIR,N,N,N,N,N,N,N,N,N,NA,N,-1.0,-1.0,-1.0,-1.0,-1.0,-1.0,-1.0,-1.0,-1.0,-1.0,-1.0,-1.0,-1.0,-1.0,-1.0,-1.0,-1.0,-1.0,-1.0,-1.0,-1.0,-1.0,-1.0,-1.0,-1.0,-1.0,-1.0,-1.0,-1.0,-1.0,-1.0,-1.0,-1.0,-1.0,-1.0,-1.0,59260
M,WIDOWED,ESP,LOWER_SEC,THIN,TENANT_MARKET,RETIRED,FAIR,N,N,N,N,N,N,N,N,N,NA,N,-1.0,-1.0,-1.0,-1.0,-1.0,-1.0,-1.0,-1.0,-1.0,-1.0,-1.0,-1.0,-1.0,-1.0,-1.0,-1.0,-1.0,-1.0,-1.0,-1.0,-1.0,-1.0,-1.0,-1.0,-1.0,-1.0,-1.0,-1.0,-1.0,-1.0,-1.0,-1.0,-1.0,-1.0,-1.0,-1.0,28176
M,WIDOWED,ITA,LOWER_SEC,THIN,TENANT_MARKET,RETIRED,POOR,N,N,N,N,N,N,N,N,N,NA,N,-1.0,-1.0,-1.0,-1.0,-1.0,-1.0,-1.0,-1.0,-1.0,-1.0,-1.0,-1.0,-1.0,-1.0,-1.0,-1.0,-1.0,-1.0,-1.0,-1.0,-1.0,-1.0,-1.0,-1.0,-1.0,-1.0,-1.0,-1.0,-1.0,-1.0,-1.0,-1.0,-1.0,-1.0,-1.0,-1.0,41825
M,WIDOWED,ITA,LOWER_SEC,THIN,TENANT_REDUCED,OTHER_INACTIVE,POOR,N,N,N,N,N,N,N,N,N,UNK,N,-1.0,-1.0,-1.0,-1.0,-1.0,-1.0,-1.0,-1.0,-1.0,-1.0,-1.0,-1.0,-1.0,-1.0,-1.0,-1.0,-1.0,-1.0,-1.0,-1.0,-1.0,-1.0,-1.0,-1.0,-1.0,-1.0,-1.0,-1.0,-1.0,-1.0,-1.0,-1.0,-1.0,-1.0,-1.0,-1.0,7409
M,WIDOWED,ESP,LOWER_SEC,THIN,TENANT_REDUCED,RETIRED,FAIR,N,N,N,N,N,N,N,N,N,UNK,N,-1.0,-1.0,-1.0,-1.0,-1.0,-1.0,-1.0,-1.0,-1.0,-1.0,-1.0,-1.0,-1.0,-1.0,-1.0,-1.0,-1.0,-1.0,-1.0,-1.0,-1.0,-1.0,-1.0,-1.0,-1.0,-1.0,-1.0,-1.0,-1.0,-1.0,-1.0,-1.0,-1.0,-1.0,-1.0,-1.0,52580
M,WIDOWED,ITA,LOWER_SEC,THIN,TENANT_REDUCED,OTHER_INACTIVE,FAIR,N,N,N,N,N,N,N,N,N,UNK,N,-1.0,-1.0,-1.0,-1.0,-1.0,-1.0,-1.0,-1.0,-1.0,-1.0,-1.0,-1.0,-1.0,-1.0,-1.0,-1.0,-1.0,-1.0,-1.0,-1.0,-1.0,-1.0,-1.0,-1.0,-1.0,-1.0,-1.0,-1.0,-1.0,-1.0,-1.0,-1.0,-1.0,-1.0,-1.0,-1.0,11017
M,DIVORCED,ESP,PRIMARY,THIN,TENANT_REDUCED,OTHER_INACTIVE,POOR,N,N,N,N,N,N,N,N,N,NA,N,-1.0,-1.0,-1.0,-1.0,-1.0,-1.0,-1.0,-1.0,-1.0,-1.0,-1.0,-1.0,-1.0,-1.0,-1.0,-1.0,-1.0,-1.0,-1.0,-1.0,-1.0,-1.0,-1.0,-1.0,-1.0,-1.0,-1.0,-1.0,-1.0,-1.0,-1.0,-1.0,-1.0,-1.0,-1.0,-1.0,9778
M,DIVORCED,ITA,PRIMARY,THIN,TENANT_REDUCED,RETIRED,POOR,N,N,N,N,N,N,N,N,N,NA,N,-1.0,-1.0,-1.0,-1.0,-1.0,-1.0,-1.0,-1.0,-1.0,-1.0,-1.0,-1.0,-1.0,-1.0,-1.0,-1.0,-1.0,-1.0,-1.0,-1.0,-1.0,-1.0,-1.0,-1.0,-1.0,-1.0,-1.0,-1.0,-1.0,-1.0,-1.0,-1.0,-1.0,-1.0,-1.0,-1.0,49108
M,WIDOWED,ITA,LOWER_SEC,THIN,TENANT_REDUCED,OTHER_INACTIVE,FAIR,N,N,N,N,N,N,N,N,N,UNK,N,-1.0,-1.0,-1.0,-1.0,-1.0,-1.0,-1.0,-1.0,-1.0,-1.0,-1.0,-1.0,-1.0,-1.0,-1.0,-1.0,-1.0,-1.0,-1.0,-1.0,-1.0,-1.0,-1.0,-1.0,-1.0,-1.0,-1.0,-1.0,-1.0,-1.0,-1.0,-1.0,-1.0,-1.0,-1.0,-1.0,73100
M,WIDOWED,ESP,LOWER_SEC,THIN,TENANT_MARKET,RETIRED,FAIR,N,N,N,N,N,N,N,N,N,NA,N,-1.0,-1.0,-1.0,-1.0,-1.0,-1.0,-1.0,-1.0,-1.0,-1.0,-1.0,-1.0,-1.0,-1.0,-1.0,-1.0,-1.0,-1.0,-1.0,-1.0,-1.0,-1.0,-1.0,-1.0,-1.0,-1.0,-1.0,-1.0,-1.0,-1.0,-1.0,-1.0,-1.0,-1.0,-1.0,-1.0,35213
M,DIVORCED,ESP,PRIMARY,THIN,TENANT_MARKET,RETIRED,POOR,N,N,N,N,N,N,N,N,N,UNK,N,-1.0,-1.0,-1.0,-1.0,-1.0,-1.0,-1.0,-1.0,-1.0,-1.0,-1.0,-1.0,-1.0,-1.0,-1.0,-1.0,-1.0,-1.0,-1.0,-1.0,-1.0,-1.0,-1.0,-1.0,-1.0,-1.0,-1.0,-1.0,-1.0,-1.0,-1.0,-1.0,-1.0,-1.0,-1.0,-1.0,1174
M,DIVORCED,ESP,PRIMARY,THIN,TENANT_REDUCED,RETIRED,FAIR,N,N,N,N,N,N,N,N,N,NA,N,-1.0,-1.0,-1.0,-1.0,-1.0,-1.0,-1.0,-1.0,-1.0,-1.0,-1.0,-1.0,-1.0,-1.0,-1.0,-1.0,-1.0,-1.0,-1.0,-1.0,-1.0,-1.0,-1.0,-1.0,-1.0,-1.0,-1.0,-1.0,-1.0,-1.0,-1.0,-1.0,-1.0,-1.0,-1.0,-1.0,99817
M,DIVORCED,ESP,LOWER_SEC,THIN,TENANT_MARKET,RETIRED,FAIR,N,N,N,N,N,N,N,N,N,UNK,N,-1.0,-1.0,-1.0,-1.0,-1.0,-1.0,-1.0,-1.0,-1.0,-1.0,-1.0,-1.0,-1.0,-1.0,-1.0,-1.0,-1.0,-1.0,-1.0,-1.0,-1.0,-1.0,-1.0,-1.0,-1.0,-1.0,-1.0,-1.0,-1.0,-1.0,-1.0,-1.0,-1.0,-1.0,-1.0,-1.0,99990
M,WIDOWED,ESP,LOWER_SEC,THIN,TENANT_MARKET,RETIRED,POOR,N,N,N,N,N,N,N,N,N,UNK,N,-1.0,-1.0,-1.0,-1.0,-1.0,-1.0,-1.0,-1.0,-1.0,-1.0,-1.0,-1.0,-1.0,-1.0,-1.0,-1.0,-1.0,-1.0,-1.0,-1.0,-1.0,-1.0,-1.0,-1.0,-1.0,-1.0,-1.0,-1.0,-1.0,-1.0,-1.0,-1.0,-1.0,-1.0,-1.0,-1.0,32335
M,DIVORCED,ESP,PRIMARY,THIN,TENANT_REDUCED,OTHER_INACTIVE,POOR,N,N,N,N,N,N,N,N,N,UNK,N,-1.0,-1.0,-1.0,-1.0,-1.0,-1.0,-1.0,-1.0,-1.0,-1.0,-1.0,-1.0,-1.0,-1.0,-1.0,-1.0,-1.0,-1.0,-1.0,-1.0,-1.0,-1.0,-1.0,-1.0,-1.0,-1.0,-1.0,-1.0,-1.0,-1.0,-1.0,-1.0,-1.0,-1.0,-1.0,-1.0,62635
M,DIVORCED,ESP,PRIMARY,THIN,TENANT_MARKET,OTHER_INACTIVE,POOR,N,N,N,N,N,N,N,N,N,NA,N,-1.0,-1.0,-1.0,-1.0,-1.0,-1.0,-1.0,-1.0,-1.0,-1.0,-1.0,-1.0,-1.0,-1.0,-1.0,-1.0,-1.0,-1.0,-1.0,-1.0,-1.0,-1.0,-1.0,-1.0,-1.0,-1.0,-1.0,-1.0,-1.0,-1.0,-1.0,-1.0,-1.0,-1.0,-1.0,-1.0,30984
M,WIDOWED,ITA,LOWER_SEC,THIN,TENANT_REDUCED,OTHER_INACTIVE,POOR,N,N,N,N,N,N,N,N,N,UNK,N,-1.0,-1.0,-1.0,-1.0,-1.0,-1.0,-1.0,-1.0,-1.0,-1.0,-1.0,-1.0,-1.0,-1.0,-1.0,-1.0,-1.0,-1.0,-1.0,-1.0,-1.0,-1.0,-1.0,-1.0,-1.0,-1.0,-1.0,-1.0,-1.0,-1.0,-1.0,-1.0,-1.0,-1.0,-1.0,-1.0,22468
M,DIVORCED,ITA,PRIMARY,THIN,TENANT_REDUCED,RETIRED,FAIR,N,N,N,N,N,N,N,N,N,NA,N,-1.0,-1.0,-1.0,-1.0,-1.0,-1.0,-1.0,-1.0,-1.0,-1.0,-1.0,-1.0,-1.0,-1.0,-1.0,-1.0,-1.0,-1.0,-1.0,-1.0,-1.0,-1.0,-1.0,-1.0,-1.0,-1.0,-1.0,-1.0,-1.0,-1.0,-1.0,-1.0,-1.0,-1.0,-1.0,-1.0,79501
M,WIDOWED,ESP,PRIMARY,THIN,TENANT_REDUCED,RETIRED,POOR,N,N,N,N,N,N,N,N,N,UNK,N,-1.0,-1.0,-1.0,-1.0,-1.0,-1.0,-1.0,-1.0,-1.0,-1.0,-1.0,-1.0,-1.0,-1.0,-1.0,-1.0,-1.0,-1.0,-1.0,-1.0,-1.0,-1.0,-1.0,-1.0,-1.0,-1.0,-1.0,-1.0,-1.0,-1.0,-1.0,-1.0,-1.0,-1.0,-1.0,-1.0,63681
M,WIDOWED,ITA,PRIMARY,THIN,TENANT_MARKET,RETIRED,POOR,N,N,N,N,N,N,N,N,N,UNK,N,-1.0,-1.0,-1.0,-1.0,-1.0,-1.0,-1.0,-1.0,-1.0,-1.0,-1.0,-1.0,-1.0,-1.0,-1.0,-1.0,-1.0,-1.0,-1.0,-1.0,-1.0,-1.0,-1.0,-1.0,-1.0,-1.0,-1.0,-1.0,-1.0,-1.0,-1.0,-1.0,-1.0,-1.0,-1.0,-1.0,81418
M,WIDOWED,ESP,LOWER_SEC,THIN,TENANT_REDUCED,OTHER_INACTIVE,POOR,N,N,N,N,N,N,N,N,N,NA,N,-1.0,-1.0,-1.0,-1.0,-1.0,-1.0,-1.0,-1.0,-1.0,-1.0,-1.0,-1.0,-1.0,-1.0,-1.0,-1.0,-1.0,-1.0,-1.0,-1.0,-1.0,-1.0,-1.0,-1.0,-1.0,-1.0,-1.0,-1.0,-1.0,-1.0,-1.0,-1.0,-1.0,-1.0,-1.0,-1.0,99564
M,WIDOWED,ITA,LOWER_SEC,THIN,TENANT_MARKET,OTHER_INACTIVE,POOR,N,N,N,N,N,N,N,N,N,UNK,N,-1.0,-1.0,-1.0,-1.0,-1.0,-1.0,-1.0,-1.0,-1.0,-1.0,-1.0,-1.0,-1.0,-1.0,-1.0,-1.0,-1.0,-1.0,-1.0,-1.0,-1.0,-1.0,-1.0,-1.0,-1.0,-1.0,-1.0,-1.0,-1.0,-1.0,-1.0,-1.0,-1.0,-1.0,-1.0,-1.0,80613
M,WIDOWED,ITA,PRIMARY,THIN,TENANT_REDUCED,RETIRED,FAIR,N,N,N,N,N,N,N,N,N,UNK,N,-1.0,-1.0,-1.0,-1.0,-1.0,-1.0,-1.0,-1.0,-1.0,-1.0,-1.0,-1.0,-1.0,-1.0,-1.0,-1.0,-1.0,-1.0,-1.0,-1.0,-1.0,-1.0,-1.0,-1.0,-1.0,-1.0,-1.0,-1.0,-1.0,-1.0,-1.0,-1.0,-1.0,-1.0,-1.0,-1.0,9038
M,WIDOWED,ITA,PRIMARY,THIN,TENANT_MARKET,OTHER_INACTIVE,POOR,N,N,N,N,N,N,N,N,N,NA,N,-1.0,-1.0,-1.0,-1.0,-1.0,-1.0,-1.0,-1.0,-1.0,-1.0,-1.0,-1.0,-1.0,-1.0,-1.0,-1.0,-1.0,-1.0,-1.0,-1.0,-1.0,-1.0,-1.0,-1.0,-1.0,-1.0,-1.0,-1.0,-1.0,-1.0,-1.0,-1.0,-1.0,-1.0,-1.0,-1.0,26521
M,DIVORCED,ESP,PRIMARY,THIN,TENANT_MARKET,OTHER_INACTIVE,FAIR,N,N,N,N,N,N,N,N,N,NA,N,-1.0,-1.0,-1.0,-1.0,-1.0,-1.0,-1.0,-1.0,-1.0,-1.0,-1.0,-1.0,-1.0,-1.0,-1.0,-1.0,-1.0,-1.0,-1.0,-1.0,-1.0,-1.0,-1.0,-1.0,-1.0,-1.0,-1.0,-1.0,-1.0,-1.0,-1.0,-1.0,-1.0,-1.0,-1.0,-1.0,89674
M,DIVORCED,ITA,PRIMARY,THIN,TENANT_REDUCED,OTHER_INACTIVE,POOR,N,N,N,N,N,N,N,N,N,UNK,N,-1.0,-1.0,-1.0,-1.0,-1.0,-1.0,-1.0,-1.0,-1.0,-1.0,-1.0,-1.0,-1.0,-1.0,-1.0,-1.0,-1.0,-1.0,-1.0,-1.0,-1.0,-1.0,-1.0,-1.0,-1.0,-1.0,-1.0,-1.0,-1.0,-1.0,-1.0,-1.0,-1.0,-1.0,-1.0,-1.0,43362
M,DIVORCED,ESP,LOWER_SEC,THIN,TENANT_REDUCED,RETIRED,POOR,N,N,N,N,N,N,N,N,N,NA,N,-1.0,-1.0,-1.0,-1.0,-1.0,-1.0,-1.0,-1.0,-1.0,-1.0,-1.0,-1.0,-1.0,-1.0,-1.0,-1.0,-1.0,-1.0,-1.0,-1.0,-1.0,-1.0,-1.0,-1.0,-1.0,-1.0,-1.0,-1.0,-1.0,-1.0,-1.0,-1.0,-1.0,-1.0,-1.0,-1.0,70433
M,DIVORCED,ITA,LOWER_SEC,THIN,TENANT_MARKET,OTHER_INACTIVE,FAIR,N,N,N,N,N,N,N,N,N,NA,N,-1.0,-1.0,-1.0,-1.0,-1.0,-1.0,-1.0,-1.0,-1.0,-1.0,-1.0,-1.0,-1.0,-1.0,-1.0,-1.0,-1.0,-1.0,-1.0,-1.0,-1.0,-1.0,-1.0,-1.0,-1.0,-1.0,-1.0,-1.0,-1.0,-1.0,-1.0,-1.0,-1.0,-1.0,-1.0,-1.0,18169
M,DIVORCED,ESP,PRIMARY,THIN,TENANT_MARKET,OTHER_INACTIVE,FAIR,N,N,N,N,N,N,N,N,N,UNK,N,-1.0,-1.0,-1.0,-1.0,-1.0,-1.0,-1.0,-1.0,-1.0,-1.0,-1.0,-1.0,-1.0,-1.0,-1.0,-1.0,-1.0,-1.0,-1.0,-1.0,-1.0,-1.0,-1.0,-1.0,-1.0,-1.0,-1.0,-1.0,-1.0,-1.0,-1.0,-1.0,-1.0,-1.0,-1.0,-1.0,59398
M,DIVORCED,ITA,LOWER_SEC,THIN,TENANT_MARKET,OTHER_INACTIVE,POOR,N,N,N,N,N,N,N,N,N,UNK,N,-1.0,-1.0,-1.0,-1.0,-1.0,-1.0,-1.0,-1.0,-1.0,-1.0,-1.0,-1.0,-1.0,-1.0,-1.0,-1.0,-1.0,-1.0,-1.0,-1.0,-1.0,-1.0,-1.0,-1.0,-1.0,-1.0,-1.0,-1.0,-1.0,-1.0,-1.0,-1.0,-1.0,-1.0,-1.0,-1.0,14636
M,WIDOWED,ITA,PRIMARY,THIN,TENANT_REDUCED,OTHER_INACTIVE,FAIR,N,N,N,N,N,N,N,N,N,UNK,N,-1.0,-1.0,-1.0,-1.0,-1.0,-1.0,-1.0,-1.0,-1.0,-1.0,-1.0,-1.0,-1.0,-1.0,-1.0,-1.0,-1.0,-1.0,-1.0,-1.0,-1.0,-1.0,-1.0,-1.0,-1.0,-1.0,-1.0,-1.0,-1.0,-1.0,-1.0,-1.0,-1.0,-1.0,-1.0,-1.0,18925
M,DIVORCED,ITA,PRIMARY,THIN,TENANT_REDUCED,RETIRED,POOR,N,N,N,N,N,N,N,N,N,UNK,N,-1.0,-1.0,-1.0,-1.0,-1.0,-1.0,-1.0,-1.0,-1.0,-1.0,-1.0,-1.0,-1.0,-1.0,-1.0,-1.0,-1.0,-1.0,-1.0,-1.0,-1.0,-1.0,-1.0,-1.0,-1.0,-1.0,-1.0,-1.0,-1.0,-1.0,-1.0,-1.0,-1.0,-1.0,-1.0,-1.0,78528
M,DIVORCED,ITA,PRIMARY,THIN,TENANT_REDUCED,RETIRED,FAIR,N,N,N,N,N,N,N,N,N,NA,N,-1.0,-1.0,-1.0,-1.0,-1.0,-1.0,-1.0,-1.0,-1.0,-1.0,-1.0,-1.0,-1.0,-1.0,-1.0,-1.0,-1.0,-1.0,-1.0,-1.0,-1.0,-1.0,-1.0,-1.0,-1.0,-1.0,-1.0,-1.0,-1.0,-1.0,-1.0,-1.0,-1.0,-1.0,-1.0,-1.0,63381
M,WIDOWED,ITA,PRIMARY,THIN,TENANT_MARKET,RETIRED,FAIR,N,N,N,N,N,N,N,N,N,UNK,N,-1.0,-1.0,-1.0,-1.0,-1.0,-1.0,-1.0,-1.0,-1.0,-1.0,-1.0,-1.0,-1.0,-1.0,-1.0,-1.0,-1.0,-1.0,-1.0,-1.0,-1.0,-1.0,-1.0,-1.0,-1.0,-1.0,-1.0,-1.0,-1.0,-1.0,-1.0,-1.0,-1.0,-1.0,-1.0,-1.0,63103
M,DIVORCED,ESP,PRIMARY,THIN,TENANT_MARKET,RETIRED,FAIR,N,N,N,N,N,N,N,N,N,UNK,N,-1.0,-1.0,-1.0,-1.0,-1.0,-1.0,-1.0,-1.0,-1.0,-1.0,-1.0,-1.0,-1.0,-1.0,-1.0,-1.0,-1.0,-1.0,-1.0,-1.0,-1.0,-1.0,-1.0,-1.0,-1.0,-1.0,-1.0,-1.0,-1.0,-1.0,-1.0,-1.0,-1.0,-1.0,-1.0,-1.0,97350
M,DIVORCED,ESP,PRIMARY,THIN,TENANT_REDUCED,RETIRED,POOR,N,N,N,N,N,N,N,N,N,NA,N,-1.0,-1.0,-1.0,-1.0,-1.0,-1.0,-1.0,-1.0,-1.0,-1.0,-1.0,-1.0,-1.0,-1.0,-1.0,-1.0,-1.0,-1.0,-1.0,-1.0,-1.0,-1.0,-1.0,-1.0,-1.0,-1.0,-1.0,-1.0,-1.0,-1.0,-1.0,-1.0,-1.0,-1.0,-1.0,-1.0,74538
M,WIDOWED,ITA,PRIMARY,THIN,TENANT_MARKET,RETIRED,FAIR,N,N,N,N,N,N,N,N,N,UNK,N,-1.0,-1.0,-1.0,-1.0,-1.0,-1.0,-1.0,-1.0,-1.0,-1.0,-1.0,-1.0,-1.0,-1.0,-1.0,-1.0,-1.0,-1.0,-1.0,-1.0,-1.0,-1.0,-1.0,-1.0,-1.0,-1.0,-1.0,-1.0,-1.0,-1.0,-1.0,-1.0,-1.0,-1.0,-1.0,-1.0,79560
M,DIVORCED,ITA,LOWER_SEC,THIN,TENANT_REDUCED,OTHER_INACTIVE,POOR,N,N,N,N,N,N,N,N,N,NA,N,-1.0,-1.0,-1.0,-1.0,-1.0,-1.0,-1.0,-1.0,-1.0,-1.0,-1.0,-1.0,-1.0,-1.0,-1.0,-1.0,-1.0,-1.0,-1.0,-1.0,-1.0,-1.0,-1.0,-1.0,-1.0,-1.0,-1.0,-1.0,-1.0,-1.0,-1.0,-1.0,-1.0,-1.0,-1.0,-1.0,21239
M,DIVORCED,ESP,LOWER_SEC,THIN,TENANT_MARKET,RETIRED,POOR,N,N,N,N,N,N,N,N,N,UNK,N,-1.0,-1.0,-1.0,-1.0,-1.0,-1.0,-1.0,-1.0,-1.0,-1.0,-1.0,-1.0,-1.0,-1.0,-1.0,-1.0,-1.0,-1.0,-1.0,-1.0,-1.0,-1.0,-1.0,-1.0,-1.0,-1.0,-1.0,-1.0,-1.0,-1.0,-1.0,-1.0,-1.0,-1.0,-1.0,-1.0,76862
M,DIVORCED,ESP,PRIMARY,THIN,TENANT_MARKET,RETIRED,POOR,N,N,N,N,N,N,N,N,N,NA,N,-1.0,-1.0,-1.0,-1.0,-1.0,-1.0,-1.0,-1.0,-1.0,-1.0,-1.0,-1.0,-1.0,-1.0,-1.0,-1.0,-1.0,-1.0,-1.0,-1.0,-1.0,-1.0,-1.0,-1.0,-1.0,-1.0,-1.0,-1.0,-1.0,-1.0,-1.0,-1.0,-1.0,-1.0,-1.0,-1.0,25251
M,WIDOWED,ITA,PRIMARY,THIN,TENANT_REDUCED,RETIRED,POOR,N,N,N,N,N,N,N,N,N,UNK,N,-1.0,-1.0,-1.0,-1.0,-1.0,-1.0,-1.0,-1.0,-1.0,-1.0,-1.0,-1.0,-1.0,-1.0,-1.0,-1.0,-1.0,-1.0,-1.0,-1.0,-1.0,-1.0,-1.0,-1.0,-1.0,-1.0,-1.0,-1.0,-1.0,-1.0,-1.0,-1.0,-1.0,-1.0,-1.0,-1.0,93053
M,DIVORCED,ITA,PRIMARY,THIN,TENANT_MARKET,RETIRED,FAIR,N,N,N,N,N,N,N,N,N,UNK,N,-1.0,-1.0,-1.0,-1.0,-1.0,-1.0,-1.0,-1.0,-1.0,-1.0,-1.0,-1.0,-1.0,-1.0,-1.0,-1.0,-1.0,-1.0,-1.0,-1.0,-1.0,-1.0,-1.0,-1.0,-1.0,-1.0,-1.0,-1.0,-1.0,-1.0,-1.0,-1.0,-1.0,-1.0,-1.0,-1.0,10599
M,DIVORCED,ITA,LOWER_SEC,THIN,TENANT_REDUCED,OTHER_INACTIVE,POOR,N,N,N,N,N,N,N,N,N,UNK,N,-1.0,-1.0,-1.0,-1.0,-1.0,-1.0,-1.0,-1.0,-1.0,-1.0,-1.0,-1.0,-1.0,-1.0,-1.0,-1.0,-1.0,-1.0,-1.0,-1.0,-1.0,-1.0,-1.0,-1.0,-1.0,-1.0,-1.0,-1.0,-1.0,-1.0,-1.0,-1.0,-1.0,-1.0,-1.0,-1.0,79023
M,DIVORCED,ESP,PRIMARY,THIN,TENANT_REDUCED,RETIRED,POOR,N,N,N,N,N,N,N,N,N,UNK,N,-1.0,-1.0,-1.0,-1.0,-1.0,-1.0,-1.0,-1.0,-1.0,-1.0,-1.0,-1.0,-1.0,-1.0,-1.0,-1.0,-1.0,-1.0,-1.0,-1.0,-1.0,-1.0,-1.0,-1.0,-1.0,-1.0,-1.0,-1.0,-1.0,-1.0,-1.0,-1.0,-1.0,-1.0,-1.0,-1.0,25231
M,WIDOWED,ITA,LOWER_SEC,THIN,TENANT_MARKET,RETIRED,POOR,N,N,N,N,N,N,N,N,N,NA,N,-1.0,-1.0,-1.0,-1.0,-1.0,-1.0,-1.0,-1.0,-1.0,-1.0,-1.0,-1.0,-1.0,-1.0,-1.0,-1.0,-1.0,-1.0,-1.0,-1.0,-1.0,-1.0,-1.0,-1.0,-1.0,-1.0,-1.0,-1.0,-1.0,-1.0,-1.0,-1.0,-1.0,-1.0,-1.0,-1.0,90265
M,WIDOWED,ESP,LOWER_SEC,THIN,TENANT_MARKET,RETIRED,FAIR,N,N,N,N,N,N,N,N,N,NA,N,-1.0,-1.0,-1.0,-1.0,-1.0,-1.0,-1.0,-1.0,-1.0,-1.0,-1.0,-1.0,-1.0,-1.0,-1.0,-1.0,-1.0,-1.0,-1.0,-1.0,-1.0,-1.0,-1.0,-1.0,-1.0,-1.0,-1.0,-1.0,-1.0,-1.0,-1.0,-1.0,-1.0,-1.0,-1.0,-1.0,81604
M,DIVORCED,ESP,LOWER_SEC,THIN,TENANT_MARKET,RETIRED,FAIR,N,N,N,N,N,N,N,N,N,NA,N,-1.0,-1.0,-1.0,-1.0,-1.0,-1.0,-1.0,-1.0,-1.0,-1.0,-1.0,-1.0,-1.0,-1.0,-1.0,-1.0,-1.0,-1.0,-1.0,-1.0,-1.0,-1.0,-1.0,-1.0,-1.0,-1.0,-1.0,-1.0,-1.0,-1.0,-1.0,-1.0,-1.0,-1.0,-1.0,-1.0,95143
M,WIDOWED,ESP,PRIMARY,THIN,TENANT_REDUCED,RETIRED,FAIR,N,N,N,N,N,N,N,N,N,UNK,N,-1.0,-1.0,-1.0,-1.0,-1.0,-1.0,-1.0,-1.0,-1.0,-1.0,-1.0,-1.0,-1.0,-1.0,-1.0,-1.0,-1.0,-1.0,-1.0,-1.0,-1.0,-1.0,-1.0,-1.0,-1.0,-1.0,-1.0,-1.0,-1.0,-1.0,-1.0,-1.0,-1.0,-1.0,-1.0,-1.0,87937
M,WIDOWED,ESP,PRIMARY,THIN,TENANT_REDUCED,RETIRED,FAIR,N,N,N,N,N,N,N,N,N,UNK,N,-1.0,-1.0,-1.0,-1.0,-1.0,-1.0,-1.0,-1.0,-1.0,-1.0,-1.0,-1.0,-1.0,-1.0,-1.0,-1.0,-1.0,-1.0,-1.0,-1.0,-1.0,-1.0,-1.0,-1.0,-1.0,-1.0,-1.0,-1.0,-1.0,-1.0,-1.0,-1.0,-1.0,-1.0,-1.0,-1.0,18566
M,WIDOWED,ITA,PRIMARY,THIN,TENANT_MARKET,OTHER_INACTIVE,FAIR,N,N,N,N,N,N,N,N,N,NA,N,-1.0,-1.0,-1.0,-1.0,-1.0,-1.0,-1.0,-1.0,-1.0,-1.0,-1.0,-1.0,-1.0,-1.0,-1.0,-1.0,-1.0,-1.0,-1.0,-1.0,-1.0,-1.0,-1.0,-1.0,-1.0,-1.0,-1.0,-1.0,-1.0,-1.0,-1.0,-1.0,-1.0,-1.0,-1.0,-1.0,70112
M,WIDOWED,ITA,LOWER_SEC,THIN,TENANT_MARKET,RETIRED,FAIR,N,N,N,N,N,N,N,N,N,UNK,N,-1.0,-1.0,-1.0,-1.0,-1.0,-1.0,-1.0,-1.0,-1.0,-1.0,-1.0,-1.0,-1.0,-1.0,-1.0,-1.0,-1.0,-1.0,-1.0,-1.0,-1.0,-1.0,-1.0,-1.0,-1.0,-1.0,-1.0,-1.0,-1.0,-1.0,-1.0,-1.0,-1.0,-1.0,-1.0,-1.0,2288
M,WIDOWED,ITA,PRIMARY,THIN,TENANT_MARKET,OTHER_INACTIVE,POOR,N,N,N,N,N,N,N,N,N,UNK,N,-1.0,-1.0,-1.0,-1.0,-1.0,-1.0,-1.0,-1.0,-1.0,-1.0,-1.0,-1.0,-1.0,-1.0,-1.0,-1.0,-1.0,-1.0,-1.0,-1.0,-1.0,-1.0,-1.0,-1.0,-1.0,-1.0,-1.0,-1.0,-1.0,-1.0,-1.0,-1.0,-1.0,-1.0,-1.0,-1.0,25401
M,WIDOWED,ESP,LOWER_SEC,THIN,TENANT_REDUCED,OTHER_INACTIVE,POOR,N,N,N,N,N,N,N,N,N,UNK,N,-1.0,-1.0,-1.0,-1.0,-1.0,-1.0,-1.0,-1.0,-1.0,-1.0,-1.0,-1.0,-1.0,-1.0,-1.0,-1.0,-1.0,-1.0,-1.0,-1.0,-1.0,-1.0,-1.0,-1.0,-1.0,-1.0,-1.0,-1.0,-1.0,-1.0,-1.0,-1.0,-1.0,-1.0,-1.0,-1.0,94200
M,WIDOWED,ESP,LOWER_SEC,THIN,TENANT_MARKET,OTHER_INACTIVE,FAIR,N,N,N,N,N,N,N,N,N,NA,N,-1.0,-1.0,-1.0,-1.0,-1.0,-1.0,-1.0,-1.0,-1.0,-1.0,-1.0,-1.0,-1.0,-1.0,-1.0,-1.0,-1.0,-1.0,-1.0,-1.0,-1.0,-1.0,-1.0,-1.0,-1.0,-1.0,-1.0,-1.0,-1.0,-1.0,-1.0,-1.0,-1.0,-1.0,-1.0,-1.0,73866
M,DIVORCED,ESP,LOWER_SEC,THIN,TENANT_REDUCED,OTHER_INACTIVE,FAIR,N,N,N,N,N,N,N,N,N,NA,N,-1.0,-1.0,-1.0,-1.0,-1.0,-1.0,-1.0,-1.0,-1.0,-1.0,-1.0,-1.0,-1.0,-1.0,-1.0,-1.0,-1.0,-1.0,-1.0,-1.0,-1.0,-1.0,-1.0,-1.0,-1.0,-1.0,-1.0,-1.0,-1.0,-1.0,-1.0,-1.0,-1.0,-1.0,-1.0,-1.0,33769
M,WIDOWED,ITA,PRIMARY,THIN,TENANT_REDUCED,RETIRED,POOR,N,N,N,N,N,N,N,N,N,NA,N,-1.0,-1.0,-1.0,-1.0,-1.0,-1.0,-1.0,-1.0,-1.0,-1.0,-1.0,-1.0,-1.0,-1.0,-1.0,-1.0,-1.0,-1.0,-1.0,-1.0,-1.0,-1.0,-1.0,-1.0,-1.0,-1.0,-1.0,-1.0,-1.0,-1.0,-1.0,-1.0,-1.0,-1.0,-1.0,-1.0,18803
M,DIVORCED,ITA,PRIMARY,THIN,TENANT_MARKET,OTHER_INACTIVE,FAIR,N,N,N,N,N,N,N,N,N,UNK,N,-1.0,-1.0,-1.0,-1.0,-1.0,-1.0,-1.0,-1.0,-1.0,-1.0,-1.0,-1.0,-1.0,-1.0,-1.0,-1.0,-1.0,-1.0,-1.0,-1.0,-1.0,-1.0,-1.0,-1.0,-1.0,-1.0,-1.0,-1.0,-1.0,-1.0,-1.0,-1.0,-1.0,-1.0,-1.0,-1.0,86748
M,DIVORCED,ITA,PRIMARY,THIN,TENANT_MARKET,RETIRED,FAIR,N,N,N,N,N,N,N,N,N,UNK,N,-1.0,-1.0,-1.0,-1.0,-1.0,-1.0,-1.0,-1.0,-1.0,-1.0,-1.0,-1.0,-1.0,-1.0,-1.0,-1.0,-1.0,-1.0,-1.0,-1.0,-1.0,-1.0,-1.0,-1.0,-1.0,-1.0,-1.0,-1.0,-1.0,-1.0,-1.0,-1.0,-1.0,-1.0,-1.0,-1.0,26479
M,DIVORCED,ITA,PRIMARY,THIN,TENANT_REDUCED,OTHER_INACTIVE,POOR,N,N,N,N,N,N,N,N,N,NA,N,-1.0,-1.0,-1.0,-1.0,-1.0,-1.0,-1.0,-1.0,-1.0,-1.0,-1.0,-1.0,-1.0,-1.0,-1.0,-1.0,-1.0,-1.0,-1.0,-1.0,-1.0,-1.0,-1.0,-1.0,-1.0,-1.0,-1.0,-1.0,-1.0,-1.0,-1.0,-1.0,-1.0,-1.0,-1.0,-1.0,50441
M,DIVORCED,ITA,LOWER_SEC,THIN,TENANT_MARKET,OTHER_INACTIVE,POOR,N,N,N,N,N,N,N,N,N,NA,N,-1.0,-1.0,-1.0,-1.0,-1.0,-1.0,-1.0,-1.0,-1.0,-1.0,-1.0,-1.0,-1.0,-1.0,-1.0,-1.0,-1.0,-1.0,-1.0,-1.0,-1.0,-1.0,-1.0,-1.0,-1.0,-1.0,-1.0,-1.0,-1.0,-1.0,-1.0,-1.0,-1.0,-1.0,-1.0,-1.0,57373
M,WIDOWED,ESP,PRIMARY,THIN,TENANT_MARKET,RETIRED,FAIR,N,N,N,N,N,N,N,N,N,NA,N,-1.0,-1.0,-1.0,-1.0,-1.0,-1.0,-1.0,-1.0,-1.0,-1.0,-1.0,-1.0,-1.0,-1.0,-1.0,-1.0,-1.0,-1.0,-1.0,-1.0,-1.0,-1.0,-1.0,-1.0,-1.0,-1.0,-1.0,-1.0,-1.0,-1.0,-1.0,-1.0,-1.0,-1.0,-1.0,-1.0,89074
M,DIVORCED,ESP,LOWER_SEC,THIN,TENANT_REDUCED,OTHER_INACTIVE,POOR,N,N,N,N,N,N,N,N,N,NA,N,-1.0,-1.0,-1.0,-1.0,-1.0,-1.0,-1.0,-1.0,-1.0,-1.0,-1.0,-1.0,-1.0,-1.0,-1.0,-1.0,-1.0,-1.0,-1.0,-1.0,-1.0,-1.0,-1.0,-1.0,-1.0,-1.0,-1.0,-1.0,-1.0,-1.0,-1.0,-1.0,-1.0,-1.0,-1.0,-1.0,53068
M,WIDOWED,ESP,PRIMARY,THIN,TENANT_MARKET,OTHER_INACTIVE,POOR,N,N,N,N,N,N,N,N,N,UNK,N,-1.0,-1.0,-1.0,-1.0,-1.0,-1.0,-1.0,-1.0,-1.0,-1.0,-1.0,-1.0,-1.0,-1.0,-1.0,-1.0,-1.0,-1.0,-1.0,-1.0,-1.0,-1.0,-1.0,-1.0,-1.0,-1.0,-1.0,-1.0,-1.0,-1.0,-1.0,-1.0,-1.0,-1.0,-1.0,-1.0,94412
M,DIVORCED,ITA,PRIMARY,THIN,TENANT_MARKET,RETIRED,POOR,N,N,N,N,N,N,N,N,N,UNK,N,-1.0,-1.0,-1.0,-1.0,-1.0,-1.0,-1.0,-1.0,-1.0,-1.0,-1.0,-1.0,-1.0,-1.0,-1.0,-1.0,-1.0,-1.0,-1.0,-1.0,-1.0,-1.0,-1.0,-1.0,-1.0,-1.0,-1.0,-1.0,-1.0,-1.0,-1.0,-1.0,-1.0,-1.0,-1.0,-1.0,64808
M,WIDOWED,ITA,PRIMARY,THIN,TENANT_MARKET,RETIRED,FAIR,N,N,N,N,N,N,N,N,N,NA,N,-1.0,-1.0,-1.0,-1.0,-1.0,-1.0,-1.0,-1.0,-1.0,-1.0,-1.0,-1.0,-1.0,-1.0,-1.0,-1.0,-1.0,-1.0,-1.0,-1.0,-1.0,-1.0,-1.0,-1.0,-1.0,-1.0,-1.0,-1.0,-1.0,-1.0,-1.0,-1.0,-1.0,-1.0,-1.0,-1.0,82000
M,WIDOWED,ESP,LOWER_SEC,THIN,TENANT_MARKET,RETIRED,FAIR,N,N,N,N,N,N,N,N,N,UNK,N,-1.0,-1.0,-1.0,-1.0,-1.0,-1.0,-1.0,-1.0,-1.0,-1.0,-1.0,-1.0,-1.0,-1.0,-1.0,-1.0,-1.0,-1.0,-1.0,-1.0,-1.0,-1.0,-1.0,-1.0,-1.0,-1.0,-1.0,-1.0,-1.0,-1.0,-1.0,-1.0,-1.0,-1.0,-1.0,-1.0,94696
M,DIVORCED,ESP,LOWER_SEC,THIN,TENANT_MARKET,RETIRED,POOR,N,N,N,N,N,N,N,N,N,UNK,N,-1.0,-1.0,-1.0,-1.0,-1.0,-1.0,-1.0,-1.0,-1.0,-1.0,-1.0,-1.0,-1.0,-1.0,-1.0,-1.0,-1.0,-1.0,-1.0,-1.0,-1.0,-1.0,-1.0,-1.0,-1.0,-1.0,-1.0,-1.0,-1.0,-1.0,-1.0,-1.0,-1.0,-1.0,-1.0,-1.0,54784
M,DIVORCED,ESP,LOWER_SEC,THIN,TENANT_REDUCED,OTHER_INACTIVE,POOR,N,N,N,N,N,N,N,N,N,NA,N,-1.0,-1.0,-1.0,-1.0,-1.0,-1.0,-1.0,-1.0,-1.0,-1.0,-1.0,-1.0,-1.0,-1.0,-1.0,-1.0,-1.0,-1.0,-1.0,-1.0,-1.0,-1.0,-1.0,-1.0,-1.0,-1.0,-1.0,-1.0,-1.0,-1.0,-1.0,-1.0,-1.0,-1.0,-1.0,-1.0,91973
M,DIVORCED,ITA,PRIMARY,THIN,TENANT_REDUCED,RETIRED,POOR,N,N,N,N,N,N,N,N,N,NA,N,-1.0,-1.0,-1.0,-1.0,-1.0,-1.0,-1.0,-1.0,-1.0,-1.0,-1.0,-1.0,-1.0,-1.0,-1.0,-1.0,-1.0,-1.0,-1.0,-1.0,-1.0,-1.0,-1.0,-1.0,-1.0,-1.0,-1.0,-1.0,-1.0,-1.0,-1.0,-1.0,-1.0,-1.0,-1.0,-1.0,34247
M,DIVORCED,ITA,PRIMARY,THIN,TENANT_MARKET,RETIRED,FAIR,N,N,N,N,N,N,N,N,N,UNK,N,-1.0,-1.0,-1.0,-1.0,-1.0,-1.0,-1.0,-1.0,-1.0,-1.0,-1.0,-1.0,-1.0,-1.0,-1.0,-1.0,-1.0,-1.0,-1.0,-1.0,-1.0,-1.0,-1.0,-1.0,-1.0,-1.0,-1.0,-1.0,-1.0,-1.0,-1.0,-1.0,-1.0,-1.0,-1.0,-1.0,47224
M,DIVORCED,ESP,PRIMARY,THIN,TENANT_MARKET,RETIRED,FAIR,N,N,N,N,N,N,N,N,N,UNK,N,-1.0,-1.0,-1.0,-1.0,-1.0,-1.0,-1.0,-1.0,-1.0,-1.0,-1.0,-1.0,-1.0,-1.0,-1.0,-1.0,-1.0,-1.0,-1.0,-1.0,-1.0,-1.0,-1.0,-1.0,-1.0,-1.0,-1.0,-1.0,-1.0,-1.0,-1.0,-1.0,-1.0,-1.0,-1.0,-1.0,50673
M,DIVORCED,ITA,LOWER_SEC,THIN,TENANT_REDUCED,OTHER_INACTIVE,FAIR,N,N,N,N,N,N,N,N,N,NA,N,-1.0,-1.0,-1.0,-1.0,-1.0,-1.0,-1.0,-1.0,-1.0,-1.0,-1.0,-1.0,-1.0,-1.0,-1.0,-1.0,-1.0,-1.0,-1.0,-1.0,-1.0,-1.0,-1.0,-1.0,-1.0,-1.0,-1.0,-1.0,-1.0,-1.0,-1.0,-1.0,-1.0,-1.0,-1.0,-1.0,72629
M,WIDOWED,ITA,LOWER_SEC,THIN,TENANT_MARKET,OTHER_INACTIVE,FAIR,N,N,N,N,N,N,N,N,N,NA,N,-1.0,-1.0,-1.0,-1.0,-1.0,-1.0,-1.0,-1.0,-1.0,-1.0,-1.0,-1.0,-1.0,-1.0,-1.0,-1.0,-1.0,-1.0,-1.0,-1.0,-1.0,-1.0,-1.0,-1.0,-1.0,-1.0,-1.0,-1.0,-1.0,-1.0,-1.0,-1.0,-1.0,-1.0,-1.0,-1.0,56769
